
  .   ____          _            __ _ _
 /\\ / ___'_ __ _ _(_)_ __  __ _ \ \ \ \
( ( )\___ | '_ | '_| | '_ \/ _` | \ \ \ \
 \\/  ___)| |_)| | | | | || (_| |  ) ) ) )
  '  |____| .__|_| |_|_| |_\__, | / / / /
 =========|_|==============|___/=/_/_/_/

 :: Spring Boot ::               (v3.5.11)

2026-05-08T15:55:25.812-07:00  INFO 19992 --- [           main] c.e.c.CampConnectBackEndApplication      : Starting CampConnectBackEndApplication v0.0.1-SNAPSHOT using Java 17.0.11 with PID 19992 (C:\Users\Lenovo\Desktop\PI\CampConnect\CampConnect_BackEnd\target\CampConnect_BackEnd-0.0.1-SNAPSHOT.jar started by Lenovo in C:\Users\Lenovo\Desktop\PI\CampConnect\CampConnect_BackEnd)
2026-05-08T15:55:25.834-07:00  INFO 19992 --- [           main] c.e.c.CampConnectBackEndApplication      : No active profile set, falling back to 1 default profile: "default"
2026-05-08T15:55:25.836-07:00 DEBUG 19992 --- [           main] o.s.boot.SpringApplication               : Loading source class com.example.campconnect_backend.CampConnectBackEndApplication
2026-05-08T15:55:26.039-07:00 DEBUG 19992 --- [           main] ConfigServletWebServerApplicationContext : Refreshing org.springframework.boot.web.servlet.context.AnnotationConfigServletWebServerApplicationContext@3af0a9da
2026-05-08T15:55:28.920-07:00  INFO 19992 --- [           main] .s.d.r.c.RepositoryConfigurationDelegate : Bootstrapping Spring Data JPA repositories in DEFAULT mode.
2026-05-08T15:55:28.972-07:00 DEBUG 19992 --- [           main] o.s.b.a.AutoConfigurationPackages        : @EnableAutoConfiguration was declared on a class in the package 'com.example.campconnect_backend'. Automatic @Repository and @Entity scanning is enabled.
2026-05-08T15:55:29.070-07:00  INFO 19992 --- [           main] .s.d.r.c.RepositoryConfigurationDelegate : Finished Spring Data repository scanning in 128 ms. Found 6 JPA repository interfaces.
2026-05-08T15:55:30.291-07:00 DEBUG 19992 --- [           main] .s.b.w.e.t.TomcatServletWebServerFactory : Code archive: C:\Users\Lenovo\Desktop\PI\CampConnect\CampConnect_BackEnd\target\CampConnect_BackEnd-0.0.1-SNAPSHOT.jar
2026-05-08T15:55:30.292-07:00 DEBUG 19992 --- [           main] .s.b.w.e.t.TomcatServletWebServerFactory : Code archive: C:\Users\Lenovo\Desktop\PI\CampConnect\CampConnect_BackEnd\target\CampConnect_BackEnd-0.0.1-SNAPSHOT.jar
2026-05-08T15:55:30.293-07:00 DEBUG 19992 --- [           main] .s.b.w.e.t.TomcatServletWebServerFactory : None of the document roots [src/main/webapp, public, static] point to a directory and will be ignored.
2026-05-08T15:55:30.370-07:00  INFO 19992 --- [           main] o.s.b.w.embedded.tomcat.TomcatWebServer  : Tomcat initialized with port 8080 (http)
2026-05-08T15:55:30.399-07:00  INFO 19992 --- [           main] o.apache.catalina.core.StandardService   : Starting service [Tomcat]
2026-05-08T15:55:30.399-07:00  INFO 19992 --- [           main] o.apache.catalina.core.StandardEngine    : Starting Servlet engine: [Apache Tomcat/10.1.52]
2026-05-08T15:55:30.471-07:00  INFO 19992 --- [           main] o.a.c.c.C.[Tomcat].[localhost].[/]       : Initializing Spring embedded WebApplicationContext
2026-05-08T15:55:30.471-07:00 DEBUG 19992 --- [           main] w.s.c.ServletWebServerApplicationContext : Published root WebApplicationContext as ServletContext attribute with name [org.springframework.web.context.WebApplicationContext.ROOT]
2026-05-08T15:55:30.473-07:00  INFO 19992 --- [           main] w.s.c.ServletWebServerApplicationContext : Root WebApplicationContext: initialization completed in 4432 ms
2026-05-08T15:55:30.526-07:00 DEBUG 19992 --- [           main] o.s.b.w.s.ServletContextInitializerBeans : Mapping filters: characterEncodingFilter urls=[/*] order=-2147483648, formContentFilter urls=[/*] order=-9900, requestContextFilter urls=[/*] order=-105, corsFilter urls=[/*] order=2147483647
2026-05-08T15:55:30.527-07:00 DEBUG 19992 --- [           main] o.s.b.w.s.ServletContextInitializerBeans : Mapping servlets: dispatcherServlet urls=[/]
2026-05-08T15:55:30.572-07:00 DEBUG 19992 --- [           main] o.s.b.w.s.f.OrderedRequestContextFilter  : Filter 'requestContextFilter' configured for use
2026-05-08T15:55:30.578-07:00 DEBUG 19992 --- [           main] o.springframework.web.filter.CorsFilter  : Filter 'corsFilter' configured for use
2026-05-08T15:55:30.579-07:00 DEBUG 19992 --- [           main] s.b.w.s.f.OrderedCharacterEncodingFilter : Filter 'characterEncodingFilter' configured for use
2026-05-08T15:55:30.580-07:00 DEBUG 19992 --- [           main] o.s.b.w.s.f.OrderedFormContentFilter     : Filter 'formContentFilter' configured for use
2026-05-08T15:55:30.670-07:00  INFO 19992 --- [           main] com.zaxxer.hikari.HikariDataSource       : HikariPool-1 - Starting...
2026-05-08T15:55:31.247-07:00  INFO 19992 --- [           main] com.zaxxer.hikari.pool.HikariPool        : HikariPool-1 - Added connection com.mysql.cj.jdbc.ConnectionImpl@59d0cdb6
2026-05-08T15:55:31.252-07:00  INFO 19992 --- [           main] com.zaxxer.hikari.HikariDataSource       : HikariPool-1 - Start completed.
2026-05-08T15:55:31.446-07:00  INFO 19992 --- [           main] o.hibernate.jpa.internal.util.LogHelper  : HHH000204: Processing PersistenceUnitInfo [name: default]
2026-05-08T15:55:31.553-07:00  INFO 19992 --- [           main] org.hibernate.Version                    : HHH000412: Hibernate ORM core version 6.6.42.Final
2026-05-08T15:55:31.627-07:00  INFO 19992 --- [           main] o.h.c.internal.RegionFactoryInitiator    : HHH000026: Second-level cache disabled
2026-05-08T15:55:32.175-07:00  INFO 19992 --- [           main] o.s.o.j.p.SpringPersistenceUnitInfo      : No LoadTimeWeaver setup: ignoring JPA class transformer
2026-05-08T15:55:32.290-07:00  WARN 19992 --- [           main] org.hibernate.dialect.Dialect            : HHH000511: The 5.5.5 version for [org.hibernate.dialect.MySQLDialect] is no longer supported, hence certain features may not work properly. The minimum supported version is 8.0.0. Check the community dialects project for available legacy versions.
2026-05-08T15:55:32.301-07:00  WARN 19992 --- [           main] org.hibernate.orm.deprecation            : HHH90000025: MySQLDialect does not need to be specified explicitly using 'hibernate.dialect' (remove the property setting and it will be selected by default)
2026-05-08T15:55:32.330-07:00  INFO 19992 --- [           main] org.hibernate.orm.connections.pooling    : HHH10001005: Database info:
	Database JDBC URL [Connecting through datasource 'HikariDataSource (HikariPool-1)']
	Database driver: undefined/unknown
	Database version: 5.5.5
	Autocommit mode: undefined/unknown
	Isolation level: undefined/unknown
	Minimum pool size: undefined/unknown
	Maximum pool size: undefined/unknown
2026-05-08T15:55:34.190-07:00  INFO 19992 --- [           main] o.h.e.t.j.p.i.JtaPlatformInitiator       : HHH000489: No JTA platform available (set 'hibernate.transaction.jta.platform' to enable JTA platform integration)
2026-05-08T15:55:34.194-07:00  INFO 19992 --- [           main] j.LocalContainerEntityManagerFactoryBean : Initialized JPA EntityManagerFactory for persistence unit 'default'
2026-05-08T15:55:34.765-07:00  INFO 19992 --- [           main] o.s.d.j.r.query.QueryEnhancerFactory     : Hibernate is in classpath; If applicable, HQL parser will be used.
2026-05-08T15:55:36.193-07:00 DEBUG 19992 --- [           main] o.s.w.s.s.s.WebSocketHandlerMapping      : Patterns [/ws/**] in 'stompWebSocketHandlerMapping'
2026-05-08T15:55:36.243-07:00  WARN 19992 --- [           main] JpaBaseConfiguration$JpaWebConfiguration : spring.jpa.open-in-view is enabled by default. Therefore, database queries may be performed during view rendering. Explicitly configure spring.jpa.open-in-view to disable this warning
2026-05-08T15:55:36.310-07:00 DEBUG 19992 --- [           main] .WebSocketAnnotationMethodMessageHandler : 
	c.e.c.C.AiMatchingController:
	
2026-05-08T15:55:36.311-07:00 DEBUG 19992 --- [           main] .WebSocketAnnotationMethodMessageHandler : 
	c.e.c.C.GroupMatchController:
	
2026-05-08T15:55:36.319-07:00 DEBUG 19992 --- [           main] .WebSocketAnnotationMethodMessageHandler : 
	c.e.c.C.MessageController:
	{[MESSAGE],[/chat.private]}: handlePrivate(WsPayload)
	{[MESSAGE],[/chat.group]}: handleGroup(WsPayload)
2026-05-08T15:55:36.322-07:00 DEBUG 19992 --- [           main] .WebSocketAnnotationMethodMessageHandler : 
	c.e.c.C.UserController:
	
2026-05-08T15:55:36.322-07:00 DEBUG 19992 --- [           main] .WebSocketAnnotationMethodMessageHandler : 
	c.e.c.C.UserParticipantController:
	
2026-05-08T15:55:36.323-07:00 DEBUG 19992 --- [           main] .WebSocketAnnotationMethodMessageHandler : 
	c.e.c.C.UserPreferenceController:
	
2026-05-08T15:55:36.329-07:00 DEBUG 19992 --- [           main] .WebSocketAnnotationMethodMessageHandler : 
	o.s.b.a.w.s.e.BasicErrorController:
	
2026-05-08T15:55:36.532-07:00 DEBUG 19992 --- [           main] s.w.s.m.m.a.RequestMappingHandlerMapping : 39 mappings in 'requestMappingHandlerMapping'
2026-05-08T15:55:36.614-07:00 DEBUG 19992 --- [           main] o.s.w.s.handler.SimpleUrlHandlerMapping  : Patterns [/webjars/**, /**] in 'resourceHandlerMapping'
2026-05-08T15:55:36.667-07:00 DEBUG 19992 --- [           main] s.w.s.m.m.a.RequestMappingHandlerAdapter : ControllerAdvice beans: 0 @ModelAttribute, 0 @InitBinder, 1 RequestBodyAdvice, 1 ResponseBodyAdvice
2026-05-08T15:55:36.810-07:00 DEBUG 19992 --- [           main] .m.m.a.ExceptionHandlerExceptionResolver : ControllerAdvice beans: 0 @ExceptionHandler, 1 ResponseBodyAdvice
2026-05-08T15:55:37.015-07:00 DEBUG 19992 --- [           main] org.springframework.web.SimpLogging      : clientOutboundChannel added SubProtocolWebSocketHandler[StompSubProtocolHandler[v10.stomp, v11.stomp, v12.stomp]]
2026-05-08T15:55:37.016-07:00 DEBUG 19992 --- [           main] org.springframework.web.SimpLogging      : clientInboundChannel added WebSocketAnnotationMethodMessageHandler[prefixes=[/app/]]
2026-05-08T15:55:37.017-07:00  INFO 19992 --- [           main] o.s.m.s.b.SimpleBrokerMessageHandler     : Starting...
2026-05-08T15:55:37.017-07:00 DEBUG 19992 --- [           main] org.springframework.web.SimpLogging      : clientInboundChannel added SimpleBrokerMessageHandler [org.springframework.messaging.simp.broker.DefaultSubscriptionRegistry@299a2968]
2026-05-08T15:55:37.018-07:00 DEBUG 19992 --- [           main] org.springframework.web.SimpLogging      : brokerChannel added SimpleBrokerMessageHandler [org.springframework.messaging.simp.broker.DefaultSubscriptionRegistry@299a2968]
2026-05-08T15:55:37.020-07:00  INFO 19992 --- [           main] o.s.m.s.b.SimpleBrokerMessageHandler     : BrokerAvailabilityEvent[available=true, SimpleBrokerMessageHandler [org.springframework.messaging.simp.broker.DefaultSubscriptionRegistry@299a2968]]
2026-05-08T15:55:37.022-07:00  INFO 19992 --- [           main] o.s.m.s.b.SimpleBrokerMessageHandler     : Started.
2026-05-08T15:55:37.023-07:00 DEBUG 19992 --- [           main] org.springframework.web.SimpLogging      : clientInboundChannel added UserDestinationMessageHandler[DefaultUserDestinationResolver[prefix=/user/]]
2026-05-08T15:55:37.023-07:00 DEBUG 19992 --- [           main] org.springframework.web.SimpLogging      : brokerChannel added UserDestinationMessageHandler[DefaultUserDestinationResolver[prefix=/user/]]
2026-05-08T15:55:37.126-07:00  INFO 19992 --- [           main] o.s.b.w.embedded.tomcat.TomcatWebServer  : Tomcat started on port 8080 (http) with context path '/'
2026-05-08T15:55:37.150-07:00 DEBUG 19992 --- [           main] .s.b.a.l.ConditionEvaluationReportLogger : 


============================
CONDITIONS EVALUATION REPORT
============================


Positive matches:
-----------------

   AopAutoConfiguration matched:
      - @ConditionalOnBooleanProperty (spring.aop.auto=true) matched (OnPropertyCondition)

   AopAutoConfiguration.AspectJAutoProxyingConfiguration matched:
      - @ConditionalOnClass found required class 'org.aspectj.weaver.Advice' (OnClassCondition)

   AopAutoConfiguration.AspectJAutoProxyingConfiguration.CglibAutoProxyConfiguration matched:
      - @ConditionalOnBooleanProperty (spring.aop.proxy-target-class=true) matched (OnPropertyCondition)

   ApplicationAvailabilityAutoConfiguration#applicationAvailability matched:
      - @ConditionalOnMissingBean (types: org.springframework.boot.availability.ApplicationAvailability; SearchStrategy: all) did not find any beans (OnBeanCondition)

   DataSourceAutoConfiguration matched:
      - @ConditionalOnClass found required classes 'javax.sql.DataSource', 'org.springframework.jdbc.datasource.embedded.EmbeddedDatabaseType' (OnClassCondition)
      - @ConditionalOnMissingBean (types: io.r2dbc.spi.ConnectionFactory; SearchStrategy: all) did not find any beans (OnBeanCondition)

   DataSourceAutoConfiguration.PooledDataSourceConfiguration matched:
      - AnyNestedCondition 1 matched 1 did not; NestedCondition on DataSourceAutoConfiguration.PooledDataSourceCondition.PooledDataSourceAvailable PooledDataSource found supported DataSource; NestedCondition on DataSourceAutoConfiguration.PooledDataSourceCondition.ExplicitType @ConditionalOnProperty (spring.datasource.type) did not find property 'spring.datasource.type' (DataSourceAutoConfiguration.PooledDataSourceCondition)
      - @ConditionalOnMissingBean (types: javax.sql.DataSource,javax.sql.XADataSource; SearchStrategy: all) did not find any beans (OnBeanCondition)

   DataSourceAutoConfiguration.PooledDataSourceConfiguration#jdbcConnectionDetails matched:
      - @ConditionalOnMissingBean (types: org.springframework.boot.autoconfigure.jdbc.JdbcConnectionDetails; SearchStrategy: all) did not find any beans (OnBeanCondition)

   DataSourceConfiguration.Hikari matched:
      - @ConditionalOnClass found required class 'com.zaxxer.hikari.HikariDataSource' (OnClassCondition)
      - @ConditionalOnProperty (spring.datasource.type=com.zaxxer.hikari.HikariDataSource) matched (OnPropertyCondition)
      - @ConditionalOnMissingBean (types: javax.sql.DataSource; SearchStrategy: all) did not find any beans (OnBeanCondition)

   DataSourceInitializationConfiguration matched:
      - @ConditionalOnClass found required class 'org.springframework.jdbc.datasource.init.DatabasePopulator' (OnClassCondition)
      - @ConditionalOnSingleCandidate (types: javax.sql.DataSource; SearchStrategy: all) found a single bean 'dataSource'; @ConditionalOnMissingBean (types: org.springframework.boot.autoconfigure.sql.init.SqlDataSourceScriptDatabaseInitializer,org.springframework.boot.autoconfigure.sql.init.SqlR2dbcScriptDatabaseInitializer; SearchStrategy: all) did not find any beans (OnBeanCondition)

   DataSourcePoolMetadataProvidersConfiguration.HikariPoolDataSourceMetadataProviderConfiguration matched:
      - @ConditionalOnClass found required class 'com.zaxxer.hikari.HikariDataSource' (OnClassCondition)

   DataSourceTransactionManagerAutoConfiguration matched:
      - @ConditionalOnClass found required classes 'javax.sql.DataSource', 'org.springframework.jdbc.core.JdbcTemplate', 'org.springframework.transaction.TransactionManager' (OnClassCondition)

   DataSourceTransactionManagerAutoConfiguration.JdbcTransactionManagerConfiguration matched:
      - @ConditionalOnSingleCandidate (types: javax.sql.DataSource; SearchStrategy: all) found a single bean 'dataSource' (OnBeanCondition)

   DispatcherServletAutoConfiguration matched:
      - @ConditionalOnClass found required class 'org.springframework.web.servlet.DispatcherServlet' (OnClassCondition)
      - found 'session' scope (OnWebApplicationCondition)

   DispatcherServletAutoConfiguration.DispatcherServletConfiguration matched:
      - @ConditionalOnClass found required class 'jakarta.servlet.ServletRegistration' (OnClassCondition)
      - Default DispatcherServlet did not find dispatcher servlet beans (DispatcherServletAutoConfiguration.DefaultDispatcherServletCondition)

   DispatcherServletAutoConfiguration.DispatcherServletRegistrationConfiguration matched:
      - @ConditionalOnClass found required class 'jakarta.servlet.ServletRegistration' (OnClassCondition)
      - DispatcherServlet Registration did not find servlet registration bean (DispatcherServletAutoConfiguration.DispatcherServletRegistrationCondition)

   DispatcherServletAutoConfiguration.DispatcherServletRegistrationConfiguration#dispatcherServletRegistration matched:
      - @ConditionalOnBean (names: dispatcherServlet types: org.springframework.web.servlet.DispatcherServlet; SearchStrategy: all) found bean 'dispatcherServlet' (OnBeanCondition)

   EmbeddedWebServerFactoryCustomizerAutoConfiguration matched:
      - @ConditionalOnWebApplication (required) found 'session' scope (OnWebApplicationCondition)
      - @ConditionalOnWarDeployment the application is not deployed as a WAR file. (OnWarDeploymentCondition)

   EmbeddedWebServerFactoryCustomizerAutoConfiguration.TomcatWebServerFactoryCustomizerConfiguration matched:
      - @ConditionalOnClass found required classes 'org.apache.catalina.startup.Tomcat', 'org.apache.coyote.UpgradeProtocol' (OnClassCondition)

   ErrorMvcAutoConfiguration matched:
      - @ConditionalOnClass found required classes 'jakarta.servlet.Servlet', 'org.springframework.web.servlet.DispatcherServlet' (OnClassCondition)
      - found 'session' scope (OnWebApplicationCondition)

   ErrorMvcAutoConfiguration#basicErrorController matched:
      - @ConditionalOnMissingBean (types: org.springframework.boot.web.servlet.error.ErrorController; SearchStrategy: current) did not find any beans (OnBeanCondition)

   ErrorMvcAutoConfiguration#errorAttributes matched:
      - @ConditionalOnMissingBean (types: org.springframework.boot.web.servlet.error.ErrorAttributes; SearchStrategy: current) did not find any beans (OnBeanCondition)

   ErrorMvcAutoConfiguration.DefaultErrorViewResolverConfiguration#conventionErrorViewResolver matched:
      - @ConditionalOnBean (types: org.springframework.web.servlet.DispatcherServlet; SearchStrategy: all) found bean 'dispatcherServlet'; @ConditionalOnMissingBean (types: org.springframework.boot.autoconfigure.web.servlet.error.ErrorViewResolver; SearchStrategy: all) did not find any beans (OnBeanCondition)

   ErrorMvcAutoConfiguration.WhitelabelErrorViewConfiguration matched:
      - @ConditionalOnBooleanProperty (server.error.whitelabel.enabled=true) matched (OnPropertyCondition)
      - ErrorTemplate Missing did not find error template view (ErrorMvcAutoConfiguration.ErrorTemplateMissingCondition)

   ErrorMvcAutoConfiguration.WhitelabelErrorViewConfiguration#beanNameViewResolver matched:
      - @ConditionalOnMissingBean (types: org.springframework.web.servlet.view.BeanNameViewResolver; SearchStrategy: all) did not find any beans (OnBeanCondition)

   ErrorMvcAutoConfiguration.WhitelabelErrorViewConfiguration#defaultErrorView matched:
      - @ConditionalOnMissingBean (names: error; SearchStrategy: all) did not find any beans (OnBeanCondition)

   GenericCacheConfiguration matched:
      - Cache org.springframework.boot.autoconfigure.cache.GenericCacheConfiguration automatic cache type (CacheCondition)

   HibernateJpaAutoConfiguration matched:
      - @ConditionalOnClass found required classes 'org.springframework.orm.jpa.LocalContainerEntityManagerFactoryBean', 'jakarta.persistence.EntityManager', 'org.hibernate.engine.spi.SessionImplementor' (OnClassCondition)

   HibernateJpaConfiguration matched:
      - @ConditionalOnSingleCandidate (types: javax.sql.DataSource; SearchStrategy: all) found a single bean 'dataSource' (OnBeanCondition)

   HttpClientAutoConfiguration matched:
      - @ConditionalOnClass found required class 'org.springframework.http.client.ClientHttpRequestFactory' (OnClassCondition)
      - NoneNestedConditions 0 matched 1 did not; NestedCondition on NotReactiveWebApplicationCondition.ReactiveWebApplication did not find reactive web application classes (NotReactiveWebApplicationCondition)

   HttpClientAutoConfiguration#clientHttpRequestFactoryBuilder matched:
      - @ConditionalOnMissingBean (types: org.springframework.boot.http.client.ClientHttpRequestFactoryBuilder<?>; SearchStrategy: all) did not find any beans (OnBeanCondition)

   HttpClientAutoConfiguration#clientHttpRequestFactorySettings matched:
      - @ConditionalOnMissingBean (types: org.springframework.boot.http.client.ClientHttpRequestFactorySettings; SearchStrategy: all) did not find any beans (OnBeanCondition)

   HttpEncodingAutoConfiguration matched:
      - @ConditionalOnClass found required class 'org.springframework.web.filter.CharacterEncodingFilter' (OnClassCondition)
      - found 'session' scope (OnWebApplicationCondition)
      - @ConditionalOnBooleanProperty (server.servlet.encoding.enabled=true) matched (OnPropertyCondition)

   HttpEncodingAutoConfiguration#characterEncodingFilter matched:
      - @ConditionalOnMissingBean (types: org.springframework.web.filter.CharacterEncodingFilter; SearchStrategy: all) did not find any beans (OnBeanCondition)

   HttpMessageConvertersAutoConfiguration matched:
      - @ConditionalOnClass found required class 'org.springframework.http.converter.HttpMessageConverter' (OnClassCondition)
      - NoneNestedConditions 0 matched 1 did not; NestedCondition on HttpMessageConvertersAutoConfiguration.NotReactiveWebApplicationCondition.ReactiveWebApplication did not find reactive web application classes (HttpMessageConvertersAutoConfiguration.NotReactiveWebApplicationCondition)

   HttpMessageConvertersAutoConfiguration#messageConverters matched:
      - @ConditionalOnMissingBean (types: org.springframework.boot.autoconfigure.http.HttpMessageConverters; SearchStrategy: all) did not find any beans (OnBeanCondition)

   HttpMessageConvertersAutoConfiguration.StringHttpMessageConverterConfiguration matched:
      - @ConditionalOnClass found required class 'org.springframework.http.converter.StringHttpMessageConverter' (OnClassCondition)

   HttpMessageConvertersAutoConfiguration.StringHttpMessageConverterConfiguration#stringHttpMessageConverter matched:
      - @ConditionalOnMissingBean (types: org.springframework.http.converter.StringHttpMessageConverter; SearchStrategy: all) did not find any beans (OnBeanCondition)

   JacksonAutoConfiguration matched:
      - @ConditionalOnClass found required class 'com.fasterxml.jackson.databind.ObjectMapper' (OnClassCondition)

   JacksonAutoConfiguration.Jackson2ObjectMapperBuilderCustomizerConfiguration matched:
      - @ConditionalOnClass found required class 'org.springframework.http.converter.json.Jackson2ObjectMapperBuilder' (OnClassCondition)

   JacksonAutoConfiguration.JacksonObjectMapperBuilderConfiguration matched:
      - @ConditionalOnClass found required class 'org.springframework.http.converter.json.Jackson2ObjectMapperBuilder' (OnClassCondition)

   JacksonAutoConfiguration.JacksonObjectMapperBuilderConfiguration#jacksonObjectMapperBuilder matched:
      - @ConditionalOnMissingBean (types: org.springframework.http.converter.json.Jackson2ObjectMapperBuilder; SearchStrategy: all) did not find any beans (OnBeanCondition)

   JacksonAutoConfiguration.JacksonObjectMapperConfiguration matched:
      - @ConditionalOnClass found required class 'org.springframework.http.converter.json.Jackson2ObjectMapperBuilder' (OnClassCondition)

   JacksonAutoConfiguration.JacksonObjectMapperConfiguration#jacksonObjectMapper matched:
      - @ConditionalOnMissingBean (types: com.fasterxml.jackson.databind.ObjectMapper; SearchStrategy: all) did not find any beans (OnBeanCondition)

   JacksonAutoConfiguration.ParameterNamesModuleConfiguration matched:
      - @ConditionalOnClass found required class 'com.fasterxml.jackson.module.paramnames.ParameterNamesModule' (OnClassCondition)

   JacksonAutoConfiguration.ParameterNamesModuleConfiguration#parameterNamesModule matched:
      - @ConditionalOnMissingBean (types: com.fasterxml.jackson.module.paramnames.ParameterNamesModule; SearchStrategy: all) did not find any beans (OnBeanCondition)

   JacksonHttpMessageConvertersConfiguration.MappingJackson2HttpMessageConverterConfiguration matched:
      - @ConditionalOnClass found required class 'com.fasterxml.jackson.databind.ObjectMapper' (OnClassCondition)
      - @ConditionalOnPreferredJsonMapper JACKSON no property was configured and Jackson is the default (OnPreferredJsonMapperCondition)
      - @ConditionalOnBean (types: com.fasterxml.jackson.databind.ObjectMapper; SearchStrategy: all) found bean 'jacksonObjectMapper' (OnBeanCondition)

   JacksonHttpMessageConvertersConfiguration.MappingJackson2HttpMessageConverterConfiguration#mappingJackson2HttpMessageConverter matched:
      - @ConditionalOnMissingBean (types: org.springframework.http.converter.json.MappingJackson2HttpMessageConverter ignored: org.springframework.hateoas.server.mvc.TypeConstrainedMappingJackson2HttpMessageConverter,org.springframework.data.rest.webmvc.alps.AlpsJsonHttpMessageConverter; SearchStrategy: all) did not find any beans (OnBeanCondition)

   JdbcClientAutoConfiguration matched:
      - @ConditionalOnSingleCandidate (types: org.springframework.jdbc.core.namedparam.NamedParameterJdbcTemplate; SearchStrategy: all) found a single bean 'namedParameterJdbcTemplate'; @ConditionalOnMissingBean (types: org.springframework.jdbc.core.simple.JdbcClient; SearchStrategy: all) did not find any beans (OnBeanCondition)

   JdbcTemplateAutoConfiguration matched:
      - @ConditionalOnClass found required classes 'javax.sql.DataSource', 'org.springframework.jdbc.core.JdbcTemplate' (OnClassCondition)
      - @ConditionalOnSingleCandidate (types: javax.sql.DataSource; SearchStrategy: all) found a single bean 'dataSource' (OnBeanCondition)

   JdbcTemplateConfiguration matched:
      - @ConditionalOnMissingBean (types: org.springframework.jdbc.core.JdbcOperations; SearchStrategy: all) did not find any beans (OnBeanCondition)

   JpaBaseConfiguration#entityManagerFactory matched:
      - @ConditionalOnMissingBean (types: org.springframework.orm.jpa.LocalContainerEntityManagerFactoryBean,jakarta.persistence.EntityManagerFactory; SearchStrategy: all) did not find any beans (OnBeanCondition)

   JpaBaseConfiguration#entityManagerFactoryBuilder matched:
      - @ConditionalOnMissingBean (types: org.springframework.boot.orm.jpa.EntityManagerFactoryBuilder; SearchStrategy: all) did not find any beans (OnBeanCondition)

   JpaBaseConfiguration#jpaVendorAdapter matched:
      - @ConditionalOnMissingBean (types: org.springframework.orm.jpa.JpaVendorAdapter; SearchStrategy: all) did not find any beans (OnBeanCondition)

   JpaBaseConfiguration#transactionManager matched:
      - @ConditionalOnMissingBean (types: org.springframework.transaction.TransactionManager; SearchStrategy: all) did not find any beans (OnBeanCondition)

   JpaBaseConfiguration.JpaWebConfiguration matched:
      - @ConditionalOnClass found required class 'org.springframework.web.servlet.config.annotation.WebMvcConfigurer' (OnClassCondition)
      - found 'session' scope (OnWebApplicationCondition)
      - @ConditionalOnBooleanProperty (spring.jpa.open-in-view=true) matched (OnPropertyCondition)
      - @ConditionalOnMissingBean (types: org.springframework.orm.jpa.support.OpenEntityManagerInViewInterceptor,org.springframework.orm.jpa.support.OpenEntityManagerInViewFilter; SearchStrategy: all) did not find any beans (OnBeanCondition)

   JpaBaseConfiguration.PersistenceManagedTypesConfiguration matched:
      - @ConditionalOnMissingBean (types: org.springframework.orm.jpa.LocalContainerEntityManagerFactoryBean,jakarta.persistence.EntityManagerFactory; SearchStrategy: all) did not find any beans (OnBeanCondition)

   JpaBaseConfiguration.PersistenceManagedTypesConfiguration#persistenceManagedTypes matched:
      - @ConditionalOnMissingBean (types: org.springframework.orm.jpa.persistenceunit.PersistenceManagedTypes; SearchStrategy: all) did not find any beans (OnBeanCondition)

   JpaRepositoriesAutoConfiguration matched:
      - @ConditionalOnClass found required class 'org.springframework.data.jpa.repository.JpaRepository' (OnClassCondition)
      - @ConditionalOnBooleanProperty (spring.data.jpa.repositories.enabled=true) matched (OnPropertyCondition)
      - @ConditionalOnBean (types: javax.sql.DataSource; SearchStrategy: all) found bean 'dataSource'; @ConditionalOnMissingBean (types: org.springframework.data.jpa.repository.support.JpaRepositoryFactoryBean,org.springframework.data.jpa.repository.config.JpaRepositoryConfigExtension; SearchStrategy: all) did not find any beans (OnBeanCondition)

   JtaAutoConfiguration matched:
      - @ConditionalOnClass found required class 'jakarta.transaction.Transaction' (OnClassCondition)
      - @ConditionalOnBooleanProperty (spring.jta.enabled=true) matched (OnPropertyCondition)

   LifecycleAutoConfiguration#defaultLifecycleProcessor matched:
      - @ConditionalOnMissingBean (names: lifecycleProcessor; SearchStrategy: current) did not find any beans (OnBeanCondition)

   MultipartAutoConfiguration matched:
      - @ConditionalOnClass found required classes 'jakarta.servlet.Servlet', 'org.springframework.web.multipart.support.StandardServletMultipartResolver', 'jakarta.servlet.MultipartConfigElement' (OnClassCondition)
      - found 'session' scope (OnWebApplicationCondition)
      - @ConditionalOnBooleanProperty (spring.servlet.multipart.enabled=true) matched (OnPropertyCondition)

   MultipartAutoConfiguration#multipartConfigElement matched:
      - @ConditionalOnMissingBean (types: jakarta.servlet.MultipartConfigElement; SearchStrategy: all) did not find any beans (OnBeanCondition)

   MultipartAutoConfiguration#multipartResolver matched:
      - @ConditionalOnMissingBean (types: org.springframework.web.multipart.MultipartResolver; SearchStrategy: all) did not find any beans (OnBeanCondition)

   NamedParameterJdbcTemplateConfiguration matched:
      - @ConditionalOnSingleCandidate (types: org.springframework.jdbc.core.JdbcTemplate; SearchStrategy: all) found a single bean 'jdbcTemplate'; @ConditionalOnMissingBean (types: org.springframework.jdbc.core.namedparam.NamedParameterJdbcOperations; SearchStrategy: all) did not find any beans (OnBeanCondition)

   NoOpCacheConfiguration matched:
      - Cache org.springframework.boot.autoconfigure.cache.NoOpCacheConfiguration automatic cache type (CacheCondition)

   PersistenceExceptionTranslationAutoConfiguration matched:
      - @ConditionalOnClass found required class 'org.springframework.dao.annotation.PersistenceExceptionTranslationPostProcessor' (OnClassCondition)

   PersistenceExceptionTranslationAutoConfiguration#persistenceExceptionTranslationPostProcessor matched:
      - @ConditionalOnBooleanProperty (spring.dao.exceptiontranslation.enabled=true) matched (OnPropertyCondition)
      - @ConditionalOnMissingBean (types: org.springframework.dao.annotation.PersistenceExceptionTranslationPostProcessor; SearchStrategy: all) did not find any beans (OnBeanCondition)

   PropertyPlaceholderAutoConfiguration#propertySourcesPlaceholderConfigurer matched:
      - @ConditionalOnMissingBean (types: org.springframework.context.support.PropertySourcesPlaceholderConfigurer; SearchStrategy: current) did not find any beans (OnBeanCondition)

   RestClientAutoConfiguration matched:
      - @ConditionalOnClass found required class 'org.springframework.web.client.RestClient' (OnClassCondition)
      - AnyNestedCondition 1 matched 1 did not; NestedCondition on NotReactiveWebApplicationOrVirtualThreadsExecutorEnabledCondition.VirtualThreadsExecutorEnabled found non-matching nested conditions @ConditionalOnThreading did not find VIRTUAL, @ConditionalOnBean (names: applicationTaskExecutor; SearchStrategy: all) did not find any beans named applicationTaskExecutor; NestedCondition on NotReactiveWebApplicationOrVirtualThreadsExecutorEnabledCondition.NotReactiveWebApplication NoneNestedConditions 0 matched 1 did not; NestedCondition on NotReactiveWebApplicationCondition.ReactiveWebApplication did not find reactive web application classes (NotReactiveWebApplicationOrVirtualThreadsExecutorEnabledCondition)

   RestClientAutoConfiguration#httpMessageConvertersRestClientCustomizer matched:
      - @ConditionalOnMissingBean (types: org.springframework.boot.autoconfigure.web.client.HttpMessageConvertersRestClientCustomizer; SearchStrategy: all) did not find any beans (OnBeanCondition)

   RestClientAutoConfiguration#restClientBuilder matched:
      - @ConditionalOnMissingBean (types: org.springframework.web.client.RestClient$Builder; SearchStrategy: all) did not find any beans (OnBeanCondition)

   RestClientAutoConfiguration#restClientBuilderConfigurer matched:
      - @ConditionalOnMissingBean (types: org.springframework.boot.autoconfigure.web.client.RestClientBuilderConfigurer; SearchStrategy: all) did not find any beans (OnBeanCondition)

   RestClientAutoConfiguration#restClientSsl matched:
      - @ConditionalOnBean (types: org.springframework.boot.ssl.SslBundles; SearchStrategy: all) found bean 'sslBundleRegistry'; @ConditionalOnMissingBean (types: org.springframework.boot.autoconfigure.web.client.RestClientSsl; SearchStrategy: all) did not find any beans (OnBeanCondition)

   RestTemplateAutoConfiguration matched:
      - @ConditionalOnClass found required class 'org.springframework.web.client.RestTemplate' (OnClassCondition)
      - NoneNestedConditions 0 matched 1 did not; NestedCondition on NotReactiveWebApplicationCondition.ReactiveWebApplication did not find reactive web application classes (NotReactiveWebApplicationCondition)

   RestTemplateAutoConfiguration#restTemplateBuilder matched:
      - @ConditionalOnMissingBean (types: org.springframework.boot.web.client.RestTemplateBuilder; SearchStrategy: all) did not find any beans (OnBeanCondition)

   ServletWebServerFactoryAutoConfiguration matched:
      - @ConditionalOnClass found required class 'jakarta.servlet.ServletRequest' (OnClassCondition)
      - found 'session' scope (OnWebApplicationCondition)

   ServletWebServerFactoryAutoConfiguration.TomcatConfiguration matched:
      - @ConditionalOnClass found required class 'org.apache.catalina.startup.Tomcat' (OnClassCondition)

   ServletWebServerFactoryConfiguration.EmbeddedTomcat matched:
      - @ConditionalOnClass found required classes 'jakarta.servlet.Servlet', 'org.apache.catalina.startup.Tomcat', 'org.apache.coyote.UpgradeProtocol' (OnClassCondition)
      - @ConditionalOnMissingBean (types: org.springframework.boot.web.servlet.server.ServletWebServerFactory; SearchStrategy: current) did not find any beans (OnBeanCondition)

   SimpleCacheConfiguration matched:
      - Cache org.springframework.boot.autoconfigure.cache.SimpleCacheConfiguration automatic cache type (CacheCondition)

   SpringDataWebAutoConfiguration matched:
      - @ConditionalOnClass found required classes 'org.springframework.data.web.PageableHandlerMethodArgumentResolver', 'org.springframework.web.servlet.config.annotation.WebMvcConfigurer' (OnClassCondition)
      - found 'session' scope (OnWebApplicationCondition)
      - @ConditionalOnMissingBean (types: org.springframework.data.web.PageableHandlerMethodArgumentResolver; SearchStrategy: all) did not find any beans (OnBeanCondition)

   SpringDataWebAutoConfiguration#pageableCustomizer matched:
      - @ConditionalOnMissingBean (types: org.springframework.data.web.config.PageableHandlerMethodArgumentResolverCustomizer; SearchStrategy: all) did not find any beans (OnBeanCondition)

   SpringDataWebAutoConfiguration#sortCustomizer matched:
      - @ConditionalOnMissingBean (types: org.springframework.data.web.config.SortHandlerMethodArgumentResolverCustomizer; SearchStrategy: all) did not find any beans (OnBeanCondition)

   SpringDataWebAutoConfiguration#springDataWebSettings matched:
      - @ConditionalOnMissingBean (types: org.springframework.data.web.config.SpringDataWebSettings; SearchStrategy: all) did not find any beans (OnBeanCondition)

   SqlInitializationAutoConfiguration matched:
      - @ConditionalOnBooleanProperty (spring.sql.init.enabled=true) matched (OnPropertyCondition)
      - NoneNestedConditions 0 matched 1 did not; NestedCondition on SqlInitializationAutoConfiguration.SqlInitializationModeCondition.ModeIsNever @ConditionalOnProperty (spring.sql.init.mode=never) found different value in property 'spring.sql.init.mode' (SqlInitializationAutoConfiguration.SqlInitializationModeCondition)

   SslAutoConfiguration#sslBundleRegistry matched:
      - @ConditionalOnMissingBean (types: org.springframework.boot.ssl.SslBundleRegistry,org.springframework.boot.ssl.SslBundles; SearchStrategy: all) did not find any beans (OnBeanCondition)

   TaskExecutionAutoConfiguration matched:
      - @ConditionalOnClass found required class 'org.springframework.scheduling.concurrent.ThreadPoolTaskExecutor' (OnClassCondition)

   TaskExecutorConfigurations.SimpleAsyncTaskExecutorBuilderConfiguration#simpleAsyncTaskExecutorBuilder matched:
      - @ConditionalOnMissingBean (types: org.springframework.boot.task.SimpleAsyncTaskExecutorBuilder; SearchStrategy: all) did not find any beans (OnBeanCondition)
      - @ConditionalOnThreading found PLATFORM (OnThreadingCondition)

   TaskExecutorConfigurations.ThreadPoolTaskExecutorBuilderConfiguration#threadPoolTaskExecutorBuilder matched:
      - @ConditionalOnMissingBean (types: org.springframework.boot.task.ThreadPoolTaskExecutorBuilder; SearchStrategy: all) did not find any beans (OnBeanCondition)

   TaskSchedulingAutoConfiguration matched:
      - @ConditionalOnClass found required class 'org.springframework.scheduling.concurrent.ThreadPoolTaskScheduler' (OnClassCondition)

   TaskSchedulingConfigurations.SimpleAsyncTaskSchedulerBuilderConfiguration#simpleAsyncTaskSchedulerBuilder matched:
      - @ConditionalOnMissingBean (types: org.springframework.boot.task.SimpleAsyncTaskSchedulerBuilder; SearchStrategy: all) did not find any beans (OnBeanCondition)
      - @ConditionalOnThreading found PLATFORM (OnThreadingCondition)

   TaskSchedulingConfigurations.ThreadPoolTaskSchedulerBuilderConfiguration#threadPoolTaskSchedulerBuilder matched:
      - @ConditionalOnMissingBean (types: org.springframework.boot.task.ThreadPoolTaskSchedulerBuilder; SearchStrategy: all) did not find any beans (OnBeanCondition)

   TransactionAutoConfiguration matched:
      - @ConditionalOnClass found required class 'org.springframework.transaction.PlatformTransactionManager' (OnClassCondition)

   TransactionAutoConfiguration.EnableTransactionManagementConfiguration matched:
      - @ConditionalOnBean (types: org.springframework.transaction.TransactionManager; SearchStrategy: all) found bean 'transactionManager'; @ConditionalOnMissingBean (types: org.springframework.transaction.annotation.AbstractTransactionManagementConfiguration; SearchStrategy: all) did not find any beans (OnBeanCondition)

   TransactionAutoConfiguration.EnableTransactionManagementConfiguration.CglibAutoProxyConfiguration matched:
      - @ConditionalOnBooleanProperty (spring.aop.proxy-target-class=true) matched (OnPropertyCondition)

   TransactionAutoConfiguration.TransactionTemplateConfiguration matched:
      - @ConditionalOnSingleCandidate (types: org.springframework.transaction.PlatformTransactionManager; SearchStrategy: all) found a single bean 'transactionManager' (OnBeanCondition)

   TransactionAutoConfiguration.TransactionTemplateConfiguration#transactionTemplate matched:
      - @ConditionalOnMissingBean (types: org.springframework.transaction.support.TransactionOperations; SearchStrategy: all) did not find any beans (OnBeanCondition)

   TransactionManagerCustomizationAutoConfiguration matched:
      - @ConditionalOnClass found required class 'org.springframework.transaction.PlatformTransactionManager' (OnClassCondition)

   TransactionManagerCustomizationAutoConfiguration#platformTransactionManagerCustomizers matched:
      - @ConditionalOnMissingBean (types: org.springframework.boot.autoconfigure.transaction.TransactionManagerCustomizers; SearchStrategy: all) did not find any beans (OnBeanCondition)

   ValidationAutoConfiguration matched:
      - @ConditionalOnClass found required class 'jakarta.validation.executable.ExecutableValidator' (OnClassCondition)
      - @ConditionalOnResource found location classpath:META-INF/services/jakarta.validation.spi.ValidationProvider (OnResourceCondition)

   ValidationAutoConfiguration#defaultValidator matched:
      - @ConditionalOnMissingBean (types: jakarta.validation.Validator; SearchStrategy: all) did not find any beans (OnBeanCondition)

   ValidationAutoConfiguration#methodValidationPostProcessor matched:
      - @ConditionalOnMissingBean (types: org.springframework.validation.beanvalidation.MethodValidationPostProcessor; SearchStrategy: current) did not find any beans (OnBeanCondition)

   WebMvcAutoConfiguration matched:
      - @ConditionalOnClass found required classes 'jakarta.servlet.Servlet', 'org.springframework.web.servlet.DispatcherServlet', 'org.springframework.web.servlet.config.annotation.WebMvcConfigurer' (OnClassCondition)
      - found 'session' scope (OnWebApplicationCondition)
      - @ConditionalOnMissingBean (types: org.springframework.web.servlet.config.annotation.WebMvcConfigurationSupport; SearchStrategy: all) did not find any beans (OnBeanCondition)

   WebMvcAutoConfiguration#formContentFilter matched:
      - @ConditionalOnBooleanProperty (spring.mvc.formcontent.filter.enabled=true) matched (OnPropertyCondition)
      - @ConditionalOnMissingBean (types: org.springframework.web.filter.FormContentFilter; SearchStrategy: all) did not find any beans (OnBeanCondition)

   WebMvcAutoConfiguration.EnableWebMvcConfiguration#flashMapManager matched:
      - @ConditionalOnMissingBean (names: flashMapManager; SearchStrategy: all) did not find any beans (OnBeanCondition)

   WebMvcAutoConfiguration.EnableWebMvcConfiguration#localeResolver matched:
      - @ConditionalOnMissingBean (names: localeResolver; SearchStrategy: all) did not find any beans (OnBeanCondition)

   WebMvcAutoConfiguration.EnableWebMvcConfiguration#themeResolver matched:
      - @ConditionalOnMissingBean (names: themeResolver; SearchStrategy: all) did not find any beans (OnBeanCondition)

   WebMvcAutoConfiguration.EnableWebMvcConfiguration#viewNameTranslator matched:
      - @ConditionalOnMissingBean (names: viewNameTranslator; SearchStrategy: all) did not find any beans (OnBeanCondition)

   WebMvcAutoConfiguration.WebMvcAutoConfigurationAdapter#defaultViewResolver matched:
      - @ConditionalOnMissingBean (types: org.springframework.web.servlet.view.InternalResourceViewResolver; SearchStrategy: all) did not find any beans (OnBeanCondition)

   WebMvcAutoConfiguration.WebMvcAutoConfigurationAdapter#requestContextFilter matched:
      - @ConditionalOnMissingBean (types: org.springframework.web.context.request.RequestContextListener,org.springframework.web.filter.RequestContextFilter; SearchStrategy: all) did not find any beans (OnBeanCondition)

   WebMvcAutoConfiguration.WebMvcAutoConfigurationAdapter#viewResolver matched:
      - @ConditionalOnBean (types: org.springframework.web.servlet.ViewResolver; SearchStrategy: all) found beans 'defaultViewResolver', 'beanNameViewResolver', 'mvcViewResolver'; @ConditionalOnMissingBean (names: viewResolver types: org.springframework.web.servlet.view.ContentNegotiatingViewResolver; SearchStrategy: all) did not find any beans (OnBeanCondition)

   WebSocketMessagingAutoConfiguration matched:
      - @ConditionalOnClass found required class 'org.springframework.web.socket.config.annotation.WebSocketMessageBrokerConfigurer' (OnClassCondition)
      - found 'session' scope (OnWebApplicationCondition)

   WebSocketMessagingAutoConfiguration.WebSocketMessageConverterConfiguration matched:
      - @ConditionalOnClass found required classes 'com.fasterxml.jackson.databind.ObjectMapper', 'org.springframework.messaging.simp.config.AbstractMessageBrokerConfiguration' (OnClassCondition)
      - @ConditionalOnBean (types: org.springframework.web.socket.config.annotation.DelegatingWebSocketMessageBrokerConfiguration,com.fasterxml.jackson.databind.ObjectMapper; SearchStrategy: all) found beans 'jacksonObjectMapper', 'org.springframework.web.socket.config.annotation.DelegatingWebSocketMessageBrokerConfiguration' (OnBeanCondition)

   WebSocketServletAutoConfiguration matched:
      - @ConditionalOnClass found required classes 'jakarta.servlet.Servlet', 'jakarta.websocket.server.ServerContainer' (OnClassCondition)
      - found 'session' scope (OnWebApplicationCondition)

   WebSocketServletAutoConfiguration.TomcatWebSocketConfiguration matched:
      - @ConditionalOnClass found required classes 'org.apache.catalina.startup.Tomcat', 'org.apache.tomcat.websocket.server.WsSci' (OnClassCondition)

   WebSocketServletAutoConfiguration.TomcatWebSocketConfiguration#websocketServletWebServerCustomizer matched:
      - @ConditionalOnMissingBean (names: websocketServletWebServerCustomizer; SearchStrategy: all) did not find any beans (OnBeanCondition)


Negative matches:
-----------------

   ActiveMQAutoConfiguration:
      Did not match:
         - @ConditionalOnClass did not find required class 'jakarta.jms.ConnectionFactory' (OnClassCondition)

   AopAutoConfiguration.AspectJAutoProxyingConfiguration.JdkDynamicAutoProxyConfiguration:
      Did not match:
         - @ConditionalOnBooleanProperty (spring.aop.proxy-target-class=false) did not find property 'spring.aop.proxy-target-class' (OnPropertyCondition)

   AopAutoConfiguration.ClassProxyingConfiguration:
      Did not match:
         - @ConditionalOnMissingClass found unwanted class 'org.aspectj.weaver.Advice' (OnClassCondition)

   ArtemisAutoConfiguration:
      Did not match:
         - @ConditionalOnClass did not find required class 'jakarta.jms.ConnectionFactory' (OnClassCondition)

   BatchAutoConfiguration:
      Did not match:
         - @ConditionalOnClass did not find required class 'org.springframework.batch.core.launch.JobLauncher' (OnClassCondition)

   Cache2kCacheConfiguration:
      Did not match:
         - @ConditionalOnClass did not find required class 'org.cache2k.Cache2kBuilder' (OnClassCondition)

   CacheAutoConfiguration:
      Did not match:
         - @ConditionalOnBean (types: org.springframework.cache.interceptor.CacheAspectSupport; SearchStrategy: all) did not find any beans of type org.springframework.cache.interceptor.CacheAspectSupport (OnBeanCondition)
      Matched:
         - @ConditionalOnClass found required class 'org.springframework.cache.CacheManager' (OnClassCondition)

   CacheAutoConfiguration.CacheManagerEntityManagerFactoryDependsOnPostProcessor:
      Did not match:
         - Ancestor org.springframework.boot.autoconfigure.cache.CacheAutoConfiguration did not match (ConditionEvaluationReport.AncestorsMatchedCondition)
      Matched:
         - @ConditionalOnClass found required class 'org.springframework.orm.jpa.LocalContainerEntityManagerFactoryBean' (OnClassCondition)

   CaffeineCacheConfiguration:
      Did not match:
         - @ConditionalOnClass did not find required class 'com.github.benmanes.caffeine.cache.Caffeine' (OnClassCondition)

   CassandraAutoConfiguration:
      Did not match:
         - @ConditionalOnClass did not find required class 'com.datastax.oss.driver.api.core.CqlSession' (OnClassCondition)

   CassandraDataAutoConfiguration:
      Did not match:
         - @ConditionalOnClass did not find required class 'com.datastax.oss.driver.api.core.CqlSession' (OnClassCondition)

   CassandraReactiveDataAutoConfiguration:
      Did not match:
         - @ConditionalOnClass did not find required class 'com.datastax.oss.driver.api.core.CqlSession' (OnClassCondition)

   CassandraReactiveRepositoriesAutoConfiguration:
      Did not match:
         - @ConditionalOnClass did not find required class 'org.springframework.data.cassandra.ReactiveSession' (OnClassCondition)

   CassandraRepositoriesAutoConfiguration:
      Did not match:
         - @ConditionalOnClass did not find required class 'com.datastax.oss.driver.api.core.CqlSession' (OnClassCondition)

   org.springframework.boot.autoconfigure.http.client.reactive.ClientHttpConnectorAutoConfiguration:
      Did not match:
         - @ConditionalOnClass did not find required class 'reactor.core.publisher.Mono' (OnClassCondition)

   org.springframework.boot.autoconfigure.web.reactive.function.client.ClientHttpConnectorAutoConfiguration:
      Did not match:
         - @ConditionalOnClass did not find required class 'org.springframework.web.reactive.function.client.WebClient' (OnClassCondition)

   CodecsAutoConfiguration:
      Did not match:
         - @ConditionalOnClass did not find required class 'org.springframework.web.reactive.function.client.WebClient' (OnClassCondition)

   CouchbaseAutoConfiguration:
      Did not match:
         - @ConditionalOnClass did not find required class 'com.couchbase.client.java.Cluster' (OnClassCondition)

   CouchbaseCacheConfiguration:
      Did not match:
         - @ConditionalOnClass did not find required class 'com.couchbase.client.java.Cluster' (OnClassCondition)

   CouchbaseDataAutoConfiguration:
      Did not match:
         - @ConditionalOnClass did not find required class 'com.couchbase.client.java.Bucket' (OnClassCondition)

   CouchbaseReactiveDataAutoConfiguration:
      Did not match:
         - @ConditionalOnClass did not find required class 'com.couchbase.client.java.Cluster' (OnClassCondition)

   CouchbaseReactiveRepositoriesAutoConfiguration:
      Did not match:
         - @ConditionalOnClass did not find required class 'com.couchbase.client.java.Cluster' (OnClassCondition)

   CouchbaseRepositoriesAutoConfiguration:
      Did not match:
         - @ConditionalOnClass did not find required class 'com.couchbase.client.java.Bucket' (OnClassCondition)

   DataSourceAutoConfiguration.EmbeddedDatabaseConfiguration:
      Did not match:
         - EmbeddedDataSource spring.datasource.url is set (DataSourceAutoConfiguration.EmbeddedDatabaseCondition)

   DataSourceCheckpointRestoreConfiguration:
      Did not match:
         - @ConditionalOnClass did not find required class 'org.crac.Resource' (OnClassCondition)

   DataSourceConfiguration.Dbcp2:
      Did not match:
         - @ConditionalOnClass did not find required class 'org.apache.commons.dbcp2.BasicDataSource' (OnClassCondition)

   DataSourceConfiguration.Generic:
      Did not match:
         - @ConditionalOnProperty (spring.datasource.type) did not find property 'spring.datasource.type' (OnPropertyCondition)

   DataSourceConfiguration.OracleUcp:
      Did not match:
         - @ConditionalOnClass did not find required classes 'oracle.ucp.jdbc.PoolDataSourceImpl', 'oracle.jdbc.OracleConnection' (OnClassCondition)

   DataSourceConfiguration.Tomcat:
      Did not match:
         - @ConditionalOnClass did not find required class 'org.apache.tomcat.jdbc.pool.DataSource' (OnClassCondition)

   DataSourceJmxConfiguration:
      Did not match:
         - @ConditionalOnBooleanProperty (spring.jmx.enabled=true) did not find property 'spring.jmx.enabled' (OnPropertyCondition)

   DataSourcePoolMetadataProvidersConfiguration.CommonsDbcp2PoolDataSourceMetadataProviderConfiguration:
      Did not match:
         - @ConditionalOnClass did not find required class 'org.apache.commons.dbcp2.BasicDataSource' (OnClassCondition)

   DataSourcePoolMetadataProvidersConfiguration.OracleUcpPoolDataSourceMetadataProviderConfiguration:
      Did not match:
         - @ConditionalOnClass did not find required classes 'oracle.ucp.jdbc.PoolDataSource', 'oracle.jdbc.OracleConnection' (OnClassCondition)

   DataSourcePoolMetadataProvidersConfiguration.TomcatDataSourcePoolMetadataProviderConfiguration:
      Did not match:
         - @ConditionalOnClass did not find required class 'org.apache.tomcat.jdbc.pool.DataSource' (OnClassCondition)

   DataSourceTransactionManagerAutoConfiguration.JdbcTransactionManagerConfiguration#transactionManager:
      Did not match:
         - @ConditionalOnMissingBean (types: org.springframework.transaction.TransactionManager; SearchStrategy: all) found beans of type 'org.springframework.transaction.TransactionManager' transactionManager (OnBeanCondition)

   DispatcherServletAutoConfiguration.DispatcherServletConfiguration#multipartResolver:
      Did not match:
         - @ConditionalOnBean (types: org.springframework.web.multipart.MultipartResolver; SearchStrategy: all) did not find any beans of type org.springframework.web.multipart.MultipartResolver (OnBeanCondition)

   ElasticsearchClientAutoConfiguration:
      Did not match:
         - @ConditionalOnClass did not find required class 'co.elastic.clients.elasticsearch.ElasticsearchClient' (OnClassCondition)

   ElasticsearchDataAutoConfiguration:
      Did not match:
         - @ConditionalOnClass did not find required class 'org.springframework.data.elasticsearch.client.elc.ElasticsearchTemplate' (OnClassCondition)

   ElasticsearchRepositoriesAutoConfiguration:
      Did not match:
         - @ConditionalOnClass did not find required class 'org.springframework.data.elasticsearch.repository.ElasticsearchRepository' (OnClassCondition)

   ElasticsearchRestClientAutoConfiguration:
      Did not match:
         - @ConditionalOnClass did not find required class 'org.elasticsearch.client.RestClientBuilder' (OnClassCondition)

   EmbeddedLdapAutoConfiguration:
      Did not match:
         - @ConditionalOnClass did not find required class 'com.unboundid.ldap.listener.InMemoryDirectoryServer' (OnClassCondition)

   EmbeddedWebServerFactoryCustomizerAutoConfiguration.JettyWebServerFactoryCustomizerConfiguration:
      Did not match:
         - @ConditionalOnClass did not find required classes 'org.eclipse.jetty.server.Server', 'org.eclipse.jetty.util.Loader', 'org.eclipse.jetty.ee10.webapp.WebAppContext' (OnClassCondition)

   EmbeddedWebServerFactoryCustomizerAutoConfiguration.NettyWebServerFactoryCustomizerConfiguration:
      Did not match:
         - @ConditionalOnClass did not find required class 'reactor.netty.http.server.HttpServer' (OnClassCondition)

   EmbeddedWebServerFactoryCustomizerAutoConfiguration.TomcatWebServerFactoryCustomizerConfiguration#tomcatVirtualThreadsProtocolHandlerCustomizer:
      Did not match:
         - @ConditionalOnThreading did not find VIRTUAL (OnThreadingCondition)

   EmbeddedWebServerFactoryCustomizerAutoConfiguration.UndertowWebServerFactoryCustomizerConfiguration:
      Did not match:
         - @ConditionalOnClass did not find required classes 'io.undertow.Undertow', 'org.xnio.SslClientAuthMode' (OnClassCondition)

   ErrorWebFluxAutoConfiguration:
      Did not match:
         - @ConditionalOnClass did not find required class 'org.springframework.web.reactive.config.WebFluxConfigurer' (OnClassCondition)

   FlywayAutoConfiguration:
      Did not match:
         - @ConditionalOnClass did not find required class 'org.flywaydb.core.Flyway' (OnClassCondition)

   FreeMarkerAutoConfiguration:
      Did not match:
         - @ConditionalOnClass did not find required class 'freemarker.template.Configuration' (OnClassCondition)

   GraphQlAutoConfiguration:
      Did not match:
         - @ConditionalOnClass did not find required class 'graphql.GraphQL' (OnClassCondition)

   GraphQlQueryByExampleAutoConfiguration:
      Did not match:
         - @ConditionalOnClass did not find required class 'graphql.GraphQL' (OnClassCondition)

   GraphQlQuerydslAutoConfiguration:
      Did not match:
         - @ConditionalOnClass did not find required class 'com.querydsl.core.Query' (OnClassCondition)

   GraphQlRSocketAutoConfiguration:
      Did not match:
         - @ConditionalOnClass did not find required class 'graphql.GraphQL' (OnClassCondition)

   GraphQlReactiveQueryByExampleAutoConfiguration:
      Did not match:
         - @ConditionalOnClass did not find required class 'graphql.GraphQL' (OnClassCondition)

   GraphQlReactiveQuerydslAutoConfiguration:
      Did not match:
         - @ConditionalOnClass did not find required class 'com.querydsl.core.Query' (OnClassCondition)

   GraphQlWebFluxAutoConfiguration:
      Did not match:
         - @ConditionalOnClass did not find required class 'graphql.GraphQL' (OnClassCondition)

   GraphQlWebFluxSecurityAutoConfiguration:
      Did not match:
         - @ConditionalOnClass did not find required class 'graphql.GraphQL' (OnClassCondition)

   GraphQlWebMvcAutoConfiguration:
      Did not match:
         - @ConditionalOnClass did not find required class 'graphql.GraphQL' (OnClassCondition)

   GraphQlWebMvcSecurityAutoConfiguration:
      Did not match:
         - @ConditionalOnClass did not find required class 'graphql.GraphQL' (OnClassCondition)

   GroovyTemplateAutoConfiguration:
      Did not match:
         - @ConditionalOnClass did not find required class 'groovy.text.markup.MarkupTemplateEngine' (OnClassCondition)

   GsonAutoConfiguration:
      Did not match:
         - @ConditionalOnClass did not find required class 'com.google.gson.Gson' (OnClassCondition)

   GsonHttpMessageConvertersConfiguration:
      Did not match:
         - @ConditionalOnClass did not find required class 'com.google.gson.Gson' (OnClassCondition)

   H2ConsoleAutoConfiguration:
      Did not match:
         - @ConditionalOnClass did not find required class 'org.h2.server.web.JakartaWebServlet' (OnClassCondition)

   HazelcastAutoConfiguration:
      Did not match:
         - @ConditionalOnClass did not find required class 'com.hazelcast.core.HazelcastInstance' (OnClassCondition)

   HazelcastCacheConfiguration:
      Did not match:
         - @ConditionalOnClass did not find required class 'com.hazelcast.core.HazelcastInstance' (OnClassCondition)

   HazelcastJpaDependencyAutoConfiguration:
      Did not match:
         - @ConditionalOnClass did not find required class 'com.hazelcast.core.HazelcastInstance' (OnClassCondition)

   HttpHandlerAutoConfiguration:
      Did not match:
         - @ConditionalOnClass did not find required class 'org.springframework.web.reactive.DispatcherHandler' (OnClassCondition)

   HypermediaAutoConfiguration:
      Did not match:
         - @ConditionalOnClass did not find required class 'org.springframework.hateoas.EntityModel' (OnClassCondition)

   InfinispanCacheConfiguration:
      Did not match:
         - @ConditionalOnClass did not find required class 'org.infinispan.spring.embedded.provider.SpringEmbeddedCacheManager' (OnClassCondition)

   IntegrationAutoConfiguration:
      Did not match:
         - @ConditionalOnClass did not find required class 'org.springframework.integration.config.EnableIntegration' (OnClassCondition)

   JCacheCacheConfiguration:
      Did not match:
         - @ConditionalOnClass did not find required class 'javax.cache.Caching' (OnClassCondition)

   JacksonHttpMessageConvertersConfiguration.MappingJackson2XmlHttpMessageConverterConfiguration:
      Did not match:
         - @ConditionalOnClass did not find required class 'com.fasterxml.jackson.dataformat.xml.XmlMapper' (OnClassCondition)

   JdbcRepositoriesAutoConfiguration:
      Did not match:
         - @ConditionalOnClass did not find required class 'org.springframework.data.jdbc.repository.config.AbstractJdbcConfiguration' (OnClassCondition)

   JerseyAutoConfiguration:
      Did not match:
         - @ConditionalOnClass did not find required class 'org.glassfish.jersey.server.spring.SpringComponentProvider' (OnClassCondition)

   JmsAutoConfiguration:
      Did not match:
         - @ConditionalOnClass did not find required class 'jakarta.jms.Message' (OnClassCondition)

   JmxAutoConfiguration:
      Did not match:
         - @ConditionalOnBooleanProperty (spring.jmx.enabled=true) did not find property 'spring.jmx.enabled' (OnPropertyCondition)
      Matched:
         - @ConditionalOnClass found required class 'org.springframework.jmx.export.MBeanExporter' (OnClassCondition)

   JndiConnectionFactoryAutoConfiguration:
      Did not match:
         - @ConditionalOnClass did not find required class 'org.springframework.jms.core.JmsTemplate' (OnClassCondition)

   JndiDataSourceAutoConfiguration:
      Did not match:
         - @ConditionalOnProperty (spring.datasource.jndi-name) did not find property 'spring.datasource.jndi-name' (OnPropertyCondition)
      Matched:
         - @ConditionalOnClass found required classes 'javax.sql.DataSource', 'org.springframework.jdbc.datasource.embedded.EmbeddedDatabaseType' (OnClassCondition)

   JndiJtaConfiguration:
      Did not match:
         - @ConditionalOnJndi JNDI environment is not available (OnJndiCondition)
      Matched:
         - @ConditionalOnClass found required class 'org.springframework.transaction.jta.JtaTransactionManager' (OnClassCondition)

   JooqAutoConfiguration:
      Did not match:
         - @ConditionalOnClass did not find required class 'org.jooq.DSLContext' (OnClassCondition)

   JpaRepositoriesAutoConfiguration#entityManagerFactoryBootstrapExecutorCustomizer:
      Did not match:
         - AnyNestedCondition 0 matched 2 did not; NestedCondition on JpaRepositoriesAutoConfiguration.BootstrapExecutorCondition.LazyBootstrapMode @ConditionalOnProperty (spring.data.jpa.repositories.bootstrap-mode=lazy) did not find property 'spring.data.jpa.repositories.bootstrap-mode'; NestedCondition on JpaRepositoriesAutoConfiguration.BootstrapExecutorCondition.DeferredBootstrapMode @ConditionalOnProperty (spring.data.jpa.repositories.bootstrap-mode=deferred) did not find property 'spring.data.jpa.repositories.bootstrap-mode' (JpaRepositoriesAutoConfiguration.BootstrapExecutorCondition)

   JsonbAutoConfiguration:
      Did not match:
         - @ConditionalOnClass did not find required class 'jakarta.json.bind.Jsonb' (OnClassCondition)

   JsonbHttpMessageConvertersConfiguration:
      Did not match:
         - @ConditionalOnClass did not find required class 'jakarta.json.bind.Jsonb' (OnClassCondition)

   KafkaAutoConfiguration:
      Did not match:
         - @ConditionalOnClass did not find required class 'org.springframework.kafka.core.KafkaTemplate' (OnClassCondition)

   LdapAutoConfiguration:
      Did not match:
         - @ConditionalOnClass did not find required class 'org.springframework.ldap.core.ContextSource' (OnClassCondition)

   LdapRepositoriesAutoConfiguration:
      Did not match:
         - @ConditionalOnClass did not find required class 'org.springframework.data.ldap.repository.LdapRepository' (OnClassCondition)

   LiquibaseAutoConfiguration:
      Did not match:
         - @ConditionalOnClass did not find required class 'liquibase.change.DatabaseChange' (OnClassCondition)

   MailSenderAutoConfiguration:
      Did not match:
         - @ConditionalOnClass did not find required class 'jakarta.mail.internet.MimeMessage' (OnClassCondition)

   MailSenderValidatorAutoConfiguration:
      Did not match:
         - @ConditionalOnSingleCandidate did not find required type 'org.springframework.mail.javamail.JavaMailSenderImpl' (OnBeanCondition)

   MessageSourceAutoConfiguration:
      Did not match:
         - ResourceBundle did not find bundle with basename messages (MessageSourceAutoConfiguration.ResourceBundleCondition)

   MongoAutoConfiguration:
      Did not match:
         - @ConditionalOnClass did not find required class 'com.mongodb.client.MongoClient' (OnClassCondition)

   MongoDataAutoConfiguration:
      Did not match:
         - @ConditionalOnClass did not find required class 'com.mongodb.client.MongoClient' (OnClassCondition)

   MongoReactiveAutoConfiguration:
      Did not match:
         - @ConditionalOnClass did not find required class 'com.mongodb.reactivestreams.client.MongoClient' (OnClassCondition)

   MongoReactiveDataAutoConfiguration:
      Did not match:
         - @ConditionalOnClass did not find required class 'com.mongodb.reactivestreams.client.MongoClient' (OnClassCondition)

   MongoReactiveRepositoriesAutoConfiguration:
      Did not match:
         - @ConditionalOnClass did not find required class 'com.mongodb.reactivestreams.client.MongoClient' (OnClassCondition)

   MongoRepositoriesAutoConfiguration:
      Did not match:
         - @ConditionalOnClass did not find required class 'com.mongodb.client.MongoClient' (OnClassCondition)

   MustacheAutoConfiguration:
      Did not match:
         - @ConditionalOnClass did not find required class 'com.samskivert.mustache.Mustache' (OnClassCondition)

   Neo4jAutoConfiguration:
      Did not match:
         - @ConditionalOnClass did not find required class 'org.neo4j.driver.Driver' (OnClassCondition)

   Neo4jDataAutoConfiguration:
      Did not match:
         - @ConditionalOnClass did not find required class 'org.neo4j.driver.Driver' (OnClassCondition)

   Neo4jReactiveDataAutoConfiguration:
      Did not match:
         - @ConditionalOnClass did not find required class 'org.neo4j.driver.Driver' (OnClassCondition)

   Neo4jReactiveRepositoriesAutoConfiguration:
      Did not match:
         - @ConditionalOnClass did not find required class 'org.neo4j.driver.Driver' (OnClassCondition)

   Neo4jRepositoriesAutoConfiguration:
      Did not match:
         - @ConditionalOnClass did not find required class 'org.neo4j.driver.Driver' (OnClassCondition)

   NettyAutoConfiguration:
      Did not match:
         - @ConditionalOnClass did not find required class 'io.netty.util.NettyRuntime' (OnClassCondition)

   OAuth2AuthorizationServerAutoConfiguration:
      Did not match:
         - @ConditionalOnClass did not find required class 'org.springframework.security.oauth2.server.authorization.OAuth2Authorization' (OnClassCondition)

   OAuth2AuthorizationServerJwtAutoConfiguration:
      Did not match:
         - @ConditionalOnClass did not find required class 'com.nimbusds.jose.jwk.source.JWKSource' (OnClassCondition)

   OAuth2ClientAutoConfiguration:
      Did not match:
         - @ConditionalOnClass did not find required class 'org.springframework.security.oauth2.client.registration.ClientRegistration' (OnClassCondition)

   OAuth2ClientWebSecurityAutoConfiguration:
      Did not match:
         - @ConditionalOnClass did not find required class 'org.springframework.security.config.annotation.web.configuration.EnableWebSecurity' (OnClassCondition)

   OAuth2ResourceServerAutoConfiguration:
      Did not match:
         - @ConditionalOnClass did not find required class 'org.springframework.security.oauth2.server.resource.authentication.BearerTokenAuthenticationToken' (OnClassCondition)

   ProjectInfoAutoConfiguration#buildProperties:
      Did not match:
         - @ConditionalOnResource did not find resource '${spring.info.build.location:classpath:META-INF/build-info.properties}' (OnResourceCondition)

   ProjectInfoAutoConfiguration#gitProperties:
      Did not match:
         - GitResource did not find git info at classpath:git.properties (ProjectInfoAutoConfiguration.GitResourceAvailableCondition)

   PulsarAutoConfiguration:
      Did not match:
         - @ConditionalOnClass did not find required class 'org.apache.pulsar.client.api.PulsarClient' (OnClassCondition)

   PulsarReactiveAutoConfiguration:
      Did not match:
         - @ConditionalOnClass did not find required class 'org.apache.pulsar.client.api.PulsarClient' (OnClassCondition)

   QuartzAutoConfiguration:
      Did not match:
         - @ConditionalOnClass did not find required class 'org.quartz.Scheduler' (OnClassCondition)

   R2dbcAutoConfiguration:
      Did not match:
         - @ConditionalOnClass did not find required class 'io.r2dbc.spi.ConnectionFactory' (OnClassCondition)

   R2dbcDataAutoConfiguration:
      Did not match:
         - @ConditionalOnClass did not find required class 'org.springframework.data.r2dbc.core.R2dbcEntityTemplate' (OnClassCondition)

   R2dbcInitializationConfiguration:
      Did not match:
         - @ConditionalOnClass did not find required classes 'io.r2dbc.spi.ConnectionFactory', 'org.springframework.r2dbc.connection.init.DatabasePopulator' (OnClassCondition)

   R2dbcProxyAutoConfiguration:
      Did not match:
         - @ConditionalOnClass did not find required class 'io.r2dbc.proxy.ProxyConnectionFactory' (OnClassCondition)

   R2dbcRepositoriesAutoConfiguration:
      Did not match:
         - @ConditionalOnClass did not find required class 'io.r2dbc.spi.ConnectionFactory' (OnClassCondition)

   R2dbcTransactionManagerAutoConfiguration:
      Did not match:
         - @ConditionalOnClass did not find required class 'org.springframework.r2dbc.connection.R2dbcTransactionManager' (OnClassCondition)

   RSocketGraphQlClientAutoConfiguration:
      Did not match:
         - @ConditionalOnClass did not find required class 'graphql.GraphQL' (OnClassCondition)

   RSocketMessagingAutoConfiguration:
      Did not match:
         - @ConditionalOnClass did not find required class 'io.rsocket.RSocket' (OnClassCondition)

   RSocketRequesterAutoConfiguration:
      Did not match:
         - @ConditionalOnClass did not find required class 'io.rsocket.RSocket' (OnClassCondition)

   RSocketSecurityAutoConfiguration:
      Did not match:
         - @ConditionalOnClass did not find required class 'org.springframework.security.rsocket.core.SecuritySocketAcceptorInterceptor' (OnClassCondition)

   RSocketServerAutoConfiguration:
      Did not match:
         - @ConditionalOnClass did not find required class 'io.rsocket.core.RSocketServer' (OnClassCondition)

   RSocketStrategiesAutoConfiguration:
      Did not match:
         - @ConditionalOnClass did not find required class 'io.netty.buffer.PooledByteBufAllocator' (OnClassCondition)

   RabbitAutoConfiguration:
      Did not match:
         - @ConditionalOnClass did not find required class 'com.rabbitmq.client.Channel' (OnClassCondition)

   ReactiveElasticsearchClientAutoConfiguration:
      Did not match:
         - @ConditionalOnClass did not find required class 'co.elastic.clients.transport.ElasticsearchTransport' (OnClassCondition)

   ReactiveElasticsearchRepositoriesAutoConfiguration:
      Did not match:
         - @ConditionalOnClass did not find required class 'reactor.core.publisher.Mono' (OnClassCondition)

   ReactiveMultipartAutoConfiguration:
      Did not match:
         - @ConditionalOnClass did not find required class 'org.springframework.web.reactive.config.WebFluxConfigurer' (OnClassCondition)

   ReactiveOAuth2ClientAutoConfiguration:
      Did not match:
         - @ConditionalOnClass did not find required class 'reactor.core.publisher.Flux' (OnClassCondition)

   ReactiveOAuth2ClientWebSecurityAutoConfiguration:
      Did not match:
         - @ConditionalOnClass did not find required class 'reactor.core.publisher.Flux' (OnClassCondition)

   ReactiveOAuth2ResourceServerAutoConfiguration:
      Did not match:
         - @ConditionalOnClass did not find required class 'org.springframework.security.config.annotation.web.reactive.EnableWebFluxSecurity' (OnClassCondition)

   ReactiveSecurityAutoConfiguration:
      Did not match:
         - @ConditionalOnClass did not find required class 'reactor.core.publisher.Flux' (OnClassCondition)

   ReactiveUserDetailsServiceAutoConfiguration:
      Did not match:
         - @ConditionalOnClass did not find required class 'org.springframework.security.authentication.ReactiveAuthenticationManager' (OnClassCondition)

   ReactiveWebServerFactoryAutoConfiguration:
      Did not match:
         - @ConditionalOnWebApplication did not find reactive web application classes (OnWebApplicationCondition)

   ReactorAutoConfiguration:
      Did not match:
         - @ConditionalOnClass did not find required class 'reactor.core.publisher.Hooks' (OnClassCondition)

   RedisAutoConfiguration:
      Did not match:
         - @ConditionalOnClass did not find required class 'org.springframework.data.redis.core.RedisOperations' (OnClassCondition)

   RedisCacheConfiguration:
      Did not match:
         - @ConditionalOnClass did not find required class 'org.springframework.data.redis.connection.RedisConnectionFactory' (OnClassCondition)

   RedisReactiveAutoConfiguration:
      Did not match:
         - @ConditionalOnClass did not find required class 'reactor.core.publisher.Flux' (OnClassCondition)

   RedisRepositoriesAutoConfiguration:
      Did not match:
         - @ConditionalOnClass did not find required class 'org.springframework.data.redis.repository.configuration.EnableRedisRepositories' (OnClassCondition)

   RepositoryRestMvcAutoConfiguration:
      Did not match:
         - @ConditionalOnClass did not find required class 'org.springframework.data.rest.webmvc.config.RepositoryRestMvcConfiguration' (OnClassCondition)

   Saml2RelyingPartyAutoConfiguration:
      Did not match:
         - @ConditionalOnClass did not find required class 'org.springframework.security.saml2.provider.service.registration.RelyingPartyRegistrationRepository' (OnClassCondition)

   SecurityAutoConfiguration:
      Did not match:
         - @ConditionalOnClass did not find required class 'org.springframework.security.authentication.DefaultAuthenticationEventPublisher' (OnClassCondition)

   SecurityFilterAutoConfiguration:
      Did not match:
         - @ConditionalOnClass did not find required class 'org.springframework.security.config.http.SessionCreationPolicy' (OnClassCondition)

   SendGridAutoConfiguration:
      Did not match:
         - @ConditionalOnClass did not find required class 'com.sendgrid.SendGrid' (OnClassCondition)

   ServletWebServerFactoryAutoConfiguration.ForwardedHeaderFilterConfiguration:
      Did not match:
         - @ConditionalOnProperty (server.forward-headers-strategy=framework) did not find property 'server.forward-headers-strategy' (OnPropertyCondition)

   ServletWebServerFactoryConfiguration.EmbeddedJetty:
      Did not match:
         - @ConditionalOnClass did not find required classes 'org.eclipse.jetty.server.Server', 'org.eclipse.jetty.util.Loader', 'org.eclipse.jetty.ee10.webapp.WebAppContext' (OnClassCondition)

   ServletWebServerFactoryConfiguration.EmbeddedUndertow:
      Did not match:
         - @ConditionalOnClass did not find required classes 'io.undertow.Undertow', 'org.xnio.SslClientAuthMode' (OnClassCondition)

   SessionAutoConfiguration:
      Did not match:
         - @ConditionalOnClass did not find required class 'org.springframework.session.Session' (OnClassCondition)

   SpringApplicationAdminJmxAutoConfiguration:
      Did not match:
         - @ConditionalOnBooleanProperty (spring.application.admin.enabled=true) did not find property 'spring.application.admin.enabled' (OnPropertyCondition)

   TaskExecutorConfigurations.SimpleAsyncTaskExecutorBuilderConfiguration#simpleAsyncTaskExecutorBuilderVirtualThreads:
      Did not match:
         - @ConditionalOnMissingBean (types: org.springframework.boot.task.SimpleAsyncTaskExecutorBuilder; SearchStrategy: all) found beans of type 'org.springframework.boot.task.SimpleAsyncTaskExecutorBuilder' simpleAsyncTaskExecutorBuilder (OnBeanCondition)

   TaskExecutorConfigurations.TaskExecutorConfiguration:
      Did not match:
         - AnyNestedCondition 0 matched 2 did not; NestedCondition on TaskExecutorConfigurations.OnExecutorCondition.ModelCondition @ConditionalOnProperty (spring.task.execution.mode=force) did not find property 'spring.task.execution.mode'; NestedCondition on TaskExecutorConfigurations.OnExecutorCondition.ExecutorBeanCondition @ConditionalOnMissingBean (types: java.util.concurrent.Executor; SearchStrategy: all) found beans of type 'java.util.concurrent.Executor' clientInboundChannelExecutor, clientOutboundChannelExecutor, brokerChannelExecutor (TaskExecutorConfigurations.OnExecutorCondition)

   TaskSchedulingAutoConfiguration#scheduledBeanLazyInitializationExcludeFilter:
      Did not match:
         - @ConditionalOnBean (names: org.springframework.context.annotation.internalScheduledAnnotationProcessor; SearchStrategy: all) did not find any beans named org.springframework.context.annotation.internalScheduledAnnotationProcessor (OnBeanCondition)

   TaskSchedulingConfigurations.SimpleAsyncTaskSchedulerBuilderConfiguration#simpleAsyncTaskSchedulerBuilderVirtualThreads:
      Did not match:
         - @ConditionalOnMissingBean (types: org.springframework.boot.task.SimpleAsyncTaskSchedulerBuilder; SearchStrategy: all) found beans of type 'org.springframework.boot.task.SimpleAsyncTaskSchedulerBuilder' simpleAsyncTaskSchedulerBuilder (OnBeanCondition)

   TaskSchedulingConfigurations.TaskSchedulerConfiguration:
      Did not match:
         - @ConditionalOnBean (names: org.springframework.context.annotation.internalScheduledAnnotationProcessor; SearchStrategy: all) did not find any beans named org.springframework.context.annotation.internalScheduledAnnotationProcessor (OnBeanCondition)

   ThymeleafAutoConfiguration:
      Did not match:
         - @ConditionalOnClass did not find required class 'org.thymeleaf.spring6.SpringTemplateEngine' (OnClassCondition)

   TransactionAutoConfiguration#transactionalOperator:
      Did not match:
         - @ConditionalOnSingleCandidate (types: org.springframework.transaction.ReactiveTransactionManager; SearchStrategy: all) did not find any beans (OnBeanCondition)

   TransactionAutoConfiguration.AspectJTransactionManagementConfiguration:
      Did not match:
         - @ConditionalOnBean (types: org.springframework.transaction.aspectj.AbstractTransactionAspect; SearchStrategy: all) did not find any beans of type org.springframework.transaction.aspectj.AbstractTransactionAspect (OnBeanCondition)

   TransactionAutoConfiguration.EnableTransactionManagementConfiguration.JdkDynamicAutoProxyConfiguration:
      Did not match:
         - @ConditionalOnBooleanProperty (spring.aop.proxy-target-class=false) did not find property 'spring.aop.proxy-target-class' (OnPropertyCondition)

   UserDetailsServiceAutoConfiguration:
      Did not match:
         - @ConditionalOnClass did not find required class 'org.springframework.security.authentication.AuthenticationManager' (OnClassCondition)

   WebClientAutoConfiguration:
      Did not match:
         - @ConditionalOnClass did not find required class 'org.springframework.web.reactive.function.client.WebClient' (OnClassCondition)

   WebFluxAutoConfiguration:
      Did not match:
         - @ConditionalOnClass did not find required class 'org.springframework.web.reactive.config.WebFluxConfigurer' (OnClassCondition)

   WebMvcAutoConfiguration#hiddenHttpMethodFilter:
      Did not match:
         - @ConditionalOnBooleanProperty (spring.mvc.hiddenmethod.filter.enabled=true) did not find property 'spring.mvc.hiddenmethod.filter.enabled' (OnPropertyCondition)

   WebMvcAutoConfiguration.ProblemDetailsErrorHandlingConfiguration:
      Did not match:
         - @ConditionalOnBooleanProperty (spring.mvc.problemdetails.enabled=true) did not find property 'spring.mvc.problemdetails.enabled' (OnPropertyCondition)

   WebMvcAutoConfiguration.ResourceChainCustomizerConfiguration:
      Did not match:
         - @ConditionalOnEnabledResourceChain did not find class org.webjars.WebJarVersionLocator (OnEnabledResourceChainCondition)

   WebMvcAutoConfiguration.WebMvcAutoConfigurationAdapter#beanNameViewResolver:
      Did not match:
         - @ConditionalOnMissingBean (types: org.springframework.web.servlet.view.BeanNameViewResolver; SearchStrategy: all) found beans of type 'org.springframework.web.servlet.view.BeanNameViewResolver' beanNameViewResolver (OnBeanCondition)

   WebServiceTemplateAutoConfiguration:
      Did not match:
         - @ConditionalOnClass did not find required class 'org.springframework.oxm.Marshaller' (OnClassCondition)

   WebServicesAutoConfiguration:
      Did not match:
         - @ConditionalOnClass did not find required class 'org.springframework.ws.transport.http.MessageDispatcherServlet' (OnClassCondition)

   WebSessionIdResolverAutoConfiguration:
      Did not match:
         - @ConditionalOnClass did not find required class 'reactor.core.publisher.Mono' (OnClassCondition)

   WebSocketReactiveAutoConfiguration:
      Did not match:
         - @ConditionalOnWebApplication did not find reactive web application classes (OnWebApplicationCondition)

   WebSocketServletAutoConfiguration.JettyWebSocketConfiguration:
      Did not match:
         - @ConditionalOnClass did not find required class 'org.eclipse.jetty.ee10.websocket.jakarta.server.config.JakartaWebSocketServletContainerInitializer' (OnClassCondition)

   WebSocketServletAutoConfiguration.UndertowWebSocketConfiguration:
      Did not match:
         - @ConditionalOnClass did not find required class 'io.undertow.websockets.jsr.Bootstrap' (OnClassCondition)

   XADataSourceAutoConfiguration:
      Did not match:
         - @ConditionalOnBean (types: org.springframework.boot.jdbc.XADataSourceWrapper; SearchStrategy: all) did not find any beans of type org.springframework.boot.jdbc.XADataSourceWrapper (OnBeanCondition)
      Matched:
         - @ConditionalOnClass found required classes 'javax.sql.DataSource', 'jakarta.transaction.TransactionManager', 'org.springframework.jdbc.datasource.embedded.EmbeddedDatabaseType' (OnClassCondition)


Exclusions:
-----------

    None


Unconditional classes:
----------------------

    org.springframework.boot.autoconfigure.context.ConfigurationPropertiesAutoConfiguration

    org.springframework.boot.autoconfigure.ssl.SslAutoConfiguration

    org.springframework.boot.autoconfigure.context.LifecycleAutoConfiguration

    org.springframework.boot.autoconfigure.context.PropertyPlaceholderAutoConfiguration

    org.springframework.boot.autoconfigure.availability.ApplicationAvailabilityAutoConfiguration

    org.springframework.boot.autoconfigure.info.ProjectInfoAutoConfiguration



2026-05-08T15:55:37.229-07:00  INFO 19992 --- [           main] c.e.c.CampConnectBackEndApplication      : Started CampConnectBackEndApplication in 12.495 seconds (process running for 13.725)
2026-05-08T15:55:37.230-07:00 DEBUG 19992 --- [           main] o.s.b.a.ApplicationAvailabilityBean      : Application availability state LivenessState changed to CORRECT
2026-05-08T15:55:37.235-07:00 DEBUG 19992 --- [           main] o.s.b.a.ApplicationAvailabilityBean      : Application availability state ReadinessState changed to ACCEPTING_TRAFFIC
2026-05-08T15:55:37.647-07:00  INFO 19992 --- [nio-8080-exec-1] o.a.c.c.C.[Tomcat].[localhost].[/]       : Initializing Spring DispatcherServlet 'dispatcherServlet'
2026-05-08T15:55:37.657-07:00  INFO 19992 --- [nio-8080-exec-1] o.s.web.servlet.DispatcherServlet        : Initializing Servlet 'dispatcherServlet'
2026-05-08T15:55:37.658-07:00 DEBUG 19992 --- [nio-8080-exec-1] o.s.web.servlet.DispatcherServlet        : Detected StandardServletMultipartResolver
2026-05-08T15:55:37.660-07:00 DEBUG 19992 --- [nio-8080-exec-1] o.s.web.servlet.DispatcherServlet        : Detected AcceptHeaderLocaleResolver
2026-05-08T15:55:37.660-07:00 DEBUG 19992 --- [nio-8080-exec-1] o.s.web.servlet.DispatcherServlet        : Detected FixedThemeResolver
2026-05-08T15:55:37.661-07:00 DEBUG 19992 --- [nio-8080-exec-1] o.s.web.servlet.DispatcherServlet        : Detected org.springframework.web.servlet.view.DefaultRequestToViewNameTranslator@6023b6d2
2026-05-08T15:55:37.661-07:00 DEBUG 19992 --- [nio-8080-exec-1] o.s.web.servlet.DispatcherServlet        : Detected org.springframework.web.servlet.support.SessionFlashMapManager@5aadad55
2026-05-08T15:55:37.662-07:00 DEBUG 19992 --- [nio-8080-exec-1] o.s.web.servlet.DispatcherServlet        : enableLoggingRequestDetails='false': request parameters and headers will be masked to prevent unsafe logging of potentially sensitive data
2026-05-08T15:55:37.663-07:00  INFO 19992 --- [nio-8080-exec-1] o.s.web.servlet.DispatcherServlet        : Completed initialization in 5 ms
2026-05-08T15:55:37.701-07:00 DEBUG 19992 --- [nio-8080-exec-1] o.s.web.servlet.DispatcherServlet        : OPTIONS "/api/messages/private", parameters={}
2026-05-08T15:55:37.717-07:00 DEBUG 19992 --- [nio-8080-exec-1] s.w.s.m.m.a.RequestMappingHandlerMapping : Mapped to org.springframework.web.servlet.mvc.method.RequestMappingInfoHandlerMapping$HttpOptionsHandler#handle()
2026-05-08T15:55:37.754-07:00 DEBUG 19992 --- [nio-8080-exec-1] o.s.web.servlet.DispatcherServlet        : Completed 200 OK
2026-05-08T15:55:37.847-07:00 DEBUG 19992 --- [nio-8080-exec-2] o.s.web.servlet.DispatcherServlet        : OPTIONS "/api/messages/group", parameters={}
2026-05-08T15:55:37.849-07:00 DEBUG 19992 --- [nio-8080-exec-2] s.w.s.m.m.a.RequestMappingHandlerMapping : Mapped to org.springframework.web.servlet.mvc.method.RequestMappingInfoHandlerMapping$HttpOptionsHandler#handle()
2026-05-08T15:55:37.849-07:00 DEBUG 19992 --- [nio-8080-exec-2] o.s.web.servlet.DispatcherServlet        : Completed 200 OK
2026-05-08T15:55:44.999-07:00 DEBUG 19992 --- [nio-8080-exec-4] o.s.web.servlet.DispatcherServlet        : GET "/api/messages/conversation/1/2", parameters={}
2026-05-08T15:55:45.029-07:00 DEBUG 19992 --- [nio-8080-exec-4] s.w.s.m.m.a.RequestMappingHandlerMapping : Mapped to com.example.campconnect_backend.Controllers.MessageController#getConversation(Long, Long)
2026-05-08T15:55:45.159-07:00 DEBUG 19992 --- [nio-8080-exec-4] org.hibernate.SQL                        : 
    select
        m1_0.id,
        m1_0.content,
        m1_0.group_match_id,
        m1_0.is_read,
        m1_0.receiver_id,
        m1_0.sender_id,
        m1_0.sent_at 
    from
        messages m1_0 
    where
        (
            m1_0.sender_id=? 
            and m1_0.receiver_id=?
        ) 
        or (
            m1_0.sender_id=? 
            and m1_0.receiver_id=?
        ) 
    order by
        m1_0.sent_at
Hibernate: 
    select
        m1_0.id,
        m1_0.content,
        m1_0.group_match_id,
        m1_0.is_read,
        m1_0.receiver_id,
        m1_0.sender_id,
        m1_0.sent_at 
    from
        messages m1_0 
    where
        (
            m1_0.sender_id=? 
            and m1_0.receiver_id=?
        ) 
        or (
            m1_0.sender_id=? 
            and m1_0.receiver_id=?
        ) 
    order by
        m1_0.sent_at
2026-05-08T15:55:45.238-07:00 DEBUG 19992 --- [nio-8080-exec-4] org.hibernate.SQL                        : 
    select
        u1_0.id,
        u1_0.avatar_url,
        u1_0.email,
        u1_0.password,
        u1_0.username 
    from
        users u1_0 
    where
        u1_0.id=?
Hibernate: 
    select
        u1_0.id,
        u1_0.avatar_url,
        u1_0.email,
        u1_0.password,
        u1_0.username 
    from
        users u1_0 
    where
        u1_0.id=?
2026-05-08T15:55:45.252-07:00 DEBUG 19992 --- [nio-8080-exec-4] org.hibernate.SQL                        : 
    select
        u1_0.id,
        u1_0.avatar_url,
        u1_0.email,
        u1_0.password,
        u1_0.username 
    from
        users u1_0 
    where
        u1_0.id=?
Hibernate: 
    select
        u1_0.id,
        u1_0.avatar_url,
        u1_0.email,
        u1_0.password,
        u1_0.username 
    from
        users u1_0 
    where
        u1_0.id=?
2026-05-08T15:55:45.274-07:00 DEBUG 19992 --- [nio-8080-exec-4] o.s.w.s.m.m.a.HttpEntityMethodProcessor  : Using 'application/json', given [application/json, text/plain, */*] and supported [application/json, application/*+json]
2026-05-08T15:55:45.284-07:00 DEBUG 19992 --- [nio-8080-exec-4] o.s.w.s.m.m.a.HttpEntityMethodProcessor  : Writing [[MessageDto.Response(id=6, content=Hi John, want to practice together?, sentAt=2026-04-06T08:30, sen (truncated)...]
2026-05-08T15:55:45.384-07:00 DEBUG 19992 --- [nio-8080-exec-4] o.s.web.servlet.DispatcherServlet        : Completed 200 OK
2026-05-08T15:56:08.062-07:00 DEBUG 19992 --- [nio-8080-exec-5] o.s.web.servlet.DispatcherServlet        : POST "/api/messages/group", parameters={}
2026-05-08T15:56:08.063-07:00 DEBUG 19992 --- [nio-8080-exec-8] o.s.web.servlet.DispatcherServlet        : POST "/api/messages/private", parameters={}
2026-05-08T15:56:08.064-07:00 DEBUG 19992 --- [nio-8080-exec-5] s.w.s.m.m.a.RequestMappingHandlerMapping : Mapped to com.example.campconnect_backend.Controllers.MessageController#sendGroup(WsPayload)
2026-05-08T15:56:08.066-07:00 DEBUG 19992 --- [nio-8080-exec-8] s.w.s.m.m.a.RequestMappingHandlerMapping : Mapped to com.example.campconnect_backend.Controllers.MessageController#sendPrivate(WsPayload)
2026-05-08T15:56:08.068-07:00 DEBUG 19992 --- [nio-8080-exec-6] o.s.web.servlet.DispatcherServlet        : OPTIONS "/api/messages/group", parameters={}
2026-05-08T15:56:08.068-07:00 DEBUG 19992 --- [nio-8080-exec-9] o.s.web.servlet.DispatcherServlet        : OPTIONS "/api/messages/private", parameters={}
2026-05-08T15:56:08.069-07:00 DEBUG 19992 --- [nio-8080-exec-6] s.w.s.m.m.a.RequestMappingHandlerMapping : Mapped to org.springframework.web.servlet.mvc.method.RequestMappingInfoHandlerMapping$HttpOptionsHandler#handle()
2026-05-08T15:56:08.070-07:00 DEBUG 19992 --- [nio-8080-exec-6] o.s.web.servlet.DispatcherServlet        : Completed 200 OK
2026-05-08T15:56:08.071-07:00 DEBUG 19992 --- [nio-8080-exec-9] s.w.s.m.m.a.RequestMappingHandlerMapping : Mapped to org.springframework.web.servlet.mvc.method.RequestMappingInfoHandlerMapping$HttpOptionsHandler#handle()
2026-05-08T15:56:08.072-07:00 DEBUG 19992 --- [nio-8080-exec-9] o.s.web.servlet.DispatcherServlet        : Completed 200 OK
2026-05-08T15:56:08.158-07:00 DEBUG 19992 --- [nio-8080-exec-8] m.m.a.RequestResponseBodyMethodProcessor : Read "application/json;charset=UTF-8" to [MessageDto.WsPayload(senderId=999999, receiverId=999998, groupMatchId=null, content=codex-route-chec (truncated)...]
2026-05-08T15:56:08.158-07:00 DEBUG 19992 --- [nio-8080-exec-5] m.m.a.RequestResponseBodyMethodProcessor : Read "application/json;charset=UTF-8" to [MessageDto.WsPayload(senderId=999999, receiverId=null, groupMatchId=999998, content=codex-route-chec (truncated)...]
2026-05-08T15:56:08.181-07:00 DEBUG 19992 --- [nio-8080-exec-8] org.hibernate.SQL                        : 
    select
        u1_0.id,
        u1_0.avatar_url,
        u1_0.email,
        u1_0.password,
        u1_0.username 
    from
        users u1_0 
    where
        u1_0.id=?
Hibernate: 
    select
        u1_0.id,
        u1_0.avatar_url,
        u1_0.email,
        u1_0.password,
        u1_0.username 
    from
        users u1_0 
    where
        u1_0.id=?
2026-05-08T15:56:08.183-07:00 DEBUG 19992 --- [nio-8080-exec-5] org.hibernate.SQL                        : 
    select
        u1_0.id,
        u1_0.avatar_url,
        u1_0.email,
        u1_0.password,
        u1_0.username 
    from
        users u1_0 
    where
        u1_0.id=?
Hibernate: 
    select
        u1_0.id,
        u1_0.avatar_url,
        u1_0.email,
        u1_0.password,
        u1_0.username 
    from
        users u1_0 
    where
        u1_0.id=?
2026-05-08T15:56:08.207-07:00 DEBUG 19992 --- [nio-8080-exec-5] .w.s.m.a.ResponseStatusExceptionResolver : Resolved [org.springframework.web.server.ResponseStatusException: 404 NOT_FOUND "User introuvable"]
2026-05-08T15:56:08.208-07:00 DEBUG 19992 --- [nio-8080-exec-5] o.s.web.servlet.DispatcherServlet        : Completed 404 NOT_FOUND
2026-05-08T15:56:08.207-07:00 DEBUG 19992 --- [nio-8080-exec-8] .w.s.m.a.ResponseStatusExceptionResolver : Resolved [org.springframework.web.server.ResponseStatusException: 404 NOT_FOUND "User introuvable"]
2026-05-08T15:56:08.212-07:00 DEBUG 19992 --- [nio-8080-exec-8] o.s.web.servlet.DispatcherServlet        : Completed 404 NOT_FOUND
2026-05-08T15:56:08.229-07:00 DEBUG 19992 --- [nio-8080-exec-8] o.s.web.servlet.DispatcherServlet        : "ERROR" dispatch for POST "/error", parameters={}
2026-05-08T15:56:08.229-07:00 DEBUG 19992 --- [nio-8080-exec-5] o.s.web.servlet.DispatcherServlet        : "ERROR" dispatch for POST "/error", parameters={}
2026-05-08T15:56:08.231-07:00 DEBUG 19992 --- [nio-8080-exec-5] s.w.s.m.m.a.RequestMappingHandlerMapping : Mapped to org.springframework.boot.autoconfigure.web.servlet.error.BasicErrorController#error(HttpServletRequest)
2026-05-08T15:56:08.232-07:00 DEBUG 19992 --- [nio-8080-exec-8] s.w.s.m.m.a.RequestMappingHandlerMapping : Mapped to org.springframework.boot.autoconfigure.web.servlet.error.BasicErrorController#error(HttpServletRequest)
2026-05-08T15:56:08.247-07:00 DEBUG 19992 --- [nio-8080-exec-8] o.s.w.s.m.m.a.HttpEntityMethodProcessor  : Using 'application/json', given [*/*] and supported [application/json, application/*+json]
2026-05-08T15:56:08.247-07:00 DEBUG 19992 --- [nio-8080-exec-5] o.s.w.s.m.m.a.HttpEntityMethodProcessor  : Using 'application/json', given [*/*] and supported [application/json, application/*+json]
2026-05-08T15:56:08.251-07:00 DEBUG 19992 --- [nio-8080-exec-5] o.s.w.s.m.m.a.HttpEntityMethodProcessor  : Writing [{timestamp=Fri May 08 15:56:08 PDT 2026, status=404, error=Not Found, path=/api/messages/group}]
2026-05-08T15:56:08.251-07:00 DEBUG 19992 --- [nio-8080-exec-8] o.s.w.s.m.m.a.HttpEntityMethodProcessor  : Writing [{timestamp=Fri May 08 15:56:08 PDT 2026, status=404, error=Not Found, path=/api/messages/private}]
2026-05-08T15:56:08.269-07:00 DEBUG 19992 --- [nio-8080-exec-8] o.s.web.servlet.DispatcherServlet        : Exiting from "ERROR" dispatch, status 404
2026-05-08T15:56:08.269-07:00 DEBUG 19992 --- [nio-8080-exec-5] o.s.web.servlet.DispatcherServlet        : Exiting from "ERROR" dispatch, status 404
2026-05-08T15:56:37.024-07:00  INFO 19992 --- [MessageBroker-1] o.s.w.s.c.WebSocketMessageBrokerStats    : WebSocketSession[0 current WS(0)-HttpStream(0)-HttpPoll(0), 0 total, 0 closed abnormally (0 connect failure, 0 send limit, 0 transport error)], stompSubProtocol[processed CONNECT(0)-CONNECTED(0)-DISCONNECT(0)], stompBrokerRelay[null], inboundChannel[pool size = 0, active threads = 0, queued tasks = 0, completed tasks = 0], outboundChannel[pool size = 0, active threads = 0, queued tasks = 0, completed tasks = 0], sockJsScheduler[pool size = 1, active threads = 1, queued tasks = 0, completed tasks = 0]
2026-05-08T15:56:43.450-07:00 DEBUG 19992 --- [nio-8080-exec-3] o.s.web.servlet.DispatcherServlet        : GET "/api/users", parameters={}
2026-05-08T15:56:43.451-07:00 DEBUG 19992 --- [nio-8080-exec-3] s.w.s.m.m.a.RequestMappingHandlerMapping : Mapped to com.example.campconnect_backend.Controllers.UserController#getAll()
2026-05-08T15:56:43.483-07:00 DEBUG 19992 --- [nio-8080-exec-3] org.hibernate.SQL                        : 
    select
        u1_0.id,
        u1_0.avatar_url,
        u1_0.email,
        u1_0.password,
        u1_0.username 
    from
        users u1_0
Hibernate: 
    select
        u1_0.id,
        u1_0.avatar_url,
        u1_0.email,
        u1_0.password,
        u1_0.username 
    from
        users u1_0
2026-05-08T15:56:43.494-07:00 DEBUG 19992 --- [nio-8080-exec-3] o.s.w.s.m.m.a.HttpEntityMethodProcessor  : Using 'application/json', given [application/json, text/plain, */*] and supported [application/json, application/*+json]
2026-05-08T15:56:43.495-07:00 DEBUG 19992 --- [nio-8080-exec-3] o.s.w.s.m.m.a.HttpEntityMethodProcessor  : Writing [[UserDto.Response(id=1, username=john_doe, email=john@example.com, avatarUrl=https://example.com/ava (truncated)...]
2026-05-08T15:56:43.499-07:00 DEBUG 19992 --- [nio-8080-exec-3] o.s.web.servlet.DispatcherServlet        : Completed 200 OK
2026-05-08T15:56:43.523-07:00 DEBUG 19992 --- [nio-8080-exec-4] o.s.web.servlet.DispatcherServlet        : GET "/api/messages/conversation/1/2", parameters={}
2026-05-08T15:56:43.524-07:00 DEBUG 19992 --- [nio-8080-exec-4] s.w.s.m.m.a.RequestMappingHandlerMapping : Mapped to com.example.campconnect_backend.Controllers.MessageController#getConversation(Long, Long)
2026-05-08T15:56:43.529-07:00 DEBUG 19992 --- [nio-8080-exec-4] org.hibernate.SQL                        : 
    select
        m1_0.id,
        m1_0.content,
        m1_0.group_match_id,
        m1_0.is_read,
        m1_0.receiver_id,
        m1_0.sender_id,
        m1_0.sent_at 
    from
        messages m1_0 
    where
        (
            m1_0.sender_id=? 
            and m1_0.receiver_id=?
        ) 
        or (
            m1_0.sender_id=? 
            and m1_0.receiver_id=?
        ) 
    order by
        m1_0.sent_at
Hibernate: 
    select
        m1_0.id,
        m1_0.content,
        m1_0.group_match_id,
        m1_0.is_read,
        m1_0.receiver_id,
        m1_0.sender_id,
        m1_0.sent_at 
    from
        messages m1_0 
    where
        (
            m1_0.sender_id=? 
            and m1_0.receiver_id=?
        ) 
        or (
            m1_0.sender_id=? 
            and m1_0.receiver_id=?
        ) 
    order by
        m1_0.sent_at
2026-05-08T15:56:43.537-07:00 DEBUG 19992 --- [nio-8080-exec-4] org.hibernate.SQL                        : 
    select
        u1_0.id,
        u1_0.avatar_url,
        u1_0.email,
        u1_0.password,
        u1_0.username 
    from
        users u1_0 
    where
        u1_0.id=?
Hibernate: 
    select
        u1_0.id,
        u1_0.avatar_url,
        u1_0.email,
        u1_0.password,
        u1_0.username 
    from
        users u1_0 
    where
        u1_0.id=?
2026-05-08T15:56:43.540-07:00 DEBUG 19992 --- [nio-8080-exec-4] org.hibernate.SQL                        : 
    select
        u1_0.id,
        u1_0.avatar_url,
        u1_0.email,
        u1_0.password,
        u1_0.username 
    from
        users u1_0 
    where
        u1_0.id=?
Hibernate: 
    select
        u1_0.id,
        u1_0.avatar_url,
        u1_0.email,
        u1_0.password,
        u1_0.username 
    from
        users u1_0 
    where
        u1_0.id=?
2026-05-08T15:56:43.545-07:00 DEBUG 19992 --- [nio-8080-exec-4] o.s.w.s.m.m.a.HttpEntityMethodProcessor  : Using 'application/json', given [application/json, text/plain, */*] and supported [application/json, application/*+json]
2026-05-08T15:56:43.546-07:00 DEBUG 19992 --- [nio-8080-exec-4] o.s.w.s.m.m.a.HttpEntityMethodProcessor  : Writing [[MessageDto.Response(id=6, content=Hi John, want to practice together?, sentAt=2026-04-06T08:30, sen (truncated)...]
2026-05-08T15:56:43.548-07:00 DEBUG 19992 --- [nio-8080-exec-4] o.s.web.servlet.DispatcherServlet        : Completed 200 OK
2026-05-08T15:56:47.917-07:00 DEBUG 19992 --- [nio-8080-exec-6] o.s.web.servlet.DispatcherServlet        : GET "/api/messages/conversation/1/2", parameters={}
2026-05-08T15:56:47.921-07:00 DEBUG 19992 --- [nio-8080-exec-6] s.w.s.m.m.a.RequestMappingHandlerMapping : Mapped to com.example.campconnect_backend.Controllers.MessageController#getConversation(Long, Long)
2026-05-08T15:56:47.923-07:00 DEBUG 19992 --- [nio-8080-exec-6] org.hibernate.SQL                        : 
    select
        m1_0.id,
        m1_0.content,
        m1_0.group_match_id,
        m1_0.is_read,
        m1_0.receiver_id,
        m1_0.sender_id,
        m1_0.sent_at 
    from
        messages m1_0 
    where
        (
            m1_0.sender_id=? 
            and m1_0.receiver_id=?
        ) 
        or (
            m1_0.sender_id=? 
            and m1_0.receiver_id=?
        ) 
    order by
        m1_0.sent_at
Hibernate: 
    select
        m1_0.id,
        m1_0.content,
        m1_0.group_match_id,
        m1_0.is_read,
        m1_0.receiver_id,
        m1_0.sender_id,
        m1_0.sent_at 
    from
        messages m1_0 
    where
        (
            m1_0.sender_id=? 
            and m1_0.receiver_id=?
        ) 
        or (
            m1_0.sender_id=? 
            and m1_0.receiver_id=?
        ) 
    order by
        m1_0.sent_at
2026-05-08T15:56:47.927-07:00 DEBUG 19992 --- [nio-8080-exec-6] org.hibernate.SQL                        : 
    select
        u1_0.id,
        u1_0.avatar_url,
        u1_0.email,
        u1_0.password,
        u1_0.username 
    from
        users u1_0 
    where
        u1_0.id=?
Hibernate: 
    select
        u1_0.id,
        u1_0.avatar_url,
        u1_0.email,
        u1_0.password,
        u1_0.username 
    from
        users u1_0 
    where
        u1_0.id=?
2026-05-08T15:56:47.929-07:00 DEBUG 19992 --- [nio-8080-exec-6] org.hibernate.SQL                        : 
    select
        u1_0.id,
        u1_0.avatar_url,
        u1_0.email,
        u1_0.password,
        u1_0.username 
    from
        users u1_0 
    where
        u1_0.id=?
Hibernate: 
    select
        u1_0.id,
        u1_0.avatar_url,
        u1_0.email,
        u1_0.password,
        u1_0.username 
    from
        users u1_0 
    where
        u1_0.id=?
2026-05-08T15:56:47.932-07:00 DEBUG 19992 --- [nio-8080-exec-6] o.s.w.s.m.m.a.HttpEntityMethodProcessor  : Using 'application/json', given [application/json, text/plain, */*] and supported [application/json, application/*+json]
2026-05-08T15:56:47.933-07:00 DEBUG 19992 --- [nio-8080-exec-6] o.s.w.s.m.m.a.HttpEntityMethodProcessor  : Writing [[MessageDto.Response(id=6, content=Hi John, want to practice together?, sentAt=2026-04-06T08:30, sen (truncated)...]
2026-05-08T15:56:47.934-07:00 DEBUG 19992 --- [nio-8080-exec-6] o.s.web.servlet.DispatcherServlet        : Completed 200 OK
2026-05-08T15:56:51.919-07:00 DEBUG 19992 --- [nio-8080-exec-9] o.s.web.servlet.DispatcherServlet        : GET "/api/messages/conversation/1/2", parameters={}
2026-05-08T15:56:51.920-07:00 DEBUG 19992 --- [nio-8080-exec-9] s.w.s.m.m.a.RequestMappingHandlerMapping : Mapped to com.example.campconnect_backend.Controllers.MessageController#getConversation(Long, Long)
2026-05-08T15:56:51.925-07:00 DEBUG 19992 --- [nio-8080-exec-9] org.hibernate.SQL                        : 
    select
        m1_0.id,
        m1_0.content,
        m1_0.group_match_id,
        m1_0.is_read,
        m1_0.receiver_id,
        m1_0.sender_id,
        m1_0.sent_at 
    from
        messages m1_0 
    where
        (
            m1_0.sender_id=? 
            and m1_0.receiver_id=?
        ) 
        or (
            m1_0.sender_id=? 
            and m1_0.receiver_id=?
        ) 
    order by
        m1_0.sent_at
Hibernate: 
    select
        m1_0.id,
        m1_0.content,
        m1_0.group_match_id,
        m1_0.is_read,
        m1_0.receiver_id,
        m1_0.sender_id,
        m1_0.sent_at 
    from
        messages m1_0 
    where
        (
            m1_0.sender_id=? 
            and m1_0.receiver_id=?
        ) 
        or (
            m1_0.sender_id=? 
            and m1_0.receiver_id=?
        ) 
    order by
        m1_0.sent_at
2026-05-08T15:56:51.931-07:00 DEBUG 19992 --- [nio-8080-exec-9] org.hibernate.SQL                        : 
    select
        u1_0.id,
        u1_0.avatar_url,
        u1_0.email,
        u1_0.password,
        u1_0.username 
    from
        users u1_0 
    where
        u1_0.id=?
Hibernate: 
    select
        u1_0.id,
        u1_0.avatar_url,
        u1_0.email,
        u1_0.password,
        u1_0.username 
    from
        users u1_0 
    where
        u1_0.id=?
2026-05-08T15:56:51.935-07:00 DEBUG 19992 --- [nio-8080-exec-9] org.hibernate.SQL                        : 
    select
        u1_0.id,
        u1_0.avatar_url,
        u1_0.email,
        u1_0.password,
        u1_0.username 
    from
        users u1_0 
    where
        u1_0.id=?
Hibernate: 
    select
        u1_0.id,
        u1_0.avatar_url,
        u1_0.email,
        u1_0.password,
        u1_0.username 
    from
        users u1_0 
    where
        u1_0.id=?
2026-05-08T15:56:51.941-07:00 DEBUG 19992 --- [nio-8080-exec-9] o.s.w.s.m.m.a.HttpEntityMethodProcessor  : Using 'application/json', given [application/json, text/plain, */*] and supported [application/json, application/*+json]
2026-05-08T15:56:51.942-07:00 DEBUG 19992 --- [nio-8080-exec-9] o.s.w.s.m.m.a.HttpEntityMethodProcessor  : Writing [[MessageDto.Response(id=6, content=Hi John, want to practice together?, sentAt=2026-04-06T08:30, sen (truncated)...]
2026-05-08T15:56:51.944-07:00 DEBUG 19992 --- [nio-8080-exec-9] o.s.web.servlet.DispatcherServlet        : Completed 200 OK
2026-05-08T15:56:55.918-07:00 DEBUG 19992 --- [nio-8080-exec-8] o.s.web.servlet.DispatcherServlet        : GET "/api/messages/conversation/1/2", parameters={}
2026-05-08T15:56:55.984-07:00 DEBUG 19992 --- [nio-8080-exec-8] s.w.s.m.m.a.RequestMappingHandlerMapping : Mapped to com.example.campconnect_backend.Controllers.MessageController#getConversation(Long, Long)
2026-05-08T15:56:56.024-07:00 DEBUG 19992 --- [nio-8080-exec-8] org.hibernate.SQL                        : 
    select
        m1_0.id,
        m1_0.content,
        m1_0.group_match_id,
        m1_0.is_read,
        m1_0.receiver_id,
        m1_0.sender_id,
        m1_0.sent_at 
    from
        messages m1_0 
    where
        (
            m1_0.sender_id=? 
            and m1_0.receiver_id=?
        ) 
        or (
            m1_0.sender_id=? 
            and m1_0.receiver_id=?
        ) 
    order by
        m1_0.sent_at
Hibernate: 
    select
        m1_0.id,
        m1_0.content,
        m1_0.group_match_id,
        m1_0.is_read,
        m1_0.receiver_id,
        m1_0.sender_id,
        m1_0.sent_at 
    from
        messages m1_0 
    where
        (
            m1_0.sender_id=? 
            and m1_0.receiver_id=?
        ) 
        or (
            m1_0.sender_id=? 
            and m1_0.receiver_id=?
        ) 
    order by
        m1_0.sent_at
2026-05-08T15:56:56.031-07:00 DEBUG 19992 --- [nio-8080-exec-8] org.hibernate.SQL                        : 
    select
        u1_0.id,
        u1_0.avatar_url,
        u1_0.email,
        u1_0.password,
        u1_0.username 
    from
        users u1_0 
    where
        u1_0.id=?
Hibernate: 
    select
        u1_0.id,
        u1_0.avatar_url,
        u1_0.email,
        u1_0.password,
        u1_0.username 
    from
        users u1_0 
    where
        u1_0.id=?
2026-05-08T15:56:56.038-07:00 DEBUG 19992 --- [nio-8080-exec-8] org.hibernate.SQL                        : 
    select
        u1_0.id,
        u1_0.avatar_url,
        u1_0.email,
        u1_0.password,
        u1_0.username 
    from
        users u1_0 
    where
        u1_0.id=?
Hibernate: 
    select
        u1_0.id,
        u1_0.avatar_url,
        u1_0.email,
        u1_0.password,
        u1_0.username 
    from
        users u1_0 
    where
        u1_0.id=?
2026-05-08T15:56:56.043-07:00 DEBUG 19992 --- [nio-8080-exec-8] o.s.w.s.m.m.a.HttpEntityMethodProcessor  : Using 'application/json', given [application/json, text/plain, */*] and supported [application/json, application/*+json]
2026-05-08T15:56:56.044-07:00 DEBUG 19992 --- [nio-8080-exec-8] o.s.w.s.m.m.a.HttpEntityMethodProcessor  : Writing [[MessageDto.Response(id=6, content=Hi John, want to practice together?, sentAt=2026-04-06T08:30, sen (truncated)...]
2026-05-08T15:56:56.046-07:00 DEBUG 19992 --- [nio-8080-exec-8] o.s.web.servlet.DispatcherServlet        : Completed 200 OK
2026-05-08T15:56:59.908-07:00 DEBUG 19992 --- [nio-8080-exec-5] o.s.web.servlet.DispatcherServlet        : GET "/api/messages/conversation/1/2", parameters={}
2026-05-08T15:56:59.909-07:00 DEBUG 19992 --- [nio-8080-exec-5] s.w.s.m.m.a.RequestMappingHandlerMapping : Mapped to com.example.campconnect_backend.Controllers.MessageController#getConversation(Long, Long)
2026-05-08T15:56:59.911-07:00 DEBUG 19992 --- [nio-8080-exec-5] org.hibernate.SQL                        : 
    select
        m1_0.id,
        m1_0.content,
        m1_0.group_match_id,
        m1_0.is_read,
        m1_0.receiver_id,
        m1_0.sender_id,
        m1_0.sent_at 
    from
        messages m1_0 
    where
        (
            m1_0.sender_id=? 
            and m1_0.receiver_id=?
        ) 
        or (
            m1_0.sender_id=? 
            and m1_0.receiver_id=?
        ) 
    order by
        m1_0.sent_at
Hibernate: 
    select
        m1_0.id,
        m1_0.content,
        m1_0.group_match_id,
        m1_0.is_read,
        m1_0.receiver_id,
        m1_0.sender_id,
        m1_0.sent_at 
    from
        messages m1_0 
    where
        (
            m1_0.sender_id=? 
            and m1_0.receiver_id=?
        ) 
        or (
            m1_0.sender_id=? 
            and m1_0.receiver_id=?
        ) 
    order by
        m1_0.sent_at
2026-05-08T15:56:59.915-07:00 DEBUG 19992 --- [nio-8080-exec-5] org.hibernate.SQL                        : 
    select
        u1_0.id,
        u1_0.avatar_url,
        u1_0.email,
        u1_0.password,
        u1_0.username 
    from
        users u1_0 
    where
        u1_0.id=?
Hibernate: 
    select
        u1_0.id,
        u1_0.avatar_url,
        u1_0.email,
        u1_0.password,
        u1_0.username 
    from
        users u1_0 
    where
        u1_0.id=?
2026-05-08T15:56:59.918-07:00 DEBUG 19992 --- [nio-8080-exec-5] org.hibernate.SQL                        : 
    select
        u1_0.id,
        u1_0.avatar_url,
        u1_0.email,
        u1_0.password,
        u1_0.username 
    from
        users u1_0 
    where
        u1_0.id=?
Hibernate: 
    select
        u1_0.id,
        u1_0.avatar_url,
        u1_0.email,
        u1_0.password,
        u1_0.username 
    from
        users u1_0 
    where
        u1_0.id=?
2026-05-08T15:56:59.921-07:00 DEBUG 19992 --- [nio-8080-exec-5] o.s.w.s.m.m.a.HttpEntityMethodProcessor  : Using 'application/json', given [application/json, text/plain, */*] and supported [application/json, application/*+json]
2026-05-08T15:56:59.922-07:00 DEBUG 19992 --- [nio-8080-exec-5] o.s.w.s.m.m.a.HttpEntityMethodProcessor  : Writing [[MessageDto.Response(id=6, content=Hi John, want to practice together?, sentAt=2026-04-06T08:30, sen (truncated)...]
2026-05-08T15:56:59.924-07:00 DEBUG 19992 --- [nio-8080-exec-5] o.s.web.servlet.DispatcherServlet        : Completed 200 OK
2026-05-08T15:57:03.909-07:00 DEBUG 19992 --- [nio-8080-exec-7] o.s.web.servlet.DispatcherServlet        : GET "/api/messages/conversation/1/2", parameters={}
2026-05-08T15:57:03.910-07:00 DEBUG 19992 --- [nio-8080-exec-7] s.w.s.m.m.a.RequestMappingHandlerMapping : Mapped to com.example.campconnect_backend.Controllers.MessageController#getConversation(Long, Long)
2026-05-08T15:57:03.913-07:00 DEBUG 19992 --- [nio-8080-exec-7] org.hibernate.SQL                        : 
    select
        m1_0.id,
        m1_0.content,
        m1_0.group_match_id,
        m1_0.is_read,
        m1_0.receiver_id,
        m1_0.sender_id,
        m1_0.sent_at 
    from
        messages m1_0 
    where
        (
            m1_0.sender_id=? 
            and m1_0.receiver_id=?
        ) 
        or (
            m1_0.sender_id=? 
            and m1_0.receiver_id=?
        ) 
    order by
        m1_0.sent_at
Hibernate: 
    select
        m1_0.id,
        m1_0.content,
        m1_0.group_match_id,
        m1_0.is_read,
        m1_0.receiver_id,
        m1_0.sender_id,
        m1_0.sent_at 
    from
        messages m1_0 
    where
        (
            m1_0.sender_id=? 
            and m1_0.receiver_id=?
        ) 
        or (
            m1_0.sender_id=? 
            and m1_0.receiver_id=?
        ) 
    order by
        m1_0.sent_at
2026-05-08T15:57:03.916-07:00 DEBUG 19992 --- [nio-8080-exec-7] org.hibernate.SQL                        : 
    select
        u1_0.id,
        u1_0.avatar_url,
        u1_0.email,
        u1_0.password,
        u1_0.username 
    from
        users u1_0 
    where
        u1_0.id=?
Hibernate: 
    select
        u1_0.id,
        u1_0.avatar_url,
        u1_0.email,
        u1_0.password,
        u1_0.username 
    from
        users u1_0 
    where
        u1_0.id=?
2026-05-08T15:57:03.919-07:00 DEBUG 19992 --- [nio-8080-exec-7] org.hibernate.SQL                        : 
    select
        u1_0.id,
        u1_0.avatar_url,
        u1_0.email,
        u1_0.password,
        u1_0.username 
    from
        users u1_0 
    where
        u1_0.id=?
Hibernate: 
    select
        u1_0.id,
        u1_0.avatar_url,
        u1_0.email,
        u1_0.password,
        u1_0.username 
    from
        users u1_0 
    where
        u1_0.id=?
2026-05-08T15:57:03.925-07:00 DEBUG 19992 --- [nio-8080-exec-7] o.s.w.s.m.m.a.HttpEntityMethodProcessor  : Using 'application/json', given [application/json, text/plain, */*] and supported [application/json, application/*+json]
2026-05-08T15:57:03.925-07:00 DEBUG 19992 --- [nio-8080-exec-7] o.s.w.s.m.m.a.HttpEntityMethodProcessor  : Writing [[MessageDto.Response(id=6, content=Hi John, want to practice together?, sentAt=2026-04-06T08:30, sen (truncated)...]
2026-05-08T15:57:03.928-07:00 DEBUG 19992 --- [nio-8080-exec-7] o.s.web.servlet.DispatcherServlet        : Completed 200 OK
2026-05-08T15:57:07.915-07:00 DEBUG 19992 --- [io-8080-exec-10] o.s.web.servlet.DispatcherServlet        : GET "/api/messages/conversation/1/2", parameters={}
2026-05-08T15:57:07.917-07:00 DEBUG 19992 --- [io-8080-exec-10] s.w.s.m.m.a.RequestMappingHandlerMapping : Mapped to com.example.campconnect_backend.Controllers.MessageController#getConversation(Long, Long)
2026-05-08T15:57:07.919-07:00 DEBUG 19992 --- [io-8080-exec-10] org.hibernate.SQL                        : 
    select
        m1_0.id,
        m1_0.content,
        m1_0.group_match_id,
        m1_0.is_read,
        m1_0.receiver_id,
        m1_0.sender_id,
        m1_0.sent_at 
    from
        messages m1_0 
    where
        (
            m1_0.sender_id=? 
            and m1_0.receiver_id=?
        ) 
        or (
            m1_0.sender_id=? 
            and m1_0.receiver_id=?
        ) 
    order by
        m1_0.sent_at
Hibernate: 
    select
        m1_0.id,
        m1_0.content,
        m1_0.group_match_id,
        m1_0.is_read,
        m1_0.receiver_id,
        m1_0.sender_id,
        m1_0.sent_at 
    from
        messages m1_0 
    where
        (
            m1_0.sender_id=? 
            and m1_0.receiver_id=?
        ) 
        or (
            m1_0.sender_id=? 
            and m1_0.receiver_id=?
        ) 
    order by
        m1_0.sent_at
2026-05-08T15:57:07.924-07:00 DEBUG 19992 --- [io-8080-exec-10] org.hibernate.SQL                        : 
    select
        u1_0.id,
        u1_0.avatar_url,
        u1_0.email,
        u1_0.password,
        u1_0.username 
    from
        users u1_0 
    where
        u1_0.id=?
Hibernate: 
    select
        u1_0.id,
        u1_0.avatar_url,
        u1_0.email,
        u1_0.password,
        u1_0.username 
    from
        users u1_0 
    where
        u1_0.id=?
2026-05-08T15:57:07.926-07:00 DEBUG 19992 --- [io-8080-exec-10] org.hibernate.SQL                        : 
    select
        u1_0.id,
        u1_0.avatar_url,
        u1_0.email,
        u1_0.password,
        u1_0.username 
    from
        users u1_0 
    where
        u1_0.id=?
Hibernate: 
    select
        u1_0.id,
        u1_0.avatar_url,
        u1_0.email,
        u1_0.password,
        u1_0.username 
    from
        users u1_0 
    where
        u1_0.id=?
2026-05-08T15:57:07.929-07:00 DEBUG 19992 --- [io-8080-exec-10] o.s.w.s.m.m.a.HttpEntityMethodProcessor  : Using 'application/json', given [application/json, text/plain, */*] and supported [application/json, application/*+json]
2026-05-08T15:57:07.949-07:00 DEBUG 19992 --- [io-8080-exec-10] o.s.w.s.m.m.a.HttpEntityMethodProcessor  : Writing [[MessageDto.Response(id=6, content=Hi John, want to practice together?, sentAt=2026-04-06T08:30, sen (truncated)...]
2026-05-08T15:57:07.956-07:00 DEBUG 19992 --- [io-8080-exec-10] o.s.web.servlet.DispatcherServlet        : Completed 200 OK
2026-05-08T15:57:11.910-07:00 DEBUG 19992 --- [nio-8080-exec-1] o.s.web.servlet.DispatcherServlet        : GET "/api/messages/conversation/1/2", parameters={}
2026-05-08T15:57:11.910-07:00 DEBUG 19992 --- [nio-8080-exec-1] s.w.s.m.m.a.RequestMappingHandlerMapping : Mapped to com.example.campconnect_backend.Controllers.MessageController#getConversation(Long, Long)
2026-05-08T15:57:11.912-07:00 DEBUG 19992 --- [nio-8080-exec-1] org.hibernate.SQL                        : 
    select
        m1_0.id,
        m1_0.content,
        m1_0.group_match_id,
        m1_0.is_read,
        m1_0.receiver_id,
        m1_0.sender_id,
        m1_0.sent_at 
    from
        messages m1_0 
    where
        (
            m1_0.sender_id=? 
            and m1_0.receiver_id=?
        ) 
        or (
            m1_0.sender_id=? 
            and m1_0.receiver_id=?
        ) 
    order by
        m1_0.sent_at
Hibernate: 
    select
        m1_0.id,
        m1_0.content,
        m1_0.group_match_id,
        m1_0.is_read,
        m1_0.receiver_id,
        m1_0.sender_id,
        m1_0.sent_at 
    from
        messages m1_0 
    where
        (
            m1_0.sender_id=? 
            and m1_0.receiver_id=?
        ) 
        or (
            m1_0.sender_id=? 
            and m1_0.receiver_id=?
        ) 
    order by
        m1_0.sent_at
2026-05-08T15:57:11.916-07:00 DEBUG 19992 --- [nio-8080-exec-1] org.hibernate.SQL                        : 
    select
        u1_0.id,
        u1_0.avatar_url,
        u1_0.email,
        u1_0.password,
        u1_0.username 
    from
        users u1_0 
    where
        u1_0.id=?
Hibernate: 
    select
        u1_0.id,
        u1_0.avatar_url,
        u1_0.email,
        u1_0.password,
        u1_0.username 
    from
        users u1_0 
    where
        u1_0.id=?
2026-05-08T15:57:11.927-07:00 DEBUG 19992 --- [nio-8080-exec-1] org.hibernate.SQL                        : 
    select
        u1_0.id,
        u1_0.avatar_url,
        u1_0.email,
        u1_0.password,
        u1_0.username 
    from
        users u1_0 
    where
        u1_0.id=?
Hibernate: 
    select
        u1_0.id,
        u1_0.avatar_url,
        u1_0.email,
        u1_0.password,
        u1_0.username 
    from
        users u1_0 
    where
        u1_0.id=?
2026-05-08T15:57:11.938-07:00 DEBUG 19992 --- [nio-8080-exec-1] o.s.w.s.m.m.a.HttpEntityMethodProcessor  : Using 'application/json', given [application/json, text/plain, */*] and supported [application/json, application/*+json]
2026-05-08T15:57:11.944-07:00 DEBUG 19992 --- [nio-8080-exec-1] o.s.w.s.m.m.a.HttpEntityMethodProcessor  : Writing [[MessageDto.Response(id=6, content=Hi John, want to practice together?, sentAt=2026-04-06T08:30, sen (truncated)...]
2026-05-08T15:57:11.951-07:00 DEBUG 19992 --- [nio-8080-exec-1] o.s.web.servlet.DispatcherServlet        : Completed 200 OK
2026-05-08T15:57:15.913-07:00 DEBUG 19992 --- [nio-8080-exec-2] o.s.web.servlet.DispatcherServlet        : GET "/api/messages/conversation/1/2", parameters={}
2026-05-08T15:57:15.914-07:00 DEBUG 19992 --- [nio-8080-exec-2] s.w.s.m.m.a.RequestMappingHandlerMapping : Mapped to com.example.campconnect_backend.Controllers.MessageController#getConversation(Long, Long)
2026-05-08T15:57:15.916-07:00 DEBUG 19992 --- [nio-8080-exec-2] org.hibernate.SQL                        : 
    select
        m1_0.id,
        m1_0.content,
        m1_0.group_match_id,
        m1_0.is_read,
        m1_0.receiver_id,
        m1_0.sender_id,
        m1_0.sent_at 
    from
        messages m1_0 
    where
        (
            m1_0.sender_id=? 
            and m1_0.receiver_id=?
        ) 
        or (
            m1_0.sender_id=? 
            and m1_0.receiver_id=?
        ) 
    order by
        m1_0.sent_at
Hibernate: 
    select
        m1_0.id,
        m1_0.content,
        m1_0.group_match_id,
        m1_0.is_read,
        m1_0.receiver_id,
        m1_0.sender_id,
        m1_0.sent_at 
    from
        messages m1_0 
    where
        (
            m1_0.sender_id=? 
            and m1_0.receiver_id=?
        ) 
        or (
            m1_0.sender_id=? 
            and m1_0.receiver_id=?
        ) 
    order by
        m1_0.sent_at
2026-05-08T15:57:15.919-07:00 DEBUG 19992 --- [nio-8080-exec-2] org.hibernate.SQL                        : 
    select
        u1_0.id,
        u1_0.avatar_url,
        u1_0.email,
        u1_0.password,
        u1_0.username 
    from
        users u1_0 
    where
        u1_0.id=?
Hibernate: 
    select
        u1_0.id,
        u1_0.avatar_url,
        u1_0.email,
        u1_0.password,
        u1_0.username 
    from
        users u1_0 
    where
        u1_0.id=?
2026-05-08T15:57:15.922-07:00 DEBUG 19992 --- [nio-8080-exec-2] org.hibernate.SQL                        : 
    select
        u1_0.id,
        u1_0.avatar_url,
        u1_0.email,
        u1_0.password,
        u1_0.username 
    from
        users u1_0 
    where
        u1_0.id=?
Hibernate: 
    select
        u1_0.id,
        u1_0.avatar_url,
        u1_0.email,
        u1_0.password,
        u1_0.username 
    from
        users u1_0 
    where
        u1_0.id=?
2026-05-08T15:57:15.925-07:00 DEBUG 19992 --- [nio-8080-exec-2] o.s.w.s.m.m.a.HttpEntityMethodProcessor  : Using 'application/json', given [application/json, text/plain, */*] and supported [application/json, application/*+json]
2026-05-08T15:57:15.925-07:00 DEBUG 19992 --- [nio-8080-exec-2] o.s.w.s.m.m.a.HttpEntityMethodProcessor  : Writing [[MessageDto.Response(id=6, content=Hi John, want to practice together?, sentAt=2026-04-06T08:30, sen (truncated)...]
2026-05-08T15:57:15.927-07:00 DEBUG 19992 --- [nio-8080-exec-2] o.s.web.servlet.DispatcherServlet        : Completed 200 OK
2026-05-08T15:57:19.912-07:00 DEBUG 19992 --- [nio-8080-exec-3] o.s.web.servlet.DispatcherServlet        : GET "/api/messages/conversation/1/2", parameters={}
2026-05-08T15:57:19.914-07:00 DEBUG 19992 --- [nio-8080-exec-3] s.w.s.m.m.a.RequestMappingHandlerMapping : Mapped to com.example.campconnect_backend.Controllers.MessageController#getConversation(Long, Long)
2026-05-08T15:57:19.917-07:00 DEBUG 19992 --- [nio-8080-exec-3] org.hibernate.SQL                        : 
    select
        m1_0.id,
        m1_0.content,
        m1_0.group_match_id,
        m1_0.is_read,
        m1_0.receiver_id,
        m1_0.sender_id,
        m1_0.sent_at 
    from
        messages m1_0 
    where
        (
            m1_0.sender_id=? 
            and m1_0.receiver_id=?
        ) 
        or (
            m1_0.sender_id=? 
            and m1_0.receiver_id=?
        ) 
    order by
        m1_0.sent_at
Hibernate: 
    select
        m1_0.id,
        m1_0.content,
        m1_0.group_match_id,
        m1_0.is_read,
        m1_0.receiver_id,
        m1_0.sender_id,
        m1_0.sent_at 
    from
        messages m1_0 
    where
        (
            m1_0.sender_id=? 
            and m1_0.receiver_id=?
        ) 
        or (
            m1_0.sender_id=? 
            and m1_0.receiver_id=?
        ) 
    order by
        m1_0.sent_at
2026-05-08T15:57:19.921-07:00 DEBUG 19992 --- [nio-8080-exec-3] org.hibernate.SQL                        : 
    select
        u1_0.id,
        u1_0.avatar_url,
        u1_0.email,
        u1_0.password,
        u1_0.username 
    from
        users u1_0 
    where
        u1_0.id=?
Hibernate: 
    select
        u1_0.id,
        u1_0.avatar_url,
        u1_0.email,
        u1_0.password,
        u1_0.username 
    from
        users u1_0 
    where
        u1_0.id=?
2026-05-08T15:57:19.923-07:00 DEBUG 19992 --- [nio-8080-exec-3] org.hibernate.SQL                        : 
    select
        u1_0.id,
        u1_0.avatar_url,
        u1_0.email,
        u1_0.password,
        u1_0.username 
    from
        users u1_0 
    where
        u1_0.id=?
Hibernate: 
    select
        u1_0.id,
        u1_0.avatar_url,
        u1_0.email,
        u1_0.password,
        u1_0.username 
    from
        users u1_0 
    where
        u1_0.id=?
2026-05-08T15:57:19.927-07:00 DEBUG 19992 --- [nio-8080-exec-3] o.s.w.s.m.m.a.HttpEntityMethodProcessor  : Using 'application/json', given [application/json, text/plain, */*] and supported [application/json, application/*+json]
2026-05-08T15:57:19.928-07:00 DEBUG 19992 --- [nio-8080-exec-3] o.s.w.s.m.m.a.HttpEntityMethodProcessor  : Writing [[MessageDto.Response(id=6, content=Hi John, want to practice together?, sentAt=2026-04-06T08:30, sen (truncated)...]
2026-05-08T15:57:19.929-07:00 DEBUG 19992 --- [nio-8080-exec-3] o.s.web.servlet.DispatcherServlet        : Completed 200 OK
2026-05-08T15:57:23.913-07:00 DEBUG 19992 --- [nio-8080-exec-4] o.s.web.servlet.DispatcherServlet        : GET "/api/messages/conversation/1/2", parameters={}
2026-05-08T15:57:23.914-07:00 DEBUG 19992 --- [nio-8080-exec-4] s.w.s.m.m.a.RequestMappingHandlerMapping : Mapped to com.example.campconnect_backend.Controllers.MessageController#getConversation(Long, Long)
2026-05-08T15:57:23.918-07:00 DEBUG 19992 --- [nio-8080-exec-4] org.hibernate.SQL                        : 
    select
        m1_0.id,
        m1_0.content,
        m1_0.group_match_id,
        m1_0.is_read,
        m1_0.receiver_id,
        m1_0.sender_id,
        m1_0.sent_at 
    from
        messages m1_0 
    where
        (
            m1_0.sender_id=? 
            and m1_0.receiver_id=?
        ) 
        or (
            m1_0.sender_id=? 
            and m1_0.receiver_id=?
        ) 
    order by
        m1_0.sent_at
Hibernate: 
    select
        m1_0.id,
        m1_0.content,
        m1_0.group_match_id,
        m1_0.is_read,
        m1_0.receiver_id,
        m1_0.sender_id,
        m1_0.sent_at 
    from
        messages m1_0 
    where
        (
            m1_0.sender_id=? 
            and m1_0.receiver_id=?
        ) 
        or (
            m1_0.sender_id=? 
            and m1_0.receiver_id=?
        ) 
    order by
        m1_0.sent_at
2026-05-08T15:57:23.922-07:00 DEBUG 19992 --- [nio-8080-exec-4] org.hibernate.SQL                        : 
    select
        u1_0.id,
        u1_0.avatar_url,
        u1_0.email,
        u1_0.password,
        u1_0.username 
    from
        users u1_0 
    where
        u1_0.id=?
Hibernate: 
    select
        u1_0.id,
        u1_0.avatar_url,
        u1_0.email,
        u1_0.password,
        u1_0.username 
    from
        users u1_0 
    where
        u1_0.id=?
2026-05-08T15:57:23.925-07:00 DEBUG 19992 --- [nio-8080-exec-4] org.hibernate.SQL                        : 
    select
        u1_0.id,
        u1_0.avatar_url,
        u1_0.email,
        u1_0.password,
        u1_0.username 
    from
        users u1_0 
    where
        u1_0.id=?
Hibernate: 
    select
        u1_0.id,
        u1_0.avatar_url,
        u1_0.email,
        u1_0.password,
        u1_0.username 
    from
        users u1_0 
    where
        u1_0.id=?
2026-05-08T15:57:23.930-07:00 DEBUG 19992 --- [nio-8080-exec-4] o.s.w.s.m.m.a.HttpEntityMethodProcessor  : Using 'application/json', given [application/json, text/plain, */*] and supported [application/json, application/*+json]
2026-05-08T15:57:23.930-07:00 DEBUG 19992 --- [nio-8080-exec-4] o.s.w.s.m.m.a.HttpEntityMethodProcessor  : Writing [[MessageDto.Response(id=6, content=Hi John, want to practice together?, sentAt=2026-04-06T08:30, sen (truncated)...]
2026-05-08T15:57:23.932-07:00 DEBUG 19992 --- [nio-8080-exec-4] o.s.web.servlet.DispatcherServlet        : Completed 200 OK
2026-05-08T15:57:27.923-07:00 DEBUG 19992 --- [nio-8080-exec-6] o.s.web.servlet.DispatcherServlet        : GET "/api/messages/conversation/1/2", parameters={}
2026-05-08T15:57:27.925-07:00 DEBUG 19992 --- [nio-8080-exec-6] s.w.s.m.m.a.RequestMappingHandlerMapping : Mapped to com.example.campconnect_backend.Controllers.MessageController#getConversation(Long, Long)
2026-05-08T15:57:27.929-07:00 DEBUG 19992 --- [nio-8080-exec-6] org.hibernate.SQL                        : 
    select
        m1_0.id,
        m1_0.content,
        m1_0.group_match_id,
        m1_0.is_read,
        m1_0.receiver_id,
        m1_0.sender_id,
        m1_0.sent_at 
    from
        messages m1_0 
    where
        (
            m1_0.sender_id=? 
            and m1_0.receiver_id=?
        ) 
        or (
            m1_0.sender_id=? 
            and m1_0.receiver_id=?
        ) 
    order by
        m1_0.sent_at
Hibernate: 
    select
        m1_0.id,
        m1_0.content,
        m1_0.group_match_id,
        m1_0.is_read,
        m1_0.receiver_id,
        m1_0.sender_id,
        m1_0.sent_at 
    from
        messages m1_0 
    where
        (
            m1_0.sender_id=? 
            and m1_0.receiver_id=?
        ) 
        or (
            m1_0.sender_id=? 
            and m1_0.receiver_id=?
        ) 
    order by
        m1_0.sent_at
2026-05-08T15:57:27.935-07:00 DEBUG 19992 --- [nio-8080-exec-6] org.hibernate.SQL                        : 
    select
        u1_0.id,
        u1_0.avatar_url,
        u1_0.email,
        u1_0.password,
        u1_0.username 
    from
        users u1_0 
    where
        u1_0.id=?
Hibernate: 
    select
        u1_0.id,
        u1_0.avatar_url,
        u1_0.email,
        u1_0.password,
        u1_0.username 
    from
        users u1_0 
    where
        u1_0.id=?
2026-05-08T15:57:27.939-07:00 DEBUG 19992 --- [nio-8080-exec-6] org.hibernate.SQL                        : 
    select
        u1_0.id,
        u1_0.avatar_url,
        u1_0.email,
        u1_0.password,
        u1_0.username 
    from
        users u1_0 
    where
        u1_0.id=?
Hibernate: 
    select
        u1_0.id,
        u1_0.avatar_url,
        u1_0.email,
        u1_0.password,
        u1_0.username 
    from
        users u1_0 
    where
        u1_0.id=?
2026-05-08T15:57:27.945-07:00 DEBUG 19992 --- [nio-8080-exec-6] o.s.w.s.m.m.a.HttpEntityMethodProcessor  : Using 'application/json', given [application/json, text/plain, */*] and supported [application/json, application/*+json]
2026-05-08T15:57:27.946-07:00 DEBUG 19992 --- [nio-8080-exec-6] o.s.w.s.m.m.a.HttpEntityMethodProcessor  : Writing [[MessageDto.Response(id=6, content=Hi John, want to practice together?, sentAt=2026-04-06T08:30, sen (truncated)...]
2026-05-08T15:57:27.948-07:00 DEBUG 19992 --- [nio-8080-exec-6] o.s.web.servlet.DispatcherServlet        : Completed 200 OK
2026-05-08T15:57:31.911-07:00 DEBUG 19992 --- [nio-8080-exec-9] o.s.web.servlet.DispatcherServlet        : GET "/api/messages/conversation/1/2", parameters={}
2026-05-08T15:57:31.911-07:00 DEBUG 19992 --- [nio-8080-exec-9] s.w.s.m.m.a.RequestMappingHandlerMapping : Mapped to com.example.campconnect_backend.Controllers.MessageController#getConversation(Long, Long)
2026-05-08T15:57:31.913-07:00 DEBUG 19992 --- [nio-8080-exec-9] org.hibernate.SQL                        : 
    select
        m1_0.id,
        m1_0.content,
        m1_0.group_match_id,
        m1_0.is_read,
        m1_0.receiver_id,
        m1_0.sender_id,
        m1_0.sent_at 
    from
        messages m1_0 
    where
        (
            m1_0.sender_id=? 
            and m1_0.receiver_id=?
        ) 
        or (
            m1_0.sender_id=? 
            and m1_0.receiver_id=?
        ) 
    order by
        m1_0.sent_at
Hibernate: 
    select
        m1_0.id,
        m1_0.content,
        m1_0.group_match_id,
        m1_0.is_read,
        m1_0.receiver_id,
        m1_0.sender_id,
        m1_0.sent_at 
    from
        messages m1_0 
    where
        (
            m1_0.sender_id=? 
            and m1_0.receiver_id=?
        ) 
        or (
            m1_0.sender_id=? 
            and m1_0.receiver_id=?
        ) 
    order by
        m1_0.sent_at
2026-05-08T15:57:31.916-07:00 DEBUG 19992 --- [nio-8080-exec-9] org.hibernate.SQL                        : 
    select
        u1_0.id,
        u1_0.avatar_url,
        u1_0.email,
        u1_0.password,
        u1_0.username 
    from
        users u1_0 
    where
        u1_0.id=?
Hibernate: 
    select
        u1_0.id,
        u1_0.avatar_url,
        u1_0.email,
        u1_0.password,
        u1_0.username 
    from
        users u1_0 
    where
        u1_0.id=?
2026-05-08T15:57:31.918-07:00 DEBUG 19992 --- [nio-8080-exec-9] org.hibernate.SQL                        : 
    select
        u1_0.id,
        u1_0.avatar_url,
        u1_0.email,
        u1_0.password,
        u1_0.username 
    from
        users u1_0 
    where
        u1_0.id=?
Hibernate: 
    select
        u1_0.id,
        u1_0.avatar_url,
        u1_0.email,
        u1_0.password,
        u1_0.username 
    from
        users u1_0 
    where
        u1_0.id=?
2026-05-08T15:57:31.922-07:00 DEBUG 19992 --- [nio-8080-exec-9] o.s.w.s.m.m.a.HttpEntityMethodProcessor  : Using 'application/json', given [application/json, text/plain, */*] and supported [application/json, application/*+json]
2026-05-08T15:57:31.922-07:00 DEBUG 19992 --- [nio-8080-exec-9] o.s.w.s.m.m.a.HttpEntityMethodProcessor  : Writing [[MessageDto.Response(id=6, content=Hi John, want to practice together?, sentAt=2026-04-06T08:30, sen (truncated)...]
2026-05-08T15:57:31.924-07:00 DEBUG 19992 --- [nio-8080-exec-9] o.s.web.servlet.DispatcherServlet        : Completed 200 OK
2026-05-08T15:57:35.971-07:00 DEBUG 19992 --- [nio-8080-exec-8] o.s.web.servlet.DispatcherServlet        : GET "/api/messages/conversation/1/2", parameters={}
2026-05-08T15:57:35.973-07:00 DEBUG 19992 --- [nio-8080-exec-8] s.w.s.m.m.a.RequestMappingHandlerMapping : Mapped to com.example.campconnect_backend.Controllers.MessageController#getConversation(Long, Long)
2026-05-08T15:57:35.996-07:00 DEBUG 19992 --- [nio-8080-exec-8] org.hibernate.SQL                        : 
    select
        m1_0.id,
        m1_0.content,
        m1_0.group_match_id,
        m1_0.is_read,
        m1_0.receiver_id,
        m1_0.sender_id,
        m1_0.sent_at 
    from
        messages m1_0 
    where
        (
            m1_0.sender_id=? 
            and m1_0.receiver_id=?
        ) 
        or (
            m1_0.sender_id=? 
            and m1_0.receiver_id=?
        ) 
    order by
        m1_0.sent_at
Hibernate: 
    select
        m1_0.id,
        m1_0.content,
        m1_0.group_match_id,
        m1_0.is_read,
        m1_0.receiver_id,
        m1_0.sender_id,
        m1_0.sent_at 
    from
        messages m1_0 
    where
        (
            m1_0.sender_id=? 
            and m1_0.receiver_id=?
        ) 
        or (
            m1_0.sender_id=? 
            and m1_0.receiver_id=?
        ) 
    order by
        m1_0.sent_at
2026-05-08T15:57:36.065-07:00 DEBUG 19992 --- [nio-8080-exec-8] org.hibernate.SQL                        : 
    select
        u1_0.id,
        u1_0.avatar_url,
        u1_0.email,
        u1_0.password,
        u1_0.username 
    from
        users u1_0 
    where
        u1_0.id=?
Hibernate: 
    select
        u1_0.id,
        u1_0.avatar_url,
        u1_0.email,
        u1_0.password,
        u1_0.username 
    from
        users u1_0 
    where
        u1_0.id=?
2026-05-08T15:57:36.076-07:00 DEBUG 19992 --- [nio-8080-exec-8] org.hibernate.SQL                        : 
    select
        u1_0.id,
        u1_0.avatar_url,
        u1_0.email,
        u1_0.password,
        u1_0.username 
    from
        users u1_0 
    where
        u1_0.id=?
Hibernate: 
    select
        u1_0.id,
        u1_0.avatar_url,
        u1_0.email,
        u1_0.password,
        u1_0.username 
    from
        users u1_0 
    where
        u1_0.id=?
2026-05-08T15:57:36.082-07:00 DEBUG 19992 --- [nio-8080-exec-8] o.s.w.s.m.m.a.HttpEntityMethodProcessor  : Using 'application/json', given [application/json, text/plain, */*] and supported [application/json, application/*+json]
2026-05-08T15:57:36.084-07:00 DEBUG 19992 --- [nio-8080-exec-8] o.s.w.s.m.m.a.HttpEntityMethodProcessor  : Writing [[MessageDto.Response(id=6, content=Hi John, want to practice together?, sentAt=2026-04-06T08:30, sen (truncated)...]
2026-05-08T15:57:36.087-07:00 DEBUG 19992 --- [nio-8080-exec-8] o.s.web.servlet.DispatcherServlet        : Completed 200 OK
2026-05-08T15:57:39.910-07:00 DEBUG 19992 --- [nio-8080-exec-5] o.s.web.servlet.DispatcherServlet        : GET "/api/messages/conversation/1/2", parameters={}
2026-05-08T15:57:39.912-07:00 DEBUG 19992 --- [nio-8080-exec-5] s.w.s.m.m.a.RequestMappingHandlerMapping : Mapped to com.example.campconnect_backend.Controllers.MessageController#getConversation(Long, Long)
2026-05-08T15:57:39.915-07:00 DEBUG 19992 --- [nio-8080-exec-5] org.hibernate.SQL                        : 
    select
        m1_0.id,
        m1_0.content,
        m1_0.group_match_id,
        m1_0.is_read,
        m1_0.receiver_id,
        m1_0.sender_id,
        m1_0.sent_at 
    from
        messages m1_0 
    where
        (
            m1_0.sender_id=? 
            and m1_0.receiver_id=?
        ) 
        or (
            m1_0.sender_id=? 
            and m1_0.receiver_id=?
        ) 
    order by
        m1_0.sent_at
Hibernate: 
    select
        m1_0.id,
        m1_0.content,
        m1_0.group_match_id,
        m1_0.is_read,
        m1_0.receiver_id,
        m1_0.sender_id,
        m1_0.sent_at 
    from
        messages m1_0 
    where
        (
            m1_0.sender_id=? 
            and m1_0.receiver_id=?
        ) 
        or (
            m1_0.sender_id=? 
            and m1_0.receiver_id=?
        ) 
    order by
        m1_0.sent_at
2026-05-08T15:57:39.918-07:00 DEBUG 19992 --- [nio-8080-exec-5] org.hibernate.SQL                        : 
    select
        u1_0.id,
        u1_0.avatar_url,
        u1_0.email,
        u1_0.password,
        u1_0.username 
    from
        users u1_0 
    where
        u1_0.id=?
Hibernate: 
    select
        u1_0.id,
        u1_0.avatar_url,
        u1_0.email,
        u1_0.password,
        u1_0.username 
    from
        users u1_0 
    where
        u1_0.id=?
2026-05-08T15:57:39.921-07:00 DEBUG 19992 --- [nio-8080-exec-5] org.hibernate.SQL                        : 
    select
        u1_0.id,
        u1_0.avatar_url,
        u1_0.email,
        u1_0.password,
        u1_0.username 
    from
        users u1_0 
    where
        u1_0.id=?
Hibernate: 
    select
        u1_0.id,
        u1_0.avatar_url,
        u1_0.email,
        u1_0.password,
        u1_0.username 
    from
        users u1_0 
    where
        u1_0.id=?
2026-05-08T15:57:39.926-07:00 DEBUG 19992 --- [nio-8080-exec-5] o.s.w.s.m.m.a.HttpEntityMethodProcessor  : Using 'application/json', given [application/json, text/plain, */*] and supported [application/json, application/*+json]
2026-05-08T15:57:39.927-07:00 DEBUG 19992 --- [nio-8080-exec-5] o.s.w.s.m.m.a.HttpEntityMethodProcessor  : Writing [[MessageDto.Response(id=6, content=Hi John, want to practice together?, sentAt=2026-04-06T08:30, sen (truncated)...]
2026-05-08T15:57:39.930-07:00 DEBUG 19992 --- [nio-8080-exec-5] o.s.web.servlet.DispatcherServlet        : Completed 200 OK
2026-05-08T15:57:44.920-07:00 DEBUG 19992 --- [nio-8080-exec-7] o.s.web.servlet.DispatcherServlet        : GET "/api/messages/conversation/1/2", parameters={}
2026-05-08T15:57:44.924-07:00 DEBUG 19992 --- [nio-8080-exec-7] s.w.s.m.m.a.RequestMappingHandlerMapping : Mapped to com.example.campconnect_backend.Controllers.MessageController#getConversation(Long, Long)
2026-05-08T15:57:44.926-07:00 DEBUG 19992 --- [nio-8080-exec-7] org.hibernate.SQL                        : 
    select
        m1_0.id,
        m1_0.content,
        m1_0.group_match_id,
        m1_0.is_read,
        m1_0.receiver_id,
        m1_0.sender_id,
        m1_0.sent_at 
    from
        messages m1_0 
    where
        (
            m1_0.sender_id=? 
            and m1_0.receiver_id=?
        ) 
        or (
            m1_0.sender_id=? 
            and m1_0.receiver_id=?
        ) 
    order by
        m1_0.sent_at
Hibernate: 
    select
        m1_0.id,
        m1_0.content,
        m1_0.group_match_id,
        m1_0.is_read,
        m1_0.receiver_id,
        m1_0.sender_id,
        m1_0.sent_at 
    from
        messages m1_0 
    where
        (
            m1_0.sender_id=? 
            and m1_0.receiver_id=?
        ) 
        or (
            m1_0.sender_id=? 
            and m1_0.receiver_id=?
        ) 
    order by
        m1_0.sent_at
2026-05-08T15:57:44.930-07:00 DEBUG 19992 --- [nio-8080-exec-7] org.hibernate.SQL                        : 
    select
        u1_0.id,
        u1_0.avatar_url,
        u1_0.email,
        u1_0.password,
        u1_0.username 
    from
        users u1_0 
    where
        u1_0.id=?
Hibernate: 
    select
        u1_0.id,
        u1_0.avatar_url,
        u1_0.email,
        u1_0.password,
        u1_0.username 
    from
        users u1_0 
    where
        u1_0.id=?
2026-05-08T15:57:44.935-07:00 DEBUG 19992 --- [nio-8080-exec-7] org.hibernate.SQL                        : 
    select
        u1_0.id,
        u1_0.avatar_url,
        u1_0.email,
        u1_0.password,
        u1_0.username 
    from
        users u1_0 
    where
        u1_0.id=?
Hibernate: 
    select
        u1_0.id,
        u1_0.avatar_url,
        u1_0.email,
        u1_0.password,
        u1_0.username 
    from
        users u1_0 
    where
        u1_0.id=?
2026-05-08T15:57:44.938-07:00 DEBUG 19992 --- [nio-8080-exec-7] o.s.w.s.m.m.a.HttpEntityMethodProcessor  : Using 'application/json', given [application/json, text/plain, */*] and supported [application/json, application/*+json]
2026-05-08T15:57:44.941-07:00 DEBUG 19992 --- [nio-8080-exec-7] o.s.w.s.m.m.a.HttpEntityMethodProcessor  : Writing [[MessageDto.Response(id=6, content=Hi John, want to practice together?, sentAt=2026-04-06T08:30, sen (truncated)...]
2026-05-08T15:57:44.943-07:00 DEBUG 19992 --- [nio-8080-exec-7] o.s.web.servlet.DispatcherServlet        : Completed 200 OK
2026-05-08T15:57:50.857-07:00 DEBUG 19992 --- [io-8080-exec-10] o.s.web.servlet.DispatcherServlet        : GET "/api/messages/conversation/1/2", parameters={}
2026-05-08T15:57:50.869-07:00 DEBUG 19992 --- [io-8080-exec-10] s.w.s.m.m.a.RequestMappingHandlerMapping : Mapped to com.example.campconnect_backend.Controllers.MessageController#getConversation(Long, Long)
2026-05-08T15:57:50.877-07:00 DEBUG 19992 --- [io-8080-exec-10] org.hibernate.SQL                        : 
    select
        m1_0.id,
        m1_0.content,
        m1_0.group_match_id,
        m1_0.is_read,
        m1_0.receiver_id,
        m1_0.sender_id,
        m1_0.sent_at 
    from
        messages m1_0 
    where
        (
            m1_0.sender_id=? 
            and m1_0.receiver_id=?
        ) 
        or (
            m1_0.sender_id=? 
            and m1_0.receiver_id=?
        ) 
    order by
        m1_0.sent_at
Hibernate: 
    select
        m1_0.id,
        m1_0.content,
        m1_0.group_match_id,
        m1_0.is_read,
        m1_0.receiver_id,
        m1_0.sender_id,
        m1_0.sent_at 
    from
        messages m1_0 
    where
        (
            m1_0.sender_id=? 
            and m1_0.receiver_id=?
        ) 
        or (
            m1_0.sender_id=? 
            and m1_0.receiver_id=?
        ) 
    order by
        m1_0.sent_at
2026-05-08T15:57:50.885-07:00 DEBUG 19992 --- [io-8080-exec-10] org.hibernate.SQL                        : 
    select
        u1_0.id,
        u1_0.avatar_url,
        u1_0.email,
        u1_0.password,
        u1_0.username 
    from
        users u1_0 
    where
        u1_0.id=?
Hibernate: 
    select
        u1_0.id,
        u1_0.avatar_url,
        u1_0.email,
        u1_0.password,
        u1_0.username 
    from
        users u1_0 
    where
        u1_0.id=?
2026-05-08T15:57:50.890-07:00 DEBUG 19992 --- [io-8080-exec-10] org.hibernate.SQL                        : 
    select
        u1_0.id,
        u1_0.avatar_url,
        u1_0.email,
        u1_0.password,
        u1_0.username 
    from
        users u1_0 
    where
        u1_0.id=?
Hibernate: 
    select
        u1_0.id,
        u1_0.avatar_url,
        u1_0.email,
        u1_0.password,
        u1_0.username 
    from
        users u1_0 
    where
        u1_0.id=?
2026-05-08T15:57:50.899-07:00 DEBUG 19992 --- [io-8080-exec-10] o.s.w.s.m.m.a.HttpEntityMethodProcessor  : Using 'application/json', given [application/json, text/plain, */*] and supported [application/json, application/*+json]
2026-05-08T15:57:50.900-07:00 DEBUG 19992 --- [io-8080-exec-10] o.s.w.s.m.m.a.HttpEntityMethodProcessor  : Writing [[MessageDto.Response(id=6, content=Hi John, want to practice together?, sentAt=2026-04-06T08:30, sen (truncated)...]
2026-05-08T15:57:50.906-07:00 DEBUG 19992 --- [io-8080-exec-10] o.s.web.servlet.DispatcherServlet        : Completed 200 OK
2026-05-08T15:57:51.458-07:00 DEBUG 19992 --- [nio-8080-exec-1] o.s.web.servlet.DispatcherServlet        : GET "/api/messages/conversation/1/2", parameters={}
2026-05-08T15:57:51.459-07:00 DEBUG 19992 --- [nio-8080-exec-1] s.w.s.m.m.a.RequestMappingHandlerMapping : Mapped to com.example.campconnect_backend.Controllers.MessageController#getConversation(Long, Long)
2026-05-08T15:57:51.462-07:00 DEBUG 19992 --- [nio-8080-exec-1] org.hibernate.SQL                        : 
    select
        m1_0.id,
        m1_0.content,
        m1_0.group_match_id,
        m1_0.is_read,
        m1_0.receiver_id,
        m1_0.sender_id,
        m1_0.sent_at 
    from
        messages m1_0 
    where
        (
            m1_0.sender_id=? 
            and m1_0.receiver_id=?
        ) 
        or (
            m1_0.sender_id=? 
            and m1_0.receiver_id=?
        ) 
    order by
        m1_0.sent_at
Hibernate: 
    select
        m1_0.id,
        m1_0.content,
        m1_0.group_match_id,
        m1_0.is_read,
        m1_0.receiver_id,
        m1_0.sender_id,
        m1_0.sent_at 
    from
        messages m1_0 
    where
        (
            m1_0.sender_id=? 
            and m1_0.receiver_id=?
        ) 
        or (
            m1_0.sender_id=? 
            and m1_0.receiver_id=?
        ) 
    order by
        m1_0.sent_at
2026-05-08T15:57:51.467-07:00 DEBUG 19992 --- [nio-8080-exec-1] org.hibernate.SQL                        : 
    select
        u1_0.id,
        u1_0.avatar_url,
        u1_0.email,
        u1_0.password,
        u1_0.username 
    from
        users u1_0 
    where
        u1_0.id=?
Hibernate: 
    select
        u1_0.id,
        u1_0.avatar_url,
        u1_0.email,
        u1_0.password,
        u1_0.username 
    from
        users u1_0 
    where
        u1_0.id=?
2026-05-08T15:57:51.470-07:00 DEBUG 19992 --- [nio-8080-exec-1] org.hibernate.SQL                        : 
    select
        u1_0.id,
        u1_0.avatar_url,
        u1_0.email,
        u1_0.password,
        u1_0.username 
    from
        users u1_0 
    where
        u1_0.id=?
Hibernate: 
    select
        u1_0.id,
        u1_0.avatar_url,
        u1_0.email,
        u1_0.password,
        u1_0.username 
    from
        users u1_0 
    where
        u1_0.id=?
2026-05-08T15:57:51.474-07:00 DEBUG 19992 --- [nio-8080-exec-1] o.s.w.s.m.m.a.HttpEntityMethodProcessor  : Using 'application/json', given [application/json, text/plain, */*] and supported [application/json, application/*+json]
2026-05-08T15:57:51.475-07:00 DEBUG 19992 --- [nio-8080-exec-1] o.s.w.s.m.m.a.HttpEntityMethodProcessor  : Writing [[MessageDto.Response(id=6, content=Hi John, want to practice together?, sentAt=2026-04-06T08:30, sen (truncated)...]
2026-05-08T15:57:51.477-07:00 DEBUG 19992 --- [nio-8080-exec-1] o.s.web.servlet.DispatcherServlet        : Completed 200 OK
2026-05-08T15:57:55.922-07:00 DEBUG 19992 --- [nio-8080-exec-2] o.s.web.servlet.DispatcherServlet        : GET "/api/messages/conversation/1/2", parameters={}
2026-05-08T15:57:55.923-07:00 DEBUG 19992 --- [nio-8080-exec-2] s.w.s.m.m.a.RequestMappingHandlerMapping : Mapped to com.example.campconnect_backend.Controllers.MessageController#getConversation(Long, Long)
2026-05-08T15:57:55.925-07:00 DEBUG 19992 --- [nio-8080-exec-2] org.hibernate.SQL                        : 
    select
        m1_0.id,
        m1_0.content,
        m1_0.group_match_id,
        m1_0.is_read,
        m1_0.receiver_id,
        m1_0.sender_id,
        m1_0.sent_at 
    from
        messages m1_0 
    where
        (
            m1_0.sender_id=? 
            and m1_0.receiver_id=?
        ) 
        or (
            m1_0.sender_id=? 
            and m1_0.receiver_id=?
        ) 
    order by
        m1_0.sent_at
Hibernate: 
    select
        m1_0.id,
        m1_0.content,
        m1_0.group_match_id,
        m1_0.is_read,
        m1_0.receiver_id,
        m1_0.sender_id,
        m1_0.sent_at 
    from
        messages m1_0 
    where
        (
            m1_0.sender_id=? 
            and m1_0.receiver_id=?
        ) 
        or (
            m1_0.sender_id=? 
            and m1_0.receiver_id=?
        ) 
    order by
        m1_0.sent_at
2026-05-08T15:57:55.929-07:00 DEBUG 19992 --- [nio-8080-exec-2] org.hibernate.SQL                        : 
    select
        u1_0.id,
        u1_0.avatar_url,
        u1_0.email,
        u1_0.password,
        u1_0.username 
    from
        users u1_0 
    where
        u1_0.id=?
Hibernate: 
    select
        u1_0.id,
        u1_0.avatar_url,
        u1_0.email,
        u1_0.password,
        u1_0.username 
    from
        users u1_0 
    where
        u1_0.id=?
2026-05-08T15:57:55.931-07:00 DEBUG 19992 --- [nio-8080-exec-2] org.hibernate.SQL                        : 
    select
        u1_0.id,
        u1_0.avatar_url,
        u1_0.email,
        u1_0.password,
        u1_0.username 
    from
        users u1_0 
    where
        u1_0.id=?
Hibernate: 
    select
        u1_0.id,
        u1_0.avatar_url,
        u1_0.email,
        u1_0.password,
        u1_0.username 
    from
        users u1_0 
    where
        u1_0.id=?
2026-05-08T15:57:55.934-07:00 DEBUG 19992 --- [nio-8080-exec-2] o.s.w.s.m.m.a.HttpEntityMethodProcessor  : Using 'application/json', given [application/json, text/plain, */*] and supported [application/json, application/*+json]
2026-05-08T15:57:55.935-07:00 DEBUG 19992 --- [nio-8080-exec-2] o.s.w.s.m.m.a.HttpEntityMethodProcessor  : Writing [[MessageDto.Response(id=6, content=Hi John, want to practice together?, sentAt=2026-04-06T08:30, sen (truncated)...]
2026-05-08T15:57:55.936-07:00 DEBUG 19992 --- [nio-8080-exec-2] o.s.web.servlet.DispatcherServlet        : Completed 200 OK
2026-05-08T15:57:59.454-07:00 DEBUG 19992 --- [nio-8080-exec-3] o.s.web.servlet.DispatcherServlet        : GET "/api/messages/conversation/1/2", parameters={}
2026-05-08T15:57:59.456-07:00 DEBUG 19992 --- [nio-8080-exec-3] s.w.s.m.m.a.RequestMappingHandlerMapping : Mapped to com.example.campconnect_backend.Controllers.MessageController#getConversation(Long, Long)
2026-05-08T15:57:59.463-07:00 DEBUG 19992 --- [nio-8080-exec-3] org.hibernate.SQL                        : 
    select
        m1_0.id,
        m1_0.content,
        m1_0.group_match_id,
        m1_0.is_read,
        m1_0.receiver_id,
        m1_0.sender_id,
        m1_0.sent_at 
    from
        messages m1_0 
    where
        (
            m1_0.sender_id=? 
            and m1_0.receiver_id=?
        ) 
        or (
            m1_0.sender_id=? 
            and m1_0.receiver_id=?
        ) 
    order by
        m1_0.sent_at
Hibernate: 
    select
        m1_0.id,
        m1_0.content,
        m1_0.group_match_id,
        m1_0.is_read,
        m1_0.receiver_id,
        m1_0.sender_id,
        m1_0.sent_at 
    from
        messages m1_0 
    where
        (
            m1_0.sender_id=? 
            and m1_0.receiver_id=?
        ) 
        or (
            m1_0.sender_id=? 
            and m1_0.receiver_id=?
        ) 
    order by
        m1_0.sent_at
2026-05-08T15:57:59.469-07:00 DEBUG 19992 --- [nio-8080-exec-3] org.hibernate.SQL                        : 
    select
        u1_0.id,
        u1_0.avatar_url,
        u1_0.email,
        u1_0.password,
        u1_0.username 
    from
        users u1_0 
    where
        u1_0.id=?
Hibernate: 
    select
        u1_0.id,
        u1_0.avatar_url,
        u1_0.email,
        u1_0.password,
        u1_0.username 
    from
        users u1_0 
    where
        u1_0.id=?
2026-05-08T15:57:59.487-07:00 DEBUG 19992 --- [nio-8080-exec-3] org.hibernate.SQL                        : 
    select
        u1_0.id,
        u1_0.avatar_url,
        u1_0.email,
        u1_0.password,
        u1_0.username 
    from
        users u1_0 
    where
        u1_0.id=?
Hibernate: 
    select
        u1_0.id,
        u1_0.avatar_url,
        u1_0.email,
        u1_0.password,
        u1_0.username 
    from
        users u1_0 
    where
        u1_0.id=?
2026-05-08T15:57:59.507-07:00 DEBUG 19992 --- [nio-8080-exec-3] o.s.w.s.m.m.a.HttpEntityMethodProcessor  : Using 'application/json', given [application/json, text/plain, */*] and supported [application/json, application/*+json]
2026-05-08T15:57:59.516-07:00 DEBUG 19992 --- [nio-8080-exec-3] o.s.w.s.m.m.a.HttpEntityMethodProcessor  : Writing [[MessageDto.Response(id=6, content=Hi John, want to practice together?, sentAt=2026-04-06T08:30, sen (truncated)...]
2026-05-08T15:57:59.519-07:00 DEBUG 19992 --- [nio-8080-exec-3] o.s.web.servlet.DispatcherServlet        : Completed 200 OK
2026-05-08T15:58:03.666-07:00 DEBUG 19992 --- [nio-8080-exec-4] o.s.web.servlet.DispatcherServlet        : GET "/api/messages/conversation/1/2", parameters={}
2026-05-08T15:58:03.667-07:00 DEBUG 19992 --- [nio-8080-exec-4] s.w.s.m.m.a.RequestMappingHandlerMapping : Mapped to com.example.campconnect_backend.Controllers.MessageController#getConversation(Long, Long)
2026-05-08T15:58:03.670-07:00 DEBUG 19992 --- [nio-8080-exec-4] org.hibernate.SQL                        : 
    select
        m1_0.id,
        m1_0.content,
        m1_0.group_match_id,
        m1_0.is_read,
        m1_0.receiver_id,
        m1_0.sender_id,
        m1_0.sent_at 
    from
        messages m1_0 
    where
        (
            m1_0.sender_id=? 
            and m1_0.receiver_id=?
        ) 
        or (
            m1_0.sender_id=? 
            and m1_0.receiver_id=?
        ) 
    order by
        m1_0.sent_at
Hibernate: 
    select
        m1_0.id,
        m1_0.content,
        m1_0.group_match_id,
        m1_0.is_read,
        m1_0.receiver_id,
        m1_0.sender_id,
        m1_0.sent_at 
    from
        messages m1_0 
    where
        (
            m1_0.sender_id=? 
            and m1_0.receiver_id=?
        ) 
        or (
            m1_0.sender_id=? 
            and m1_0.receiver_id=?
        ) 
    order by
        m1_0.sent_at
2026-05-08T15:58:03.679-07:00 DEBUG 19992 --- [nio-8080-exec-4] org.hibernate.SQL                        : 
    select
        u1_0.id,
        u1_0.avatar_url,
        u1_0.email,
        u1_0.password,
        u1_0.username 
    from
        users u1_0 
    where
        u1_0.id=?
Hibernate: 
    select
        u1_0.id,
        u1_0.avatar_url,
        u1_0.email,
        u1_0.password,
        u1_0.username 
    from
        users u1_0 
    where
        u1_0.id=?
2026-05-08T15:58:03.685-07:00 DEBUG 19992 --- [nio-8080-exec-4] org.hibernate.SQL                        : 
    select
        u1_0.id,
        u1_0.avatar_url,
        u1_0.email,
        u1_0.password,
        u1_0.username 
    from
        users u1_0 
    where
        u1_0.id=?
Hibernate: 
    select
        u1_0.id,
        u1_0.avatar_url,
        u1_0.email,
        u1_0.password,
        u1_0.username 
    from
        users u1_0 
    where
        u1_0.id=?
2026-05-08T15:58:03.690-07:00 DEBUG 19992 --- [nio-8080-exec-4] o.s.w.s.m.m.a.HttpEntityMethodProcessor  : Using 'application/json', given [application/json, text/plain, */*] and supported [application/json, application/*+json]
2026-05-08T15:58:03.691-07:00 DEBUG 19992 --- [nio-8080-exec-4] o.s.w.s.m.m.a.HttpEntityMethodProcessor  : Writing [[MessageDto.Response(id=6, content=Hi John, want to practice together?, sentAt=2026-04-06T08:30, sen (truncated)...]
2026-05-08T15:58:03.693-07:00 DEBUG 19992 --- [nio-8080-exec-4] o.s.web.servlet.DispatcherServlet        : Completed 200 OK
2026-05-08T15:58:04.330-07:00 DEBUG 19992 --- [nio-8080-exec-6] o.s.web.servlet.DispatcherServlet        : GET "/api/users", parameters={}
2026-05-08T15:58:04.332-07:00 DEBUG 19992 --- [nio-8080-exec-6] s.w.s.m.m.a.RequestMappingHandlerMapping : Mapped to com.example.campconnect_backend.Controllers.UserController#getAll()
2026-05-08T15:58:04.337-07:00 DEBUG 19992 --- [nio-8080-exec-6] org.hibernate.SQL                        : 
    select
        u1_0.id,
        u1_0.avatar_url,
        u1_0.email,
        u1_0.password,
        u1_0.username 
    from
        users u1_0
Hibernate: 
    select
        u1_0.id,
        u1_0.avatar_url,
        u1_0.email,
        u1_0.password,
        u1_0.username 
    from
        users u1_0
2026-05-08T15:58:04.344-07:00 DEBUG 19992 --- [nio-8080-exec-6] o.s.w.s.m.m.a.HttpEntityMethodProcessor  : Using 'application/json', given [application/json, text/plain, */*] and supported [application/json, application/*+json]
2026-05-08T15:58:04.345-07:00 DEBUG 19992 --- [nio-8080-exec-6] o.s.w.s.m.m.a.HttpEntityMethodProcessor  : Writing [[UserDto.Response(id=1, username=john_doe, email=john@example.com, avatarUrl=https://example.com/ava (truncated)...]
2026-05-08T15:58:04.348-07:00 DEBUG 19992 --- [nio-8080-exec-6] o.s.web.servlet.DispatcherServlet        : Completed 200 OK
2026-05-08T15:58:04.355-07:00 DEBUG 19992 --- [nio-8080-exec-9] o.s.web.servlet.DispatcherServlet        : GET "/api/messages/conversation/1/2", parameters={}
2026-05-08T15:58:04.358-07:00 DEBUG 19992 --- [nio-8080-exec-9] s.w.s.m.m.a.RequestMappingHandlerMapping : Mapped to com.example.campconnect_backend.Controllers.MessageController#getConversation(Long, Long)
2026-05-08T15:58:04.361-07:00 DEBUG 19992 --- [nio-8080-exec-9] org.hibernate.SQL                        : 
    select
        m1_0.id,
        m1_0.content,
        m1_0.group_match_id,
        m1_0.is_read,
        m1_0.receiver_id,
        m1_0.sender_id,
        m1_0.sent_at 
    from
        messages m1_0 
    where
        (
            m1_0.sender_id=? 
            and m1_0.receiver_id=?
        ) 
        or (
            m1_0.sender_id=? 
            and m1_0.receiver_id=?
        ) 
    order by
        m1_0.sent_at
Hibernate: 
    select
        m1_0.id,
        m1_0.content,
        m1_0.group_match_id,
        m1_0.is_read,
        m1_0.receiver_id,
        m1_0.sender_id,
        m1_0.sent_at 
    from
        messages m1_0 
    where
        (
            m1_0.sender_id=? 
            and m1_0.receiver_id=?
        ) 
        or (
            m1_0.sender_id=? 
            and m1_0.receiver_id=?
        ) 
    order by
        m1_0.sent_at
2026-05-08T15:58:04.367-07:00 DEBUG 19992 --- [nio-8080-exec-9] org.hibernate.SQL                        : 
    select
        u1_0.id,
        u1_0.avatar_url,
        u1_0.email,
        u1_0.password,
        u1_0.username 
    from
        users u1_0 
    where
        u1_0.id=?
Hibernate: 
    select
        u1_0.id,
        u1_0.avatar_url,
        u1_0.email,
        u1_0.password,
        u1_0.username 
    from
        users u1_0 
    where
        u1_0.id=?
2026-05-08T15:58:04.370-07:00 DEBUG 19992 --- [nio-8080-exec-9] org.hibernate.SQL                        : 
    select
        u1_0.id,
        u1_0.avatar_url,
        u1_0.email,
        u1_0.password,
        u1_0.username 
    from
        users u1_0 
    where
        u1_0.id=?
Hibernate: 
    select
        u1_0.id,
        u1_0.avatar_url,
        u1_0.email,
        u1_0.password,
        u1_0.username 
    from
        users u1_0 
    where
        u1_0.id=?
2026-05-08T15:58:04.375-07:00 DEBUG 19992 --- [nio-8080-exec-9] o.s.w.s.m.m.a.HttpEntityMethodProcessor  : Using 'application/json', given [application/json, text/plain, */*] and supported [application/json, application/*+json]
2026-05-08T15:58:04.376-07:00 DEBUG 19992 --- [nio-8080-exec-9] o.s.w.s.m.m.a.HttpEntityMethodProcessor  : Writing [[MessageDto.Response(id=6, content=Hi John, want to practice together?, sentAt=2026-04-06T08:30, sen (truncated)...]
2026-05-08T15:58:04.382-07:00 DEBUG 19992 --- [nio-8080-exec-9] o.s.web.servlet.DispatcherServlet        : Completed 200 OK
2026-05-08T15:58:08.334-07:00 DEBUG 19992 --- [nio-8080-exec-8] o.s.web.servlet.DispatcherServlet        : GET "/api/messages/conversation/1/2", parameters={}
2026-05-08T15:58:08.336-07:00 DEBUG 19992 --- [nio-8080-exec-8] s.w.s.m.m.a.RequestMappingHandlerMapping : Mapped to com.example.campconnect_backend.Controllers.MessageController#getConversation(Long, Long)
2026-05-08T15:58:08.339-07:00 DEBUG 19992 --- [nio-8080-exec-8] org.hibernate.SQL                        : 
    select
        m1_0.id,
        m1_0.content,
        m1_0.group_match_id,
        m1_0.is_read,
        m1_0.receiver_id,
        m1_0.sender_id,
        m1_0.sent_at 
    from
        messages m1_0 
    where
        (
            m1_0.sender_id=? 
            and m1_0.receiver_id=?
        ) 
        or (
            m1_0.sender_id=? 
            and m1_0.receiver_id=?
        ) 
    order by
        m1_0.sent_at
Hibernate: 
    select
        m1_0.id,
        m1_0.content,
        m1_0.group_match_id,
        m1_0.is_read,
        m1_0.receiver_id,
        m1_0.sender_id,
        m1_0.sent_at 
    from
        messages m1_0 
    where
        (
            m1_0.sender_id=? 
            and m1_0.receiver_id=?
        ) 
        or (
            m1_0.sender_id=? 
            and m1_0.receiver_id=?
        ) 
    order by
        m1_0.sent_at
2026-05-08T15:58:08.344-07:00 DEBUG 19992 --- [nio-8080-exec-8] org.hibernate.SQL                        : 
    select
        u1_0.id,
        u1_0.avatar_url,
        u1_0.email,
        u1_0.password,
        u1_0.username 
    from
        users u1_0 
    where
        u1_0.id=?
Hibernate: 
    select
        u1_0.id,
        u1_0.avatar_url,
        u1_0.email,
        u1_0.password,
        u1_0.username 
    from
        users u1_0 
    where
        u1_0.id=?
2026-05-08T15:58:08.349-07:00 DEBUG 19992 --- [nio-8080-exec-8] org.hibernate.SQL                        : 
    select
        u1_0.id,
        u1_0.avatar_url,
        u1_0.email,
        u1_0.password,
        u1_0.username 
    from
        users u1_0 
    where
        u1_0.id=?
Hibernate: 
    select
        u1_0.id,
        u1_0.avatar_url,
        u1_0.email,
        u1_0.password,
        u1_0.username 
    from
        users u1_0 
    where
        u1_0.id=?
2026-05-08T15:58:08.354-07:00 DEBUG 19992 --- [nio-8080-exec-8] o.s.w.s.m.m.a.HttpEntityMethodProcessor  : Using 'application/json', given [application/json, text/plain, */*] and supported [application/json, application/*+json]
2026-05-08T15:58:08.355-07:00 DEBUG 19992 --- [nio-8080-exec-8] o.s.w.s.m.m.a.HttpEntityMethodProcessor  : Writing [[MessageDto.Response(id=6, content=Hi John, want to practice together?, sentAt=2026-04-06T08:30, sen (truncated)...]
2026-05-08T15:58:08.361-07:00 DEBUG 19992 --- [nio-8080-exec-8] o.s.web.servlet.DispatcherServlet        : Completed 200 OK
2026-05-08T15:58:09.781-07:00 DEBUG 19992 --- [nio-8080-exec-7] o.s.web.servlet.DispatcherServlet        : POST "/api/messages/private", parameters={}
2026-05-08T15:58:09.782-07:00 DEBUG 19992 --- [nio-8080-exec-7] s.w.s.m.m.a.RequestMappingHandlerMapping : Mapped to com.example.campconnect_backend.Controllers.MessageController#sendPrivate(WsPayload)
2026-05-08T15:58:09.800-07:00 DEBUG 19992 --- [nio-8080-exec-7] m.m.a.RequestResponseBodyMethodProcessor : Read "application/json;charset=UTF-8" to [MessageDto.WsPayload(senderId=1, receiverId=2, groupMatchId=null, content=hello)]
2026-05-08T15:58:09.811-07:00 DEBUG 19992 --- [nio-8080-exec-7] org.hibernate.SQL                        : 
    select
        u1_0.id,
        u1_0.avatar_url,
        u1_0.email,
        u1_0.password,
        u1_0.username 
    from
        users u1_0 
    where
        u1_0.id=?
Hibernate: 
    select
        u1_0.id,
        u1_0.avatar_url,
        u1_0.email,
        u1_0.password,
        u1_0.username 
    from
        users u1_0 
    where
        u1_0.id=?
2026-05-08T15:58:09.815-07:00 DEBUG 19992 --- [nio-8080-exec-7] org.hibernate.SQL                        : 
    select
        u1_0.id,
        u1_0.avatar_url,
        u1_0.email,
        u1_0.password,
        u1_0.username 
    from
        users u1_0 
    where
        u1_0.id=?
Hibernate: 
    select
        u1_0.id,
        u1_0.avatar_url,
        u1_0.email,
        u1_0.password,
        u1_0.username 
    from
        users u1_0 
    where
        u1_0.id=?
2026-05-08T15:58:10.054-07:00 DEBUG 19992 --- [nio-8080-exec-7] org.hibernate.SQL                        : 
    insert 
    into
        messages
        (content, group_match_id, is_read, receiver_id, sender_id, sent_at) 
    values
        (?, ?, ?, ?, ?, ?)
Hibernate: 
    insert 
    into
        messages
        (content, group_match_id, is_read, receiver_id, sender_id, sent_at) 
    values
        (?, ?, ?, ?, ?, ?)
2026-05-08T15:58:10.561-07:00 DEBUG 19992 --- [nio-8080-exec-7] o.s.w.s.m.m.a.HttpEntityMethodProcessor  : Using 'application/json', given [application/json, text/plain, */*] and supported [application/json, application/*+json]
2026-05-08T15:58:10.577-07:00 DEBUG 19992 --- [nio-8080-exec-7] o.s.w.s.m.m.a.HttpEntityMethodProcessor  : Writing [MessageDto.Response(id=9, content=hello, sentAt=2026-05-08T15:58:09.913092100, senderId=1, senderUse (truncated)...]
2026-05-08T15:58:10.584-07:00 DEBUG 19992 --- [nio-8080-exec-7] o.s.web.servlet.DispatcherServlet        : Completed 201 CREATED
2026-05-08T15:58:10.594-07:00 DEBUG 19992 --- [io-8080-exec-10] o.s.web.servlet.DispatcherServlet        : GET "/api/messages/conversation/1/2", parameters={}
2026-05-08T15:58:10.660-07:00 DEBUG 19992 --- [io-8080-exec-10] s.w.s.m.m.a.RequestMappingHandlerMapping : Mapped to com.example.campconnect_backend.Controllers.MessageController#getConversation(Long, Long)
2026-05-08T15:58:10.666-07:00 DEBUG 19992 --- [io-8080-exec-10] org.hibernate.SQL                        : 
    select
        m1_0.id,
        m1_0.content,
        m1_0.group_match_id,
        m1_0.is_read,
        m1_0.receiver_id,
        m1_0.sender_id,
        m1_0.sent_at 
    from
        messages m1_0 
    where
        (
            m1_0.sender_id=? 
            and m1_0.receiver_id=?
        ) 
        or (
            m1_0.sender_id=? 
            and m1_0.receiver_id=?
        ) 
    order by
        m1_0.sent_at
Hibernate: 
    select
        m1_0.id,
        m1_0.content,
        m1_0.group_match_id,
        m1_0.is_read,
        m1_0.receiver_id,
        m1_0.sender_id,
        m1_0.sent_at 
    from
        messages m1_0 
    where
        (
            m1_0.sender_id=? 
            and m1_0.receiver_id=?
        ) 
        or (
            m1_0.sender_id=? 
            and m1_0.receiver_id=?
        ) 
    order by
        m1_0.sent_at
2026-05-08T15:58:10.678-07:00 DEBUG 19992 --- [io-8080-exec-10] org.hibernate.SQL                        : 
    select
        u1_0.id,
        u1_0.avatar_url,
        u1_0.email,
        u1_0.password,
        u1_0.username 
    from
        users u1_0 
    where
        u1_0.id=?
Hibernate: 
    select
        u1_0.id,
        u1_0.avatar_url,
        u1_0.email,
        u1_0.password,
        u1_0.username 
    from
        users u1_0 
    where
        u1_0.id=?
2026-05-08T15:58:10.690-07:00 DEBUG 19992 --- [io-8080-exec-10] org.hibernate.SQL                        : 
    select
        u1_0.id,
        u1_0.avatar_url,
        u1_0.email,
        u1_0.password,
        u1_0.username 
    from
        users u1_0 
    where
        u1_0.id=?
Hibernate: 
    select
        u1_0.id,
        u1_0.avatar_url,
        u1_0.email,
        u1_0.password,
        u1_0.username 
    from
        users u1_0 
    where
        u1_0.id=?
2026-05-08T15:58:10.725-07:00 DEBUG 19992 --- [io-8080-exec-10] o.s.w.s.m.m.a.HttpEntityMethodProcessor  : Using 'application/json', given [application/json, text/plain, */*] and supported [application/json, application/*+json]
2026-05-08T15:58:10.734-07:00 DEBUG 19992 --- [io-8080-exec-10] o.s.w.s.m.m.a.HttpEntityMethodProcessor  : Writing [[MessageDto.Response(id=6, content=Hi John, want to practice together?, sentAt=2026-04-06T08:30, sen (truncated)...]
2026-05-08T15:58:10.749-07:00 DEBUG 19992 --- [io-8080-exec-10] o.s.web.servlet.DispatcherServlet        : Completed 200 OK
2026-05-08T15:58:12.335-07:00 DEBUG 19992 --- [nio-8080-exec-1] o.s.web.servlet.DispatcherServlet        : GET "/api/messages/conversation/1/2", parameters={}
2026-05-08T15:58:12.533-07:00 DEBUG 19992 --- [nio-8080-exec-1] s.w.s.m.m.a.RequestMappingHandlerMapping : Mapped to com.example.campconnect_backend.Controllers.MessageController#getConversation(Long, Long)
2026-05-08T15:58:12.551-07:00 DEBUG 19992 --- [nio-8080-exec-1] org.hibernate.SQL                        : 
    select
        m1_0.id,
        m1_0.content,
        m1_0.group_match_id,
        m1_0.is_read,
        m1_0.receiver_id,
        m1_0.sender_id,
        m1_0.sent_at 
    from
        messages m1_0 
    where
        (
            m1_0.sender_id=? 
            and m1_0.receiver_id=?
        ) 
        or (
            m1_0.sender_id=? 
            and m1_0.receiver_id=?
        ) 
    order by
        m1_0.sent_at
Hibernate: 
    select
        m1_0.id,
        m1_0.content,
        m1_0.group_match_id,
        m1_0.is_read,
        m1_0.receiver_id,
        m1_0.sender_id,
        m1_0.sent_at 
    from
        messages m1_0 
    where
        (
            m1_0.sender_id=? 
            and m1_0.receiver_id=?
        ) 
        or (
            m1_0.sender_id=? 
            and m1_0.receiver_id=?
        ) 
    order by
        m1_0.sent_at
2026-05-08T15:58:12.689-07:00 DEBUG 19992 --- [nio-8080-exec-1] org.hibernate.SQL                        : 
    select
        u1_0.id,
        u1_0.avatar_url,
        u1_0.email,
        u1_0.password,
        u1_0.username 
    from
        users u1_0 
    where
        u1_0.id=?
Hibernate: 
    select
        u1_0.id,
        u1_0.avatar_url,
        u1_0.email,
        u1_0.password,
        u1_0.username 
    from
        users u1_0 
    where
        u1_0.id=?
2026-05-08T15:58:12.739-07:00 DEBUG 19992 --- [nio-8080-exec-1] org.hibernate.SQL                        : 
    select
        u1_0.id,
        u1_0.avatar_url,
        u1_0.email,
        u1_0.password,
        u1_0.username 
    from
        users u1_0 
    where
        u1_0.id=?
Hibernate: 
    select
        u1_0.id,
        u1_0.avatar_url,
        u1_0.email,
        u1_0.password,
        u1_0.username 
    from
        users u1_0 
    where
        u1_0.id=?
2026-05-08T15:58:12.750-07:00 DEBUG 19992 --- [nio-8080-exec-1] o.s.w.s.m.m.a.HttpEntityMethodProcessor  : Using 'application/json', given [application/json, text/plain, */*] and supported [application/json, application/*+json]
2026-05-08T15:58:12.754-07:00 DEBUG 19992 --- [nio-8080-exec-1] o.s.w.s.m.m.a.HttpEntityMethodProcessor  : Writing [[MessageDto.Response(id=6, content=Hi John, want to practice together?, sentAt=2026-04-06T08:30, sen (truncated)...]
2026-05-08T15:58:12.756-07:00 DEBUG 19992 --- [nio-8080-exec-1] o.s.web.servlet.DispatcherServlet        : Completed 200 OK
2026-05-08T15:58:15.073-07:00 DEBUG 19992 --- [nio-8080-exec-2] o.s.web.servlet.DispatcherServlet        : GET "/api/messages/conversation/1/3", parameters={}
2026-05-08T15:58:15.086-07:00 DEBUG 19992 --- [nio-8080-exec-2] s.w.s.m.m.a.RequestMappingHandlerMapping : Mapped to com.example.campconnect_backend.Controllers.MessageController#getConversation(Long, Long)
2026-05-08T15:58:15.101-07:00 DEBUG 19992 --- [nio-8080-exec-2] org.hibernate.SQL                        : 
    select
        m1_0.id,
        m1_0.content,
        m1_0.group_match_id,
        m1_0.is_read,
        m1_0.receiver_id,
        m1_0.sender_id,
        m1_0.sent_at 
    from
        messages m1_0 
    where
        (
            m1_0.sender_id=? 
            and m1_0.receiver_id=?
        ) 
        or (
            m1_0.sender_id=? 
            and m1_0.receiver_id=?
        ) 
    order by
        m1_0.sent_at
Hibernate: 
    select
        m1_0.id,
        m1_0.content,
        m1_0.group_match_id,
        m1_0.is_read,
        m1_0.receiver_id,
        m1_0.sender_id,
        m1_0.sent_at 
    from
        messages m1_0 
    where
        (
            m1_0.sender_id=? 
            and m1_0.receiver_id=?
        ) 
        or (
            m1_0.sender_id=? 
            and m1_0.receiver_id=?
        ) 
    order by
        m1_0.sent_at
2026-05-08T15:58:15.134-07:00 DEBUG 19992 --- [nio-8080-exec-2] o.s.w.s.m.m.a.HttpEntityMethodProcessor  : Using 'application/json', given [application/json, text/plain, */*] and supported [application/json, application/*+json]
2026-05-08T15:58:15.139-07:00 DEBUG 19992 --- [nio-8080-exec-2] o.s.w.s.m.m.a.HttpEntityMethodProcessor  : Writing [[]]
2026-05-08T15:58:15.146-07:00 DEBUG 19992 --- [nio-8080-exec-2] o.s.web.servlet.DispatcherServlet        : Completed 200 OK
2026-05-08T15:58:16.334-07:00 DEBUG 19992 --- [nio-8080-exec-3] o.s.web.servlet.DispatcherServlet        : GET "/api/messages/conversation/1/3", parameters={}
2026-05-08T15:58:16.337-07:00 DEBUG 19992 --- [nio-8080-exec-3] s.w.s.m.m.a.RequestMappingHandlerMapping : Mapped to com.example.campconnect_backend.Controllers.MessageController#getConversation(Long, Long)
2026-05-08T15:58:16.341-07:00 DEBUG 19992 --- [nio-8080-exec-3] org.hibernate.SQL                        : 
    select
        m1_0.id,
        m1_0.content,
        m1_0.group_match_id,
        m1_0.is_read,
        m1_0.receiver_id,
        m1_0.sender_id,
        m1_0.sent_at 
    from
        messages m1_0 
    where
        (
            m1_0.sender_id=? 
            and m1_0.receiver_id=?
        ) 
        or (
            m1_0.sender_id=? 
            and m1_0.receiver_id=?
        ) 
    order by
        m1_0.sent_at
Hibernate: 
    select
        m1_0.id,
        m1_0.content,
        m1_0.group_match_id,
        m1_0.is_read,
        m1_0.receiver_id,
        m1_0.sender_id,
        m1_0.sent_at 
    from
        messages m1_0 
    where
        (
            m1_0.sender_id=? 
            and m1_0.receiver_id=?
        ) 
        or (
            m1_0.sender_id=? 
            and m1_0.receiver_id=?
        ) 
    order by
        m1_0.sent_at
2026-05-08T15:58:16.352-07:00 DEBUG 19992 --- [nio-8080-exec-3] o.s.w.s.m.m.a.HttpEntityMethodProcessor  : Using 'application/json', given [application/json, text/plain, */*] and supported [application/json, application/*+json]
2026-05-08T15:58:16.356-07:00 DEBUG 19992 --- [nio-8080-exec-3] o.s.w.s.m.m.a.HttpEntityMethodProcessor  : Writing [[]]
2026-05-08T15:58:16.359-07:00 DEBUG 19992 --- [nio-8080-exec-3] o.s.web.servlet.DispatcherServlet        : Completed 200 OK
2026-05-08T15:58:16.778-07:00 DEBUG 19992 --- [nio-8080-exec-4] o.s.web.servlet.DispatcherServlet        : GET "/api/messages/conversation/1/2", parameters={}
2026-05-08T15:58:16.789-07:00 DEBUG 19992 --- [nio-8080-exec-4] s.w.s.m.m.a.RequestMappingHandlerMapping : Mapped to com.example.campconnect_backend.Controllers.MessageController#getConversation(Long, Long)
2026-05-08T15:58:16.799-07:00 DEBUG 19992 --- [nio-8080-exec-4] org.hibernate.SQL                        : 
    select
        m1_0.id,
        m1_0.content,
        m1_0.group_match_id,
        m1_0.is_read,
        m1_0.receiver_id,
        m1_0.sender_id,
        m1_0.sent_at 
    from
        messages m1_0 
    where
        (
            m1_0.sender_id=? 
            and m1_0.receiver_id=?
        ) 
        or (
            m1_0.sender_id=? 
            and m1_0.receiver_id=?
        ) 
    order by
        m1_0.sent_at
Hibernate: 
    select
        m1_0.id,
        m1_0.content,
        m1_0.group_match_id,
        m1_0.is_read,
        m1_0.receiver_id,
        m1_0.sender_id,
        m1_0.sent_at 
    from
        messages m1_0 
    where
        (
            m1_0.sender_id=? 
            and m1_0.receiver_id=?
        ) 
        or (
            m1_0.sender_id=? 
            and m1_0.receiver_id=?
        ) 
    order by
        m1_0.sent_at
2026-05-08T15:58:16.855-07:00 DEBUG 19992 --- [nio-8080-exec-4] org.hibernate.SQL                        : 
    select
        u1_0.id,
        u1_0.avatar_url,
        u1_0.email,
        u1_0.password,
        u1_0.username 
    from
        users u1_0 
    where
        u1_0.id=?
Hibernate: 
    select
        u1_0.id,
        u1_0.avatar_url,
        u1_0.email,
        u1_0.password,
        u1_0.username 
    from
        users u1_0 
    where
        u1_0.id=?
2026-05-08T15:58:16.901-07:00 DEBUG 19992 --- [nio-8080-exec-4] org.hibernate.SQL                        : 
    select
        u1_0.id,
        u1_0.avatar_url,
        u1_0.email,
        u1_0.password,
        u1_0.username 
    from
        users u1_0 
    where
        u1_0.id=?
Hibernate: 
    select
        u1_0.id,
        u1_0.avatar_url,
        u1_0.email,
        u1_0.password,
        u1_0.username 
    from
        users u1_0 
    where
        u1_0.id=?
2026-05-08T15:58:16.925-07:00 DEBUG 19992 --- [nio-8080-exec-4] o.s.w.s.m.m.a.HttpEntityMethodProcessor  : Using 'application/json', given [application/json, text/plain, */*] and supported [application/json, application/*+json]
2026-05-08T15:58:16.942-07:00 DEBUG 19992 --- [nio-8080-exec-4] o.s.w.s.m.m.a.HttpEntityMethodProcessor  : Writing [[MessageDto.Response(id=6, content=Hi John, want to practice together?, sentAt=2026-04-06T08:30, sen (truncated)...]
2026-05-08T15:58:16.962-07:00 DEBUG 19992 --- [nio-8080-exec-4] o.s.web.servlet.DispatcherServlet        : Completed 200 OK
2026-05-08T15:58:20.334-07:00 DEBUG 19992 --- [nio-8080-exec-6] o.s.web.servlet.DispatcherServlet        : GET "/api/messages/conversation/1/2", parameters={}
2026-05-08T15:58:20.342-07:00 DEBUG 19992 --- [nio-8080-exec-6] s.w.s.m.m.a.RequestMappingHandlerMapping : Mapped to com.example.campconnect_backend.Controllers.MessageController#getConversation(Long, Long)
2026-05-08T15:58:20.360-07:00 DEBUG 19992 --- [nio-8080-exec-6] org.hibernate.SQL                        : 
    select
        m1_0.id,
        m1_0.content,
        m1_0.group_match_id,
        m1_0.is_read,
        m1_0.receiver_id,
        m1_0.sender_id,
        m1_0.sent_at 
    from
        messages m1_0 
    where
        (
            m1_0.sender_id=? 
            and m1_0.receiver_id=?
        ) 
        or (
            m1_0.sender_id=? 
            and m1_0.receiver_id=?
        ) 
    order by
        m1_0.sent_at
Hibernate: 
    select
        m1_0.id,
        m1_0.content,
        m1_0.group_match_id,
        m1_0.is_read,
        m1_0.receiver_id,
        m1_0.sender_id,
        m1_0.sent_at 
    from
        messages m1_0 
    where
        (
            m1_0.sender_id=? 
            and m1_0.receiver_id=?
        ) 
        or (
            m1_0.sender_id=? 
            and m1_0.receiver_id=?
        ) 
    order by
        m1_0.sent_at
2026-05-08T15:58:20.375-07:00 DEBUG 19992 --- [nio-8080-exec-6] org.hibernate.SQL                        : 
    select
        u1_0.id,
        u1_0.avatar_url,
        u1_0.email,
        u1_0.password,
        u1_0.username 
    from
        users u1_0 
    where
        u1_0.id=?
Hibernate: 
    select
        u1_0.id,
        u1_0.avatar_url,
        u1_0.email,
        u1_0.password,
        u1_0.username 
    from
        users u1_0 
    where
        u1_0.id=?
2026-05-08T15:58:20.420-07:00 DEBUG 19992 --- [nio-8080-exec-6] org.hibernate.SQL                        : 
    select
        u1_0.id,
        u1_0.avatar_url,
        u1_0.email,
        u1_0.password,
        u1_0.username 
    from
        users u1_0 
    where
        u1_0.id=?
Hibernate: 
    select
        u1_0.id,
        u1_0.avatar_url,
        u1_0.email,
        u1_0.password,
        u1_0.username 
    from
        users u1_0 
    where
        u1_0.id=?
2026-05-08T15:58:20.464-07:00 DEBUG 19992 --- [nio-8080-exec-6] o.s.w.s.m.m.a.HttpEntityMethodProcessor  : Using 'application/json', given [application/json, text/plain, */*] and supported [application/json, application/*+json]
2026-05-08T15:58:20.480-07:00 DEBUG 19992 --- [nio-8080-exec-6] o.s.w.s.m.m.a.HttpEntityMethodProcessor  : Writing [[MessageDto.Response(id=6, content=Hi John, want to practice together?, sentAt=2026-04-06T08:30, sen (truncated)...]
2026-05-08T15:58:20.499-07:00 DEBUG 19992 --- [nio-8080-exec-6] o.s.web.servlet.DispatcherServlet        : Completed 200 OK
2026-05-08T15:58:24.348-07:00 DEBUG 19992 --- [nio-8080-exec-9] o.s.web.servlet.DispatcherServlet        : GET "/api/messages/conversation/1/2", parameters={}
2026-05-08T15:58:24.389-07:00 DEBUG 19992 --- [nio-8080-exec-9] s.w.s.m.m.a.RequestMappingHandlerMapping : Mapped to com.example.campconnect_backend.Controllers.MessageController#getConversation(Long, Long)
2026-05-08T15:58:24.463-07:00 DEBUG 19992 --- [nio-8080-exec-9] org.hibernate.SQL                        : 
    select
        m1_0.id,
        m1_0.content,
        m1_0.group_match_id,
        m1_0.is_read,
        m1_0.receiver_id,
        m1_0.sender_id,
        m1_0.sent_at 
    from
        messages m1_0 
    where
        (
            m1_0.sender_id=? 
            and m1_0.receiver_id=?
        ) 
        or (
            m1_0.sender_id=? 
            and m1_0.receiver_id=?
        ) 
    order by
        m1_0.sent_at
Hibernate: 
    select
        m1_0.id,
        m1_0.content,
        m1_0.group_match_id,
        m1_0.is_read,
        m1_0.receiver_id,
        m1_0.sender_id,
        m1_0.sent_at 
    from
        messages m1_0 
    where
        (
            m1_0.sender_id=? 
            and m1_0.receiver_id=?
        ) 
        or (
            m1_0.sender_id=? 
            and m1_0.receiver_id=?
        ) 
    order by
        m1_0.sent_at
2026-05-08T15:58:24.500-07:00 DEBUG 19992 --- [nio-8080-exec-9] org.hibernate.SQL                        : 
    select
        u1_0.id,
        u1_0.avatar_url,
        u1_0.email,
        u1_0.password,
        u1_0.username 
    from
        users u1_0 
    where
        u1_0.id=?
Hibernate: 
    select
        u1_0.id,
        u1_0.avatar_url,
        u1_0.email,
        u1_0.password,
        u1_0.username 
    from
        users u1_0 
    where
        u1_0.id=?
2026-05-08T15:58:24.593-07:00 DEBUG 19992 --- [nio-8080-exec-9] org.hibernate.SQL                        : 
    select
        u1_0.id,
        u1_0.avatar_url,
        u1_0.email,
        u1_0.password,
        u1_0.username 
    from
        users u1_0 
    where
        u1_0.id=?
Hibernate: 
    select
        u1_0.id,
        u1_0.avatar_url,
        u1_0.email,
        u1_0.password,
        u1_0.username 
    from
        users u1_0 
    where
        u1_0.id=?
2026-05-08T15:58:24.617-07:00 DEBUG 19992 --- [nio-8080-exec-9] o.s.w.s.m.m.a.HttpEntityMethodProcessor  : Using 'application/json', given [application/json, text/plain, */*] and supported [application/json, application/*+json]
2026-05-08T15:58:24.621-07:00 DEBUG 19992 --- [nio-8080-exec-9] o.s.w.s.m.m.a.HttpEntityMethodProcessor  : Writing [[MessageDto.Response(id=6, content=Hi John, want to practice together?, sentAt=2026-04-06T08:30, sen (truncated)...]
2026-05-08T15:58:24.627-07:00 DEBUG 19992 --- [nio-8080-exec-9] o.s.web.servlet.DispatcherServlet        : Completed 200 OK
2026-05-08T15:58:28.334-07:00 DEBUG 19992 --- [nio-8080-exec-8] o.s.web.servlet.DispatcherServlet        : GET "/api/messages/conversation/1/2", parameters={}
2026-05-08T15:58:28.340-07:00 DEBUG 19992 --- [nio-8080-exec-8] s.w.s.m.m.a.RequestMappingHandlerMapping : Mapped to com.example.campconnect_backend.Controllers.MessageController#getConversation(Long, Long)
2026-05-08T15:58:28.376-07:00 DEBUG 19992 --- [nio-8080-exec-8] org.hibernate.SQL                        : 
    select
        m1_0.id,
        m1_0.content,
        m1_0.group_match_id,
        m1_0.is_read,
        m1_0.receiver_id,
        m1_0.sender_id,
        m1_0.sent_at 
    from
        messages m1_0 
    where
        (
            m1_0.sender_id=? 
            and m1_0.receiver_id=?
        ) 
        or (
            m1_0.sender_id=? 
            and m1_0.receiver_id=?
        ) 
    order by
        m1_0.sent_at
Hibernate: 
    select
        m1_0.id,
        m1_0.content,
        m1_0.group_match_id,
        m1_0.is_read,
        m1_0.receiver_id,
        m1_0.sender_id,
        m1_0.sent_at 
    from
        messages m1_0 
    where
        (
            m1_0.sender_id=? 
            and m1_0.receiver_id=?
        ) 
        or (
            m1_0.sender_id=? 
            and m1_0.receiver_id=?
        ) 
    order by
        m1_0.sent_at
2026-05-08T15:58:28.397-07:00 DEBUG 19992 --- [nio-8080-exec-8] org.hibernate.SQL                        : 
    select
        u1_0.id,
        u1_0.avatar_url,
        u1_0.email,
        u1_0.password,
        u1_0.username 
    from
        users u1_0 
    where
        u1_0.id=?
Hibernate: 
    select
        u1_0.id,
        u1_0.avatar_url,
        u1_0.email,
        u1_0.password,
        u1_0.username 
    from
        users u1_0 
    where
        u1_0.id=?
2026-05-08T15:58:28.422-07:00 DEBUG 19992 --- [nio-8080-exec-8] org.hibernate.SQL                        : 
    select
        u1_0.id,
        u1_0.avatar_url,
        u1_0.email,
        u1_0.password,
        u1_0.username 
    from
        users u1_0 
    where
        u1_0.id=?
Hibernate: 
    select
        u1_0.id,
        u1_0.avatar_url,
        u1_0.email,
        u1_0.password,
        u1_0.username 
    from
        users u1_0 
    where
        u1_0.id=?
2026-05-08T15:58:28.441-07:00 DEBUG 19992 --- [nio-8080-exec-8] o.s.w.s.m.m.a.HttpEntityMethodProcessor  : Using 'application/json', given [application/json, text/plain, */*] and supported [application/json, application/*+json]
2026-05-08T15:58:28.448-07:00 DEBUG 19992 --- [nio-8080-exec-8] o.s.w.s.m.m.a.HttpEntityMethodProcessor  : Writing [[MessageDto.Response(id=6, content=Hi John, want to practice together?, sentAt=2026-04-06T08:30, sen (truncated)...]
2026-05-08T15:58:28.460-07:00 DEBUG 19992 --- [nio-8080-exec-8] o.s.web.servlet.DispatcherServlet        : Completed 200 OK
2026-05-08T15:58:32.435-07:00 DEBUG 19992 --- [nio-8080-exec-5] o.s.web.servlet.DispatcherServlet        : GET "/api/users/1/preferences", parameters={}
2026-05-08T15:58:32.438-07:00 DEBUG 19992 --- [nio-8080-exec-5] s.w.s.m.m.a.RequestMappingHandlerMapping : Mapped to com.example.campconnect_backend.Controllers.UserController#getPreferences(Long)
2026-05-08T15:58:32.774-07:00 DEBUG 19992 --- [nio-8080-exec-5] org.hibernate.SQL                        : 
    select
        up1_0.id,
        up1_0.age_max,
        up1_0.age_min,
        up1_0.availability,
        up1_0.city,
        up1_0.engagement_level,
        up1_0.group_size_max,
        up1_0.group_size_min,
        up1_0.languages,
        up1_0.latitude,
        up1_0.longitude,
        up1_0.radius_km,
        up1_0.skill_level,
        up1_0.sports,
        up1_0.user_id 
    from
        user_preferences up1_0 
    left join
        users u1_0 
            on u1_0.id=up1_0.user_id 
    where
        u1_0.id=?
Hibernate: 
    select
        up1_0.id,
        up1_0.age_max,
        up1_0.age_min,
        up1_0.availability,
        up1_0.city,
        up1_0.engagement_level,
        up1_0.group_size_max,
        up1_0.group_size_min,
        up1_0.languages,
        up1_0.latitude,
        up1_0.longitude,
        up1_0.radius_km,
        up1_0.skill_level,
        up1_0.sports,
        up1_0.user_id 
    from
        user_preferences up1_0 
    left join
        users u1_0 
            on u1_0.id=up1_0.user_id 
    where
        u1_0.id=?
2026-05-08T15:58:32.908-07:00 DEBUG 19992 --- [nio-8080-exec-5] o.s.w.s.m.m.a.HttpEntityMethodProcessor  : Using 'application/json', given [application/json, text/plain, */*] and supported [application/json, application/*+json]
2026-05-08T15:58:32.946-07:00 DEBUG 19992 --- [nio-8080-exec-5] o.s.w.s.m.m.a.HttpEntityMethodProcessor  : Writing [UserPreferenceDto.Response(id=1, userId=1, sports=football,soccer, skillLevel=INTERMEDIATE, ageMin=2 (truncated)...]
2026-05-08T15:58:32.949-07:00 DEBUG 19992 --- [nio-8080-exec-5] o.s.web.servlet.DispatcherServlet        : Completed 200 OK
2026-05-08T15:58:36.681-07:00 DEBUG 19992 --- [nio-8080-exec-7] o.s.web.servlet.DispatcherServlet        : GET "/api/users", parameters={}
2026-05-08T15:58:36.682-07:00 DEBUG 19992 --- [nio-8080-exec-7] s.w.s.m.m.a.RequestMappingHandlerMapping : Mapped to com.example.campconnect_backend.Controllers.UserController#getAll()
2026-05-08T15:58:36.688-07:00 DEBUG 19992 --- [nio-8080-exec-7] org.hibernate.SQL                        : 
    select
        u1_0.id,
        u1_0.avatar_url,
        u1_0.email,
        u1_0.password,
        u1_0.username 
    from
        users u1_0
Hibernate: 
    select
        u1_0.id,
        u1_0.avatar_url,
        u1_0.email,
        u1_0.password,
        u1_0.username 
    from
        users u1_0
2026-05-08T15:58:36.694-07:00 DEBUG 19992 --- [nio-8080-exec-7] o.s.w.s.m.m.a.HttpEntityMethodProcessor  : Using 'application/json', given [application/json, text/plain, */*] and supported [application/json, application/*+json]
2026-05-08T15:58:36.695-07:00 DEBUG 19992 --- [nio-8080-exec-7] o.s.w.s.m.m.a.HttpEntityMethodProcessor  : Writing [[UserDto.Response(id=1, username=john_doe, email=john@example.com, avatarUrl=https://example.com/ava (truncated)...]
2026-05-08T15:58:36.698-07:00 DEBUG 19992 --- [nio-8080-exec-7] o.s.web.servlet.DispatcherServlet        : Completed 200 OK
2026-05-08T15:58:36.707-07:00 DEBUG 19992 --- [io-8080-exec-10] o.s.web.servlet.DispatcherServlet        : GET "/api/messages/conversation/1/2", parameters={}
2026-05-08T15:58:36.707-07:00 DEBUG 19992 --- [io-8080-exec-10] s.w.s.m.m.a.RequestMappingHandlerMapping : Mapped to com.example.campconnect_backend.Controllers.MessageController#getConversation(Long, Long)
2026-05-08T15:58:36.710-07:00 DEBUG 19992 --- [io-8080-exec-10] org.hibernate.SQL                        : 
    select
        m1_0.id,
        m1_0.content,
        m1_0.group_match_id,
        m1_0.is_read,
        m1_0.receiver_id,
        m1_0.sender_id,
        m1_0.sent_at 
    from
        messages m1_0 
    where
        (
            m1_0.sender_id=? 
            and m1_0.receiver_id=?
        ) 
        or (
            m1_0.sender_id=? 
            and m1_0.receiver_id=?
        ) 
    order by
        m1_0.sent_at
Hibernate: 
    select
        m1_0.id,
        m1_0.content,
        m1_0.group_match_id,
        m1_0.is_read,
        m1_0.receiver_id,
        m1_0.sender_id,
        m1_0.sent_at 
    from
        messages m1_0 
    where
        (
            m1_0.sender_id=? 
            and m1_0.receiver_id=?
        ) 
        or (
            m1_0.sender_id=? 
            and m1_0.receiver_id=?
        ) 
    order by
        m1_0.sent_at
2026-05-08T15:58:36.718-07:00 DEBUG 19992 --- [io-8080-exec-10] org.hibernate.SQL                        : 
    select
        u1_0.id,
        u1_0.avatar_url,
        u1_0.email,
        u1_0.password,
        u1_0.username 
    from
        users u1_0 
    where
        u1_0.id=?
Hibernate: 
    select
        u1_0.id,
        u1_0.avatar_url,
        u1_0.email,
        u1_0.password,
        u1_0.username 
    from
        users u1_0 
    where
        u1_0.id=?
2026-05-08T15:58:36.723-07:00 DEBUG 19992 --- [io-8080-exec-10] org.hibernate.SQL                        : 
    select
        u1_0.id,
        u1_0.avatar_url,
        u1_0.email,
        u1_0.password,
        u1_0.username 
    from
        users u1_0 
    where
        u1_0.id=?
Hibernate: 
    select
        u1_0.id,
        u1_0.avatar_url,
        u1_0.email,
        u1_0.password,
        u1_0.username 
    from
        users u1_0 
    where
        u1_0.id=?
2026-05-08T15:58:36.729-07:00 DEBUG 19992 --- [io-8080-exec-10] o.s.w.s.m.m.a.HttpEntityMethodProcessor  : Using 'application/json', given [application/json, text/plain, */*] and supported [application/json, application/*+json]
2026-05-08T15:58:36.730-07:00 DEBUG 19992 --- [io-8080-exec-10] o.s.w.s.m.m.a.HttpEntityMethodProcessor  : Writing [[MessageDto.Response(id=6, content=Hi John, want to practice together?, sentAt=2026-04-06T08:30, sen (truncated)...]
2026-05-08T15:58:36.732-07:00 DEBUG 19992 --- [io-8080-exec-10] o.s.web.servlet.DispatcherServlet        : Completed 200 OK
2026-05-08T15:58:40.681-07:00 DEBUG 19992 --- [nio-8080-exec-1] o.s.web.servlet.DispatcherServlet        : GET "/api/messages/conversation/1/2", parameters={}
2026-05-08T15:58:40.682-07:00 DEBUG 19992 --- [nio-8080-exec-1] s.w.s.m.m.a.RequestMappingHandlerMapping : Mapped to com.example.campconnect_backend.Controllers.MessageController#getConversation(Long, Long)
2026-05-08T15:58:40.686-07:00 DEBUG 19992 --- [nio-8080-exec-1] org.hibernate.SQL                        : 
    select
        m1_0.id,
        m1_0.content,
        m1_0.group_match_id,
        m1_0.is_read,
        m1_0.receiver_id,
        m1_0.sender_id,
        m1_0.sent_at 
    from
        messages m1_0 
    where
        (
            m1_0.sender_id=? 
            and m1_0.receiver_id=?
        ) 
        or (
            m1_0.sender_id=? 
            and m1_0.receiver_id=?
        ) 
    order by
        m1_0.sent_at
Hibernate: 
    select
        m1_0.id,
        m1_0.content,
        m1_0.group_match_id,
        m1_0.is_read,
        m1_0.receiver_id,
        m1_0.sender_id,
        m1_0.sent_at 
    from
        messages m1_0 
    where
        (
            m1_0.sender_id=? 
            and m1_0.receiver_id=?
        ) 
        or (
            m1_0.sender_id=? 
            and m1_0.receiver_id=?
        ) 
    order by
        m1_0.sent_at
2026-05-08T15:58:40.689-07:00 DEBUG 19992 --- [nio-8080-exec-1] org.hibernate.SQL                        : 
    select
        u1_0.id,
        u1_0.avatar_url,
        u1_0.email,
        u1_0.password,
        u1_0.username 
    from
        users u1_0 
    where
        u1_0.id=?
Hibernate: 
    select
        u1_0.id,
        u1_0.avatar_url,
        u1_0.email,
        u1_0.password,
        u1_0.username 
    from
        users u1_0 
    where
        u1_0.id=?
2026-05-08T15:58:40.692-07:00 DEBUG 19992 --- [nio-8080-exec-1] org.hibernate.SQL                        : 
    select
        u1_0.id,
        u1_0.avatar_url,
        u1_0.email,
        u1_0.password,
        u1_0.username 
    from
        users u1_0 
    where
        u1_0.id=?
Hibernate: 
    select
        u1_0.id,
        u1_0.avatar_url,
        u1_0.email,
        u1_0.password,
        u1_0.username 
    from
        users u1_0 
    where
        u1_0.id=?
2026-05-08T15:58:40.695-07:00 DEBUG 19992 --- [nio-8080-exec-1] o.s.w.s.m.m.a.HttpEntityMethodProcessor  : Using 'application/json', given [application/json, text/plain, */*] and supported [application/json, application/*+json]
2026-05-08T15:58:40.696-07:00 DEBUG 19992 --- [nio-8080-exec-1] o.s.w.s.m.m.a.HttpEntityMethodProcessor  : Writing [[MessageDto.Response(id=6, content=Hi John, want to practice together?, sentAt=2026-04-06T08:30, sen (truncated)...]
2026-05-08T15:58:40.697-07:00 DEBUG 19992 --- [nio-8080-exec-1] o.s.web.servlet.DispatcherServlet        : Completed 200 OK
2026-05-08T15:58:44.921-07:00 DEBUG 19992 --- [nio-8080-exec-2] o.s.web.servlet.DispatcherServlet        : GET "/api/messages/conversation/1/2", parameters={}
2026-05-08T15:58:44.922-07:00 DEBUG 19992 --- [nio-8080-exec-2] s.w.s.m.m.a.RequestMappingHandlerMapping : Mapped to com.example.campconnect_backend.Controllers.MessageController#getConversation(Long, Long)
2026-05-08T15:58:44.925-07:00 DEBUG 19992 --- [nio-8080-exec-2] org.hibernate.SQL                        : 
    select
        m1_0.id,
        m1_0.content,
        m1_0.group_match_id,
        m1_0.is_read,
        m1_0.receiver_id,
        m1_0.sender_id,
        m1_0.sent_at 
    from
        messages m1_0 
    where
        (
            m1_0.sender_id=? 
            and m1_0.receiver_id=?
        ) 
        or (
            m1_0.sender_id=? 
            and m1_0.receiver_id=?
        ) 
    order by
        m1_0.sent_at
Hibernate: 
    select
        m1_0.id,
        m1_0.content,
        m1_0.group_match_id,
        m1_0.is_read,
        m1_0.receiver_id,
        m1_0.sender_id,
        m1_0.sent_at 
    from
        messages m1_0 
    where
        (
            m1_0.sender_id=? 
            and m1_0.receiver_id=?
        ) 
        or (
            m1_0.sender_id=? 
            and m1_0.receiver_id=?
        ) 
    order by
        m1_0.sent_at
2026-05-08T15:58:44.931-07:00 DEBUG 19992 --- [nio-8080-exec-2] org.hibernate.SQL                        : 
    select
        u1_0.id,
        u1_0.avatar_url,
        u1_0.email,
        u1_0.password,
        u1_0.username 
    from
        users u1_0 
    where
        u1_0.id=?
Hibernate: 
    select
        u1_0.id,
        u1_0.avatar_url,
        u1_0.email,
        u1_0.password,
        u1_0.username 
    from
        users u1_0 
    where
        u1_0.id=?
2026-05-08T15:58:44.975-07:00 DEBUG 19992 --- [nio-8080-exec-2] org.hibernate.SQL                        : 
    select
        u1_0.id,
        u1_0.avatar_url,
        u1_0.email,
        u1_0.password,
        u1_0.username 
    from
        users u1_0 
    where
        u1_0.id=?
Hibernate: 
    select
        u1_0.id,
        u1_0.avatar_url,
        u1_0.email,
        u1_0.password,
        u1_0.username 
    from
        users u1_0 
    where
        u1_0.id=?
2026-05-08T15:58:45.021-07:00 DEBUG 19992 --- [nio-8080-exec-2] o.s.w.s.m.m.a.HttpEntityMethodProcessor  : Using 'application/json', given [application/json, text/plain, */*] and supported [application/json, application/*+json]
2026-05-08T15:58:45.040-07:00 DEBUG 19992 --- [nio-8080-exec-2] o.s.w.s.m.m.a.HttpEntityMethodProcessor  : Writing [[MessageDto.Response(id=6, content=Hi John, want to practice together?, sentAt=2026-04-06T08:30, sen (truncated)...]
2026-05-08T15:58:45.042-07:00 DEBUG 19992 --- [nio-8080-exec-2] o.s.web.servlet.DispatcherServlet        : Completed 200 OK
2026-05-08T15:58:48.924-07:00 DEBUG 19992 --- [nio-8080-exec-3] o.s.web.servlet.DispatcherServlet        : GET "/api/messages/conversation/1/2", parameters={}
2026-05-08T15:58:48.982-07:00 DEBUG 19992 --- [nio-8080-exec-3] s.w.s.m.m.a.RequestMappingHandlerMapping : Mapped to com.example.campconnect_backend.Controllers.MessageController#getConversation(Long, Long)
2026-05-08T15:58:49.050-07:00 DEBUG 19992 --- [nio-8080-exec-3] org.hibernate.SQL                        : 
    select
        m1_0.id,
        m1_0.content,
        m1_0.group_match_id,
        m1_0.is_read,
        m1_0.receiver_id,
        m1_0.sender_id,
        m1_0.sent_at 
    from
        messages m1_0 
    where
        (
            m1_0.sender_id=? 
            and m1_0.receiver_id=?
        ) 
        or (
            m1_0.sender_id=? 
            and m1_0.receiver_id=?
        ) 
    order by
        m1_0.sent_at
Hibernate: 
    select
        m1_0.id,
        m1_0.content,
        m1_0.group_match_id,
        m1_0.is_read,
        m1_0.receiver_id,
        m1_0.sender_id,
        m1_0.sent_at 
    from
        messages m1_0 
    where
        (
            m1_0.sender_id=? 
            and m1_0.receiver_id=?
        ) 
        or (
            m1_0.sender_id=? 
            and m1_0.receiver_id=?
        ) 
    order by
        m1_0.sent_at
2026-05-08T15:58:49.363-07:00 DEBUG 19992 --- [nio-8080-exec-3] org.hibernate.SQL                        : 
    select
        u1_0.id,
        u1_0.avatar_url,
        u1_0.email,
        u1_0.password,
        u1_0.username 
    from
        users u1_0 
    where
        u1_0.id=?
Hibernate: 
    select
        u1_0.id,
        u1_0.avatar_url,
        u1_0.email,
        u1_0.password,
        u1_0.username 
    from
        users u1_0 
    where
        u1_0.id=?
2026-05-08T15:58:49.509-07:00 DEBUG 19992 --- [nio-8080-exec-3] org.hibernate.SQL                        : 
    select
        u1_0.id,
        u1_0.avatar_url,
        u1_0.email,
        u1_0.password,
        u1_0.username 
    from
        users u1_0 
    where
        u1_0.id=?
Hibernate: 
    select
        u1_0.id,
        u1_0.avatar_url,
        u1_0.email,
        u1_0.password,
        u1_0.username 
    from
        users u1_0 
    where
        u1_0.id=?
2026-05-08T15:58:49.792-07:00 DEBUG 19992 --- [nio-8080-exec-3] o.s.w.s.m.m.a.HttpEntityMethodProcessor  : Using 'application/json', given [application/json, text/plain, */*] and supported [application/json, application/*+json]
2026-05-08T15:58:50.102-07:00 DEBUG 19992 --- [nio-8080-exec-3] o.s.w.s.m.m.a.HttpEntityMethodProcessor  : Writing [[MessageDto.Response(id=6, content=Hi John, want to practice together?, sentAt=2026-04-06T08:30, sen (truncated)...]
2026-05-08T15:58:50.314-07:00 DEBUG 19992 --- [nio-8080-exec-3] o.s.web.servlet.DispatcherServlet        : Completed 200 OK
2026-05-08T15:58:51.935-07:00 DEBUG 19992 --- [nio-8080-exec-4] o.s.web.servlet.DispatcherServlet        : GET "/api/messages/conversation/1/3", parameters={}
2026-05-08T15:58:51.980-07:00 DEBUG 19992 --- [nio-8080-exec-4] s.w.s.m.m.a.RequestMappingHandlerMapping : Mapped to com.example.campconnect_backend.Controllers.MessageController#getConversation(Long, Long)
2026-05-08T15:58:52.049-07:00 DEBUG 19992 --- [nio-8080-exec-4] org.hibernate.SQL                        : 
    select
        m1_0.id,
        m1_0.content,
        m1_0.group_match_id,
        m1_0.is_read,
        m1_0.receiver_id,
        m1_0.sender_id,
        m1_0.sent_at 
    from
        messages m1_0 
    where
        (
            m1_0.sender_id=? 
            and m1_0.receiver_id=?
        ) 
        or (
            m1_0.sender_id=? 
            and m1_0.receiver_id=?
        ) 
    order by
        m1_0.sent_at
Hibernate: 
    select
        m1_0.id,
        m1_0.content,
        m1_0.group_match_id,
        m1_0.is_read,
        m1_0.receiver_id,
        m1_0.sender_id,
        m1_0.sent_at 
    from
        messages m1_0 
    where
        (
            m1_0.sender_id=? 
            and m1_0.receiver_id=?
        ) 
        or (
            m1_0.sender_id=? 
            and m1_0.receiver_id=?
        ) 
    order by
        m1_0.sent_at
2026-05-08T15:58:52.165-07:00 DEBUG 19992 --- [nio-8080-exec-4] o.s.w.s.m.m.a.HttpEntityMethodProcessor  : Using 'application/json', given [application/json, text/plain, */*] and supported [application/json, application/*+json]
2026-05-08T15:58:52.260-07:00 DEBUG 19992 --- [nio-8080-exec-4] o.s.w.s.m.m.a.HttpEntityMethodProcessor  : Writing [[]]
2026-05-08T15:58:52.360-07:00 DEBUG 19992 --- [nio-8080-exec-4] o.s.web.servlet.DispatcherServlet        : Completed 200 OK
2026-05-08T15:58:52.682-07:00 DEBUG 19992 --- [nio-8080-exec-6] o.s.web.servlet.DispatcherServlet        : GET "/api/messages/conversation/1/3", parameters={}
2026-05-08T15:58:52.844-07:00 DEBUG 19992 --- [nio-8080-exec-6] s.w.s.m.m.a.RequestMappingHandlerMapping : Mapped to com.example.campconnect_backend.Controllers.MessageController#getConversation(Long, Long)
2026-05-08T15:58:53.279-07:00 DEBUG 19992 --- [nio-8080-exec-6] org.hibernate.SQL                        : 
    select
        m1_0.id,
        m1_0.content,
        m1_0.group_match_id,
        m1_0.is_read,
        m1_0.receiver_id,
        m1_0.sender_id,
        m1_0.sent_at 
    from
        messages m1_0 
    where
        (
            m1_0.sender_id=? 
            and m1_0.receiver_id=?
        ) 
        or (
            m1_0.sender_id=? 
            and m1_0.receiver_id=?
        ) 
    order by
        m1_0.sent_at
2026-05-08T15:58:53.307-07:00 DEBUG 19992 --- [nio-8080-exec-9] o.s.web.servlet.DispatcherServlet        : GET "/api/messages/conversation/1/4", parameters={}
Hibernate: 
    select
        m1_0.id,
        m1_0.content,
        m1_0.group_match_id,
        m1_0.is_read,
        m1_0.receiver_id,
        m1_0.sender_id,
        m1_0.sent_at 
    from
        messages m1_0 
    where
        (
            m1_0.sender_id=? 
            and m1_0.receiver_id=?
        ) 
        or (
            m1_0.sender_id=? 
            and m1_0.receiver_id=?
        ) 
    order by
        m1_0.sent_at
2026-05-08T15:58:53.625-07:00 DEBUG 19992 --- [nio-8080-exec-9] s.w.s.m.m.a.RequestMappingHandlerMapping : Mapped to com.example.campconnect_backend.Controllers.MessageController#getConversation(Long, Long)
2026-05-08T15:58:53.924-07:00 DEBUG 19992 --- [nio-8080-exec-6] o.s.w.s.m.m.a.HttpEntityMethodProcessor  : Using 'application/json', given [application/json, text/plain, */*] and supported [application/json, application/*+json]
2026-05-08T15:58:53.990-07:00 DEBUG 19992 --- [nio-8080-exec-9] org.hibernate.SQL                        : 
    select
        m1_0.id,
        m1_0.content,
        m1_0.group_match_id,
        m1_0.is_read,
        m1_0.receiver_id,
        m1_0.sender_id,
        m1_0.sent_at 
    from
        messages m1_0 
    where
        (
            m1_0.sender_id=? 
            and m1_0.receiver_id=?
        ) 
        or (
            m1_0.sender_id=? 
            and m1_0.receiver_id=?
        ) 
    order by
        m1_0.sent_at
2026-05-08T15:58:54.244-07:00 DEBUG 19992 --- [nio-8080-exec-6] o.s.w.s.m.m.a.HttpEntityMethodProcessor  : Writing [[]]
Hibernate: 
    select
        m1_0.id,
        m1_0.content,
        m1_0.group_match_id,
        m1_0.is_read,
        m1_0.receiver_id,
        m1_0.sender_id,
        m1_0.sent_at 
    from
        messages m1_0 
    where
        (
            m1_0.sender_id=? 
            and m1_0.receiver_id=?
        ) 
        or (
            m1_0.sender_id=? 
            and m1_0.receiver_id=?
        ) 
    order by
        m1_0.sent_at
2026-05-08T15:58:54.337-07:00 DEBUG 19992 --- [nio-8080-exec-6] o.s.web.servlet.DispatcherServlet        : Completed 200 OK
2026-05-08T15:58:54.643-07:00 DEBUG 19992 --- [nio-8080-exec-9] o.s.w.s.m.m.a.HttpEntityMethodProcessor  : Using 'application/json', given [application/json, text/plain, */*] and supported [application/json, application/*+json]
2026-05-08T15:58:54.716-07:00 DEBUG 19992 --- [nio-8080-exec-8] o.s.web.servlet.DispatcherServlet        : GET "/api/messages/conversation/1/5", parameters={}
2026-05-08T15:58:55.000-07:00 DEBUG 19992 --- [nio-8080-exec-9] o.s.w.s.m.m.a.HttpEntityMethodProcessor  : Writing [[]]
2026-05-08T15:58:55.116-07:00 DEBUG 19992 --- [nio-8080-exec-8] s.w.s.m.m.a.RequestMappingHandlerMapping : Mapped to com.example.campconnect_backend.Controllers.MessageController#getConversation(Long, Long)
2026-05-08T15:58:55.119-07:00 DEBUG 19992 --- [nio-8080-exec-9] o.s.web.servlet.DispatcherServlet        : Completed 200 OK
2026-05-08T15:58:55.125-07:00 DEBUG 19992 --- [nio-8080-exec-8] org.hibernate.SQL                        : 
    select
        m1_0.id,
        m1_0.content,
        m1_0.group_match_id,
        m1_0.is_read,
        m1_0.receiver_id,
        m1_0.sender_id,
        m1_0.sent_at 
    from
        messages m1_0 
    where
        (
            m1_0.sender_id=? 
            and m1_0.receiver_id=?
        ) 
        or (
            m1_0.sender_id=? 
            and m1_0.receiver_id=?
        ) 
    order by
        m1_0.sent_at
Hibernate: 
    select
        m1_0.id,
        m1_0.content,
        m1_0.group_match_id,
        m1_0.is_read,
        m1_0.receiver_id,
        m1_0.sender_id,
        m1_0.sent_at 
    from
        messages m1_0 
    where
        (
            m1_0.sender_id=? 
            and m1_0.receiver_id=?
        ) 
        or (
            m1_0.sender_id=? 
            and m1_0.receiver_id=?
        ) 
    order by
        m1_0.sent_at
2026-05-08T15:58:55.131-07:00 DEBUG 19992 --- [nio-8080-exec-8] o.s.w.s.m.m.a.HttpEntityMethodProcessor  : Using 'application/json', given [application/json, text/plain, */*] and supported [application/json, application/*+json]
2026-05-08T15:58:55.135-07:00 DEBUG 19992 --- [nio-8080-exec-8] o.s.w.s.m.m.a.HttpEntityMethodProcessor  : Writing [[]]
2026-05-08T15:58:55.137-07:00 DEBUG 19992 --- [nio-8080-exec-8] o.s.web.servlet.DispatcherServlet        : Completed 200 OK
2026-05-08T15:58:56.683-07:00 DEBUG 19992 --- [nio-8080-exec-5] o.s.web.servlet.DispatcherServlet        : GET "/api/messages/conversation/1/5", parameters={}
2026-05-08T15:58:56.684-07:00 DEBUG 19992 --- [nio-8080-exec-5] s.w.s.m.m.a.RequestMappingHandlerMapping : Mapped to com.example.campconnect_backend.Controllers.MessageController#getConversation(Long, Long)
2026-05-08T15:58:56.686-07:00 DEBUG 19992 --- [nio-8080-exec-5] org.hibernate.SQL                        : 
    select
        m1_0.id,
        m1_0.content,
        m1_0.group_match_id,
        m1_0.is_read,
        m1_0.receiver_id,
        m1_0.sender_id,
        m1_0.sent_at 
    from
        messages m1_0 
    where
        (
            m1_0.sender_id=? 
            and m1_0.receiver_id=?
        ) 
        or (
            m1_0.sender_id=? 
            and m1_0.receiver_id=?
        ) 
    order by
        m1_0.sent_at
Hibernate: 
    select
        m1_0.id,
        m1_0.content,
        m1_0.group_match_id,
        m1_0.is_read,
        m1_0.receiver_id,
        m1_0.sender_id,
        m1_0.sent_at 
    from
        messages m1_0 
    where
        (
            m1_0.sender_id=? 
            and m1_0.receiver_id=?
        ) 
        or (
            m1_0.sender_id=? 
            and m1_0.receiver_id=?
        ) 
    order by
        m1_0.sent_at
2026-05-08T15:58:56.689-07:00 DEBUG 19992 --- [nio-8080-exec-5] o.s.w.s.m.m.a.HttpEntityMethodProcessor  : Using 'application/json', given [application/json, text/plain, */*] and supported [application/json, application/*+json]
2026-05-08T15:58:56.690-07:00 DEBUG 19992 --- [nio-8080-exec-5] o.s.w.s.m.m.a.HttpEntityMethodProcessor  : Writing [[]]
2026-05-08T15:58:56.691-07:00 DEBUG 19992 --- [nio-8080-exec-5] o.s.web.servlet.DispatcherServlet        : Completed 200 OK
2026-05-08T15:58:57.372-07:00 DEBUG 19992 --- [io-8080-exec-10] o.s.web.servlet.DispatcherServlet        : POST "/api/messages/private", parameters={}
2026-05-08T15:58:57.373-07:00 DEBUG 19992 --- [io-8080-exec-10] s.w.s.m.m.a.RequestMappingHandlerMapping : Mapped to com.example.campconnect_backend.Controllers.MessageController#sendPrivate(WsPayload)
2026-05-08T15:58:57.375-07:00 DEBUG 19992 --- [io-8080-exec-10] m.m.a.RequestResponseBodyMethodProcessor : Read "application/json;charset=UTF-8" to [MessageDto.WsPayload(senderId=1, receiverId=5, groupMatchId=null, content=hello)]
2026-05-08T15:58:57.378-07:00 DEBUG 19992 --- [io-8080-exec-10] org.hibernate.SQL                        : 
    select
        u1_0.id,
        u1_0.avatar_url,
        u1_0.email,
        u1_0.password,
        u1_0.username 
    from
        users u1_0 
    where
        u1_0.id=?
Hibernate: 
    select
        u1_0.id,
        u1_0.avatar_url,
        u1_0.email,
        u1_0.password,
        u1_0.username 
    from
        users u1_0 
    where
        u1_0.id=?
2026-05-08T15:58:57.381-07:00 DEBUG 19992 --- [io-8080-exec-10] org.hibernate.SQL                        : 
    select
        u1_0.id,
        u1_0.avatar_url,
        u1_0.email,
        u1_0.password,
        u1_0.username 
    from
        users u1_0 
    where
        u1_0.id=?
Hibernate: 
    select
        u1_0.id,
        u1_0.avatar_url,
        u1_0.email,
        u1_0.password,
        u1_0.username 
    from
        users u1_0 
    where
        u1_0.id=?
2026-05-08T15:58:57.385-07:00 DEBUG 19992 --- [io-8080-exec-10] org.hibernate.SQL                        : 
    insert 
    into
        messages
        (content, group_match_id, is_read, receiver_id, sender_id, sent_at) 
    values
        (?, ?, ?, ?, ?, ?)
Hibernate: 
    insert 
    into
        messages
        (content, group_match_id, is_read, receiver_id, sender_id, sent_at) 
    values
        (?, ?, ?, ?, ?, ?)
2026-05-08T15:58:57.393-07:00 DEBUG 19992 --- [io-8080-exec-10] o.s.w.s.m.m.a.HttpEntityMethodProcessor  : Using 'application/json', given [application/json, text/plain, */*] and supported [application/json, application/*+json]
2026-05-08T15:58:57.394-07:00 DEBUG 19992 --- [io-8080-exec-10] o.s.w.s.m.m.a.HttpEntityMethodProcessor  : Writing [MessageDto.Response(id=10, content=hello, sentAt=2026-05-08T15:58:57.385349600, senderId=1, senderUs (truncated)...]
2026-05-08T15:58:57.397-07:00 DEBUG 19992 --- [io-8080-exec-10] o.s.web.servlet.DispatcherServlet        : Completed 201 CREATED
2026-05-08T15:58:57.404-07:00 DEBUG 19992 --- [nio-8080-exec-1] o.s.web.servlet.DispatcherServlet        : GET "/api/messages/conversation/1/5", parameters={}
2026-05-08T15:58:57.405-07:00 DEBUG 19992 --- [nio-8080-exec-1] s.w.s.m.m.a.RequestMappingHandlerMapping : Mapped to com.example.campconnect_backend.Controllers.MessageController#getConversation(Long, Long)
2026-05-08T15:58:57.408-07:00 DEBUG 19992 --- [nio-8080-exec-1] org.hibernate.SQL                        : 
    select
        m1_0.id,
        m1_0.content,
        m1_0.group_match_id,
        m1_0.is_read,
        m1_0.receiver_id,
        m1_0.sender_id,
        m1_0.sent_at 
    from
        messages m1_0 
    where
        (
            m1_0.sender_id=? 
            and m1_0.receiver_id=?
        ) 
        or (
            m1_0.sender_id=? 
            and m1_0.receiver_id=?
        ) 
    order by
        m1_0.sent_at
Hibernate: 
    select
        m1_0.id,
        m1_0.content,
        m1_0.group_match_id,
        m1_0.is_read,
        m1_0.receiver_id,
        m1_0.sender_id,
        m1_0.sent_at 
    from
        messages m1_0 
    where
        (
            m1_0.sender_id=? 
            and m1_0.receiver_id=?
        ) 
        or (
            m1_0.sender_id=? 
            and m1_0.receiver_id=?
        ) 
    order by
        m1_0.sent_at
2026-05-08T15:58:57.412-07:00 DEBUG 19992 --- [nio-8080-exec-1] org.hibernate.SQL                        : 
    select
        u1_0.id,
        u1_0.avatar_url,
        u1_0.email,
        u1_0.password,
        u1_0.username 
    from
        users u1_0 
    where
        u1_0.id=?
Hibernate: 
    select
        u1_0.id,
        u1_0.avatar_url,
        u1_0.email,
        u1_0.password,
        u1_0.username 
    from
        users u1_0 
    where
        u1_0.id=?
2026-05-08T15:58:57.415-07:00 DEBUG 19992 --- [nio-8080-exec-1] org.hibernate.SQL                        : 
    select
        u1_0.id,
        u1_0.avatar_url,
        u1_0.email,
        u1_0.password,
        u1_0.username 
    from
        users u1_0 
    where
        u1_0.id=?
Hibernate: 
    select
        u1_0.id,
        u1_0.avatar_url,
        u1_0.email,
        u1_0.password,
        u1_0.username 
    from
        users u1_0 
    where
        u1_0.id=?
2026-05-08T15:58:57.419-07:00 DEBUG 19992 --- [nio-8080-exec-1] o.s.w.s.m.m.a.HttpEntityMethodProcessor  : Using 'application/json', given [application/json, text/plain, */*] and supported [application/json, application/*+json]
2026-05-08T15:58:57.421-07:00 DEBUG 19992 --- [nio-8080-exec-1] o.s.w.s.m.m.a.HttpEntityMethodProcessor  : Writing [[MessageDto.Response(id=10, content=hello, sentAt=2026-05-08T15:58:57, senderId=1, senderUsername=jo (truncated)...]
2026-05-08T15:58:57.422-07:00 DEBUG 19992 --- [nio-8080-exec-1] o.s.web.servlet.DispatcherServlet        : Completed 200 OK
2026-05-08T15:59:00.682-07:00 DEBUG 19992 --- [nio-8080-exec-2] o.s.web.servlet.DispatcherServlet        : GET "/api/messages/conversation/1/5", parameters={}
2026-05-08T15:59:00.684-07:00 DEBUG 19992 --- [nio-8080-exec-2] s.w.s.m.m.a.RequestMappingHandlerMapping : Mapped to com.example.campconnect_backend.Controllers.MessageController#getConversation(Long, Long)
2026-05-08T15:59:00.688-07:00 DEBUG 19992 --- [nio-8080-exec-2] org.hibernate.SQL                        : 
    select
        m1_0.id,
        m1_0.content,
        m1_0.group_match_id,
        m1_0.is_read,
        m1_0.receiver_id,
        m1_0.sender_id,
        m1_0.sent_at 
    from
        messages m1_0 
    where
        (
            m1_0.sender_id=? 
            and m1_0.receiver_id=?
        ) 
        or (
            m1_0.sender_id=? 
            and m1_0.receiver_id=?
        ) 
    order by
        m1_0.sent_at
Hibernate: 
    select
        m1_0.id,
        m1_0.content,
        m1_0.group_match_id,
        m1_0.is_read,
        m1_0.receiver_id,
        m1_0.sender_id,
        m1_0.sent_at 
    from
        messages m1_0 
    where
        (
            m1_0.sender_id=? 
            and m1_0.receiver_id=?
        ) 
        or (
            m1_0.sender_id=? 
            and m1_0.receiver_id=?
        ) 
    order by
        m1_0.sent_at
2026-05-08T15:59:00.693-07:00 DEBUG 19992 --- [nio-8080-exec-2] org.hibernate.SQL                        : 
    select
        u1_0.id,
        u1_0.avatar_url,
        u1_0.email,
        u1_0.password,
        u1_0.username 
    from
        users u1_0 
    where
        u1_0.id=?
Hibernate: 
    select
        u1_0.id,
        u1_0.avatar_url,
        u1_0.email,
        u1_0.password,
        u1_0.username 
    from
        users u1_0 
    where
        u1_0.id=?
2026-05-08T15:59:00.696-07:00 DEBUG 19992 --- [nio-8080-exec-2] org.hibernate.SQL                        : 
    select
        u1_0.id,
        u1_0.avatar_url,
        u1_0.email,
        u1_0.password,
        u1_0.username 
    from
        users u1_0 
    where
        u1_0.id=?
Hibernate: 
    select
        u1_0.id,
        u1_0.avatar_url,
        u1_0.email,
        u1_0.password,
        u1_0.username 
    from
        users u1_0 
    where
        u1_0.id=?
2026-05-08T15:59:00.702-07:00 DEBUG 19992 --- [nio-8080-exec-2] o.s.w.s.m.m.a.HttpEntityMethodProcessor  : Using 'application/json', given [application/json, text/plain, */*] and supported [application/json, application/*+json]
2026-05-08T15:59:00.703-07:00 DEBUG 19992 --- [nio-8080-exec-2] o.s.w.s.m.m.a.HttpEntityMethodProcessor  : Writing [[MessageDto.Response(id=10, content=hello, sentAt=2026-05-08T15:58:57, senderId=1, senderUsername=jo (truncated)...]
2026-05-08T15:59:00.705-07:00 DEBUG 19992 --- [nio-8080-exec-2] o.s.web.servlet.DispatcherServlet        : Completed 200 OK
2026-05-08T15:59:04.689-07:00 DEBUG 19992 --- [nio-8080-exec-3] o.s.web.servlet.DispatcherServlet        : GET "/api/messages/conversation/1/5", parameters={}
2026-05-08T15:59:04.691-07:00 DEBUG 19992 --- [nio-8080-exec-3] s.w.s.m.m.a.RequestMappingHandlerMapping : Mapped to com.example.campconnect_backend.Controllers.MessageController#getConversation(Long, Long)
2026-05-08T15:59:04.695-07:00 DEBUG 19992 --- [nio-8080-exec-3] org.hibernate.SQL                        : 
    select
        m1_0.id,
        m1_0.content,
        m1_0.group_match_id,
        m1_0.is_read,
        m1_0.receiver_id,
        m1_0.sender_id,
        m1_0.sent_at 
    from
        messages m1_0 
    where
        (
            m1_0.sender_id=? 
            and m1_0.receiver_id=?
        ) 
        or (
            m1_0.sender_id=? 
            and m1_0.receiver_id=?
        ) 
    order by
        m1_0.sent_at
Hibernate: 
    select
        m1_0.id,
        m1_0.content,
        m1_0.group_match_id,
        m1_0.is_read,
        m1_0.receiver_id,
        m1_0.sender_id,
        m1_0.sent_at 
    from
        messages m1_0 
    where
        (
            m1_0.sender_id=? 
            and m1_0.receiver_id=?
        ) 
        or (
            m1_0.sender_id=? 
            and m1_0.receiver_id=?
        ) 
    order by
        m1_0.sent_at
2026-05-08T15:59:04.699-07:00 DEBUG 19992 --- [nio-8080-exec-3] org.hibernate.SQL                        : 
    select
        u1_0.id,
        u1_0.avatar_url,
        u1_0.email,
        u1_0.password,
        u1_0.username 
    from
        users u1_0 
    where
        u1_0.id=?
Hibernate: 
    select
        u1_0.id,
        u1_0.avatar_url,
        u1_0.email,
        u1_0.password,
        u1_0.username 
    from
        users u1_0 
    where
        u1_0.id=?
2026-05-08T15:59:04.703-07:00 DEBUG 19992 --- [nio-8080-exec-3] org.hibernate.SQL                        : 
    select
        u1_0.id,
        u1_0.avatar_url,
        u1_0.email,
        u1_0.password,
        u1_0.username 
    from
        users u1_0 
    where
        u1_0.id=?
Hibernate: 
    select
        u1_0.id,
        u1_0.avatar_url,
        u1_0.email,
        u1_0.password,
        u1_0.username 
    from
        users u1_0 
    where
        u1_0.id=?
2026-05-08T15:59:04.708-07:00 DEBUG 19992 --- [nio-8080-exec-3] o.s.w.s.m.m.a.HttpEntityMethodProcessor  : Using 'application/json', given [application/json, text/plain, */*] and supported [application/json, application/*+json]
2026-05-08T15:59:04.709-07:00 DEBUG 19992 --- [nio-8080-exec-3] o.s.w.s.m.m.a.HttpEntityMethodProcessor  : Writing [[MessageDto.Response(id=10, content=hello, sentAt=2026-05-08T15:58:57, senderId=1, senderUsername=jo (truncated)...]
2026-05-08T15:59:04.711-07:00 DEBUG 19992 --- [nio-8080-exec-3] o.s.web.servlet.DispatcherServlet        : Completed 200 OK
2026-05-08T15:59:05.949-07:00 DEBUG 19992 --- [nio-8080-exec-4] o.s.web.servlet.DispatcherServlet        : GET "/api/messages/conversation/1/4", parameters={}
2026-05-08T15:59:05.950-07:00 DEBUG 19992 --- [nio-8080-exec-4] s.w.s.m.m.a.RequestMappingHandlerMapping : Mapped to com.example.campconnect_backend.Controllers.MessageController#getConversation(Long, Long)
2026-05-08T15:59:05.953-07:00 DEBUG 19992 --- [nio-8080-exec-4] org.hibernate.SQL                        : 
    select
        m1_0.id,
        m1_0.content,
        m1_0.group_match_id,
        m1_0.is_read,
        m1_0.receiver_id,
        m1_0.sender_id,
        m1_0.sent_at 
    from
        messages m1_0 
    where
        (
            m1_0.sender_id=? 
            and m1_0.receiver_id=?
        ) 
        or (
            m1_0.sender_id=? 
            and m1_0.receiver_id=?
        ) 
    order by
        m1_0.sent_at
Hibernate: 
    select
        m1_0.id,
        m1_0.content,
        m1_0.group_match_id,
        m1_0.is_read,
        m1_0.receiver_id,
        m1_0.sender_id,
        m1_0.sent_at 
    from
        messages m1_0 
    where
        (
            m1_0.sender_id=? 
            and m1_0.receiver_id=?
        ) 
        or (
            m1_0.sender_id=? 
            and m1_0.receiver_id=?
        ) 
    order by
        m1_0.sent_at
2026-05-08T15:59:05.959-07:00 DEBUG 19992 --- [nio-8080-exec-4] o.s.w.s.m.m.a.HttpEntityMethodProcessor  : Using 'application/json', given [application/json, text/plain, */*] and supported [application/json, application/*+json]
2026-05-08T15:59:05.960-07:00 DEBUG 19992 --- [nio-8080-exec-4] o.s.w.s.m.m.a.HttpEntityMethodProcessor  : Writing [[]]
2026-05-08T15:59:05.963-07:00 DEBUG 19992 --- [nio-8080-exec-4] o.s.web.servlet.DispatcherServlet        : Completed 200 OK
2026-05-08T15:59:07.099-07:00 DEBUG 19992 --- [nio-8080-exec-6] o.s.web.servlet.DispatcherServlet        : GET "/api/messages/conversation/1/5", parameters={}
2026-05-08T15:59:07.100-07:00 DEBUG 19992 --- [nio-8080-exec-6] s.w.s.m.m.a.RequestMappingHandlerMapping : Mapped to com.example.campconnect_backend.Controllers.MessageController#getConversation(Long, Long)
2026-05-08T15:59:07.103-07:00 DEBUG 19992 --- [nio-8080-exec-6] org.hibernate.SQL                        : 
    select
        m1_0.id,
        m1_0.content,
        m1_0.group_match_id,
        m1_0.is_read,
        m1_0.receiver_id,
        m1_0.sender_id,
        m1_0.sent_at 
    from
        messages m1_0 
    where
        (
            m1_0.sender_id=? 
            and m1_0.receiver_id=?
        ) 
        or (
            m1_0.sender_id=? 
            and m1_0.receiver_id=?
        ) 
    order by
        m1_0.sent_at
Hibernate: 
    select
        m1_0.id,
        m1_0.content,
        m1_0.group_match_id,
        m1_0.is_read,
        m1_0.receiver_id,
        m1_0.sender_id,
        m1_0.sent_at 
    from
        messages m1_0 
    where
        (
            m1_0.sender_id=? 
            and m1_0.receiver_id=?
        ) 
        or (
            m1_0.sender_id=? 
            and m1_0.receiver_id=?
        ) 
    order by
        m1_0.sent_at
2026-05-08T15:59:07.107-07:00 DEBUG 19992 --- [nio-8080-exec-6] org.hibernate.SQL                        : 
    select
        u1_0.id,
        u1_0.avatar_url,
        u1_0.email,
        u1_0.password,
        u1_0.username 
    from
        users u1_0 
    where
        u1_0.id=?
Hibernate: 
    select
        u1_0.id,
        u1_0.avatar_url,
        u1_0.email,
        u1_0.password,
        u1_0.username 
    from
        users u1_0 
    where
        u1_0.id=?
2026-05-08T15:59:07.110-07:00 DEBUG 19992 --- [nio-8080-exec-6] org.hibernate.SQL                        : 
    select
        u1_0.id,
        u1_0.avatar_url,
        u1_0.email,
        u1_0.password,
        u1_0.username 
    from
        users u1_0 
    where
        u1_0.id=?
Hibernate: 
    select
        u1_0.id,
        u1_0.avatar_url,
        u1_0.email,
        u1_0.password,
        u1_0.username 
    from
        users u1_0 
    where
        u1_0.id=?
2026-05-08T15:59:07.115-07:00 DEBUG 19992 --- [nio-8080-exec-6] o.s.w.s.m.m.a.HttpEntityMethodProcessor  : Using 'application/json', given [application/json, text/plain, */*] and supported [application/json, application/*+json]
2026-05-08T15:59:07.116-07:00 DEBUG 19992 --- [nio-8080-exec-6] o.s.w.s.m.m.a.HttpEntityMethodProcessor  : Writing [[MessageDto.Response(id=10, content=hello, sentAt=2026-05-08T15:58:57, senderId=1, senderUsername=jo (truncated)...]
2026-05-08T15:59:07.118-07:00 DEBUG 19992 --- [nio-8080-exec-6] o.s.web.servlet.DispatcherServlet        : Completed 200 OK
2026-05-08T15:59:08.679-07:00 DEBUG 19992 --- [nio-8080-exec-9] o.s.web.servlet.DispatcherServlet        : GET "/api/messages/conversation/1/5", parameters={}
2026-05-08T15:59:08.695-07:00 DEBUG 19992 --- [nio-8080-exec-9] s.w.s.m.m.a.RequestMappingHandlerMapping : Mapped to com.example.campconnect_backend.Controllers.MessageController#getConversation(Long, Long)
2026-05-08T15:59:08.697-07:00 DEBUG 19992 --- [nio-8080-exec-9] org.hibernate.SQL                        : 
    select
        m1_0.id,
        m1_0.content,
        m1_0.group_match_id,
        m1_0.is_read,
        m1_0.receiver_id,
        m1_0.sender_id,
        m1_0.sent_at 
    from
        messages m1_0 
    where
        (
            m1_0.sender_id=? 
            and m1_0.receiver_id=?
        ) 
        or (
            m1_0.sender_id=? 
            and m1_0.receiver_id=?
        ) 
    order by
        m1_0.sent_at
Hibernate: 
    select
        m1_0.id,
        m1_0.content,
        m1_0.group_match_id,
        m1_0.is_read,
        m1_0.receiver_id,
        m1_0.sender_id,
        m1_0.sent_at 
    from
        messages m1_0 
    where
        (
            m1_0.sender_id=? 
            and m1_0.receiver_id=?
        ) 
        or (
            m1_0.sender_id=? 
            and m1_0.receiver_id=?
        ) 
    order by
        m1_0.sent_at
2026-05-08T15:59:08.699-07:00 DEBUG 19992 --- [nio-8080-exec-9] org.hibernate.SQL                        : 
    select
        u1_0.id,
        u1_0.avatar_url,
        u1_0.email,
        u1_0.password,
        u1_0.username 
    from
        users u1_0 
    where
        u1_0.id=?
Hibernate: 
    select
        u1_0.id,
        u1_0.avatar_url,
        u1_0.email,
        u1_0.password,
        u1_0.username 
    from
        users u1_0 
    where
        u1_0.id=?
2026-05-08T15:59:08.701-07:00 DEBUG 19992 --- [nio-8080-exec-9] org.hibernate.SQL                        : 
    select
        u1_0.id,
        u1_0.avatar_url,
        u1_0.email,
        u1_0.password,
        u1_0.username 
    from
        users u1_0 
    where
        u1_0.id=?
Hibernate: 
    select
        u1_0.id,
        u1_0.avatar_url,
        u1_0.email,
        u1_0.password,
        u1_0.username 
    from
        users u1_0 
    where
        u1_0.id=?
2026-05-08T15:59:08.704-07:00 DEBUG 19992 --- [nio-8080-exec-9] o.s.w.s.m.m.a.HttpEntityMethodProcessor  : Using 'application/json', given [application/json, text/plain, */*] and supported [application/json, application/*+json]
2026-05-08T15:59:08.704-07:00 DEBUG 19992 --- [nio-8080-exec-9] o.s.w.s.m.m.a.HttpEntityMethodProcessor  : Writing [[MessageDto.Response(id=10, content=hello, sentAt=2026-05-08T15:58:57, senderId=1, senderUsername=jo (truncated)...]
2026-05-08T15:59:08.706-07:00 DEBUG 19992 --- [nio-8080-exec-9] o.s.web.servlet.DispatcherServlet        : Completed 200 OK
2026-05-08T15:59:10.898-07:00 DEBUG 19992 --- [nio-8080-exec-8] o.s.web.servlet.DispatcherServlet        : GET "/api/users/1/preferences", parameters={}
2026-05-08T15:59:10.900-07:00 DEBUG 19992 --- [nio-8080-exec-8] s.w.s.m.m.a.RequestMappingHandlerMapping : Mapped to com.example.campconnect_backend.Controllers.UserController#getPreferences(Long)
2026-05-08T15:59:10.907-07:00 DEBUG 19992 --- [nio-8080-exec-8] org.hibernate.SQL                        : 
    select
        up1_0.id,
        up1_0.age_max,
        up1_0.age_min,
        up1_0.availability,
        up1_0.city,
        up1_0.engagement_level,
        up1_0.group_size_max,
        up1_0.group_size_min,
        up1_0.languages,
        up1_0.latitude,
        up1_0.longitude,
        up1_0.radius_km,
        up1_0.skill_level,
        up1_0.sports,
        up1_0.user_id 
    from
        user_preferences up1_0 
    left join
        users u1_0 
            on u1_0.id=up1_0.user_id 
    where
        u1_0.id=?
Hibernate: 
    select
        up1_0.id,
        up1_0.age_max,
        up1_0.age_min,
        up1_0.availability,
        up1_0.city,
        up1_0.engagement_level,
        up1_0.group_size_max,
        up1_0.group_size_min,
        up1_0.languages,
        up1_0.latitude,
        up1_0.longitude,
        up1_0.radius_km,
        up1_0.skill_level,
        up1_0.sports,
        up1_0.user_id 
    from
        user_preferences up1_0 
    left join
        users u1_0 
            on u1_0.id=up1_0.user_id 
    where
        u1_0.id=?
2026-05-08T15:59:11.182-07:00 DEBUG 19992 --- [nio-8080-exec-8] o.s.w.s.m.m.a.HttpEntityMethodProcessor  : Using 'application/json', given [application/json, text/plain, */*] and supported [application/json, application/*+json]
2026-05-08T15:59:11.240-07:00 DEBUG 19992 --- [nio-8080-exec-8] o.s.w.s.m.m.a.HttpEntityMethodProcessor  : Writing [UserPreferenceDto.Response(id=1, userId=1, sports=football,soccer, skillLevel=INTERMEDIATE, ageMin=2 (truncated)...]
2026-05-08T15:59:11.301-07:00 DEBUG 19992 --- [nio-8080-exec-8] o.s.web.servlet.DispatcherServlet        : Completed 200 OK
2026-05-08T15:59:18.013-07:00 DEBUG 19992 --- [nio-8080-exec-7] o.s.web.servlet.DispatcherServlet        : POST "/api/users/1/preferences", parameters={}
2026-05-08T15:59:18.221-07:00 DEBUG 19992 --- [nio-8080-exec-7] s.w.s.m.m.a.RequestMappingHandlerMapping : Mapped to com.example.campconnect_backend.Controllers.UserController#savePreferences(Long, Request)
2026-05-08T15:59:18.808-07:00 DEBUG 19992 --- [nio-8080-exec-7] m.m.a.RequestResponseBodyMethodProcessor : Read "application/json;charset=UTF-8" to [UserPreferenceDto.Request(userId=null, sports=football,soccer,Swimming, skillLevel=INTERMEDIATE, age (truncated)...]
2026-05-08T15:59:18.871-07:00 DEBUG 19992 --- [nio-8080-exec-7] org.hibernate.SQL                        : 
    select
        u1_0.id,
        u1_0.avatar_url,
        u1_0.email,
        u1_0.password,
        u1_0.username 
    from
        users u1_0 
    where
        u1_0.id=?
Hibernate: 
    select
        u1_0.id,
        u1_0.avatar_url,
        u1_0.email,
        u1_0.password,
        u1_0.username 
    from
        users u1_0 
    where
        u1_0.id=?
2026-05-08T15:59:18.997-07:00 DEBUG 19992 --- [nio-8080-exec-7] org.hibernate.SQL                        : 
    select
        up1_0.id,
        up1_0.age_max,
        up1_0.age_min,
        up1_0.availability,
        up1_0.city,
        up1_0.engagement_level,
        up1_0.group_size_max,
        up1_0.group_size_min,
        up1_0.languages,
        up1_0.latitude,
        up1_0.longitude,
        up1_0.radius_km,
        up1_0.skill_level,
        up1_0.sports,
        up1_0.user_id 
    from
        user_preferences up1_0 
    left join
        users u1_0 
            on u1_0.id=up1_0.user_id 
    where
        u1_0.id=?
Hibernate: 
    select
        up1_0.id,
        up1_0.age_max,
        up1_0.age_min,
        up1_0.availability,
        up1_0.city,
        up1_0.engagement_level,
        up1_0.group_size_max,
        up1_0.group_size_min,
        up1_0.languages,
        up1_0.latitude,
        up1_0.longitude,
        up1_0.radius_km,
        up1_0.skill_level,
        up1_0.sports,
        up1_0.user_id 
    from
        user_preferences up1_0 
    left join
        users u1_0 
            on u1_0.id=up1_0.user_id 
    where
        u1_0.id=?
2026-05-08T15:59:19.302-07:00 DEBUG 19992 --- [nio-8080-exec-7] org.hibernate.SQL                        : 
    update
        user_preferences 
    set
        age_max=?,
        age_min=?,
        availability=?,
        city=?,
        engagement_level=?,
        group_size_max=?,
        group_size_min=?,
        languages=?,
        latitude=?,
        longitude=?,
        radius_km=?,
        skill_level=?,
        sports=?,
        user_id=? 
    where
        id=?
Hibernate: 
    update
        user_preferences 
    set
        age_max=?,
        age_min=?,
        availability=?,
        city=?,
        engagement_level=?,
        group_size_max=?,
        group_size_min=?,
        languages=?,
        latitude=?,
        longitude=?,
        radius_km=?,
        skill_level=?,
        sports=?,
        user_id=? 
    where
        id=?
2026-05-08T15:59:19.314-07:00 DEBUG 19992 --- [nio-8080-exec-7] o.s.w.s.m.m.a.HttpEntityMethodProcessor  : Using 'application/json', given [application/json, text/plain, */*] and supported [application/json, application/*+json]
2026-05-08T15:59:19.315-07:00 DEBUG 19992 --- [nio-8080-exec-7] o.s.w.s.m.m.a.HttpEntityMethodProcessor  : Writing [UserPreferenceDto.Response(id=1, userId=1, sports=football,soccer,Swimming, skillLevel=INTERMEDIATE, (truncated)...]
2026-05-08T15:59:19.318-07:00 DEBUG 19992 --- [nio-8080-exec-7] o.s.web.servlet.DispatcherServlet        : Completed 201 CREATED
2026-05-08T15:59:34.209-07:00 DEBUG 19992 --- [io-8080-exec-10] o.s.web.servlet.DispatcherServlet        : GET "/api/users/1/preferences", parameters={}
2026-05-08T15:59:34.209-07:00 DEBUG 19992 --- [nio-8080-exec-1] o.s.web.servlet.DispatcherServlet        : GET "/api/users/1/match-by-preferences", parameters={}
2026-05-08T15:59:34.211-07:00 DEBUG 19992 --- [io-8080-exec-10] s.w.s.m.m.a.RequestMappingHandlerMapping : Mapped to com.example.campconnect_backend.Controllers.UserController#getPreferences(Long)
2026-05-08T15:59:34.264-07:00 DEBUG 19992 --- [io-8080-exec-10] org.hibernate.SQL                        : 
    select
        up1_0.id,
        up1_0.age_max,
        up1_0.age_min,
        up1_0.availability,
        up1_0.city,
        up1_0.engagement_level,
        up1_0.group_size_max,
        up1_0.group_size_min,
        up1_0.languages,
        up1_0.latitude,
        up1_0.longitude,
        up1_0.radius_km,
        up1_0.skill_level,
        up1_0.sports,
        up1_0.user_id 
    from
        user_preferences up1_0 
    left join
        users u1_0 
            on u1_0.id=up1_0.user_id 
    where
        u1_0.id=?
Hibernate: 
    select
        up1_0.id,
        up1_0.age_max,
        up1_0.age_min,
        up1_0.availability,
        up1_0.city,
        up1_0.engagement_level,
        up1_0.group_size_max,
        up1_0.group_size_min,
        up1_0.languages,
        up1_0.latitude,
        up1_0.longitude,
        up1_0.radius_km,
        up1_0.skill_level,
        up1_0.sports,
        up1_0.user_id 
    from
        user_preferences up1_0 
    left join
        users u1_0 
            on u1_0.id=up1_0.user_id 
    where
        u1_0.id=?
2026-05-08T15:59:34.448-07:00 DEBUG 19992 --- [io-8080-exec-10] o.s.w.s.m.m.a.HttpEntityMethodProcessor  : Using 'application/json', given [application/json, text/plain, */*] and supported [application/json, application/*+json]
2026-05-08T15:59:34.594-07:00 DEBUG 19992 --- [io-8080-exec-10] o.s.w.s.m.m.a.HttpEntityMethodProcessor  : Writing [UserPreferenceDto.Response(id=1, userId=1, sports=football,soccer,Swimming, skillLevel=INTERMEDIATE, (truncated)...]
2026-05-08T15:59:34.750-07:00 DEBUG 19992 --- [io-8080-exec-10] o.s.web.servlet.DispatcherServlet        : Completed 200 OK
2026-05-08T15:59:35.000-07:00 DEBUG 19992 --- [nio-8080-exec-1] o.s.w.s.handler.SimpleUrlHandlerMapping  : Mapped to ResourceHttpRequestHandler [classpath [META-INF/resources/], classpath [resources/], classpath [static/], classpath [public/], ServletContext [/]]
2026-05-08T15:59:35.708-07:00 DEBUG 19992 --- [nio-8080-exec-1] o.s.w.s.r.ResourceHttpRequestHandler     : Resource not found
2026-05-08T15:59:35.715-07:00 DEBUG 19992 --- [nio-8080-exec-1] .w.s.m.s.DefaultHandlerExceptionResolver : Resolved [org.springframework.web.servlet.resource.NoResourceFoundException: No static resource api/users/1/match-by-preferences.]
2026-05-08T15:59:35.716-07:00 DEBUG 19992 --- [nio-8080-exec-1] o.s.web.servlet.DispatcherServlet        : Completed 404 NOT_FOUND
2026-05-08T15:59:35.718-07:00 DEBUG 19992 --- [nio-8080-exec-1] o.s.web.servlet.DispatcherServlet        : "ERROR" dispatch for GET "/error", parameters={}
2026-05-08T15:59:35.719-07:00 DEBUG 19992 --- [nio-8080-exec-1] s.w.s.m.m.a.RequestMappingHandlerMapping : Mapped to org.springframework.boot.autoconfigure.web.servlet.error.BasicErrorController#error(HttpServletRequest)
2026-05-08T15:59:35.724-07:00 DEBUG 19992 --- [nio-8080-exec-1] o.s.w.s.m.m.a.HttpEntityMethodProcessor  : Using 'application/json', given [application/json, text/plain, */*] and supported [application/json, application/*+json]
2026-05-08T15:59:35.725-07:00 DEBUG 19992 --- [nio-8080-exec-1] o.s.w.s.m.m.a.HttpEntityMethodProcessor  : Writing [{timestamp=Fri May 08 15:59:35 PDT 2026, status=404, error=Not Found, path=/api/users/1/match-by-pre (truncated)...]
2026-05-08T15:59:35.728-07:00 DEBUG 19992 --- [nio-8080-exec-1] o.s.web.servlet.DispatcherServlet        : Exiting from "ERROR" dispatch, status 404
2026-05-08T15:59:35.736-07:00 DEBUG 19992 --- [nio-8080-exec-2] o.s.web.servlet.DispatcherServlet        : GET "/api/users/1/preferences", parameters={}
2026-05-08T15:59:35.737-07:00 DEBUG 19992 --- [nio-8080-exec-3] o.s.web.servlet.DispatcherServlet        : GET "/api/groups", parameters={}
2026-05-08T15:59:35.737-07:00 DEBUG 19992 --- [nio-8080-exec-2] s.w.s.m.m.a.RequestMappingHandlerMapping : Mapped to com.example.campconnect_backend.Controllers.UserController#getPreferences(Long)
2026-05-08T15:59:35.738-07:00 DEBUG 19992 --- [nio-8080-exec-3] s.w.s.m.m.a.RequestMappingHandlerMapping : Mapped to com.example.campconnect_backend.Controllers.GroupMatchController#getAll()
2026-05-08T15:59:35.744-07:00 DEBUG 19992 --- [nio-8080-exec-2] org.hibernate.SQL                        : 
    select
        up1_0.id,
        up1_0.age_max,
        up1_0.age_min,
        up1_0.availability,
        up1_0.city,
        up1_0.engagement_level,
        up1_0.group_size_max,
        up1_0.group_size_min,
        up1_0.languages,
        up1_0.latitude,
        up1_0.longitude,
        up1_0.radius_km,
        up1_0.skill_level,
        up1_0.sports,
        up1_0.user_id 
    from
        user_preferences up1_0 
    left join
        users u1_0 
            on u1_0.id=up1_0.user_id 
    where
        u1_0.id=?
Hibernate: 
    select
        up1_0.id,
        up1_0.age_max,
        up1_0.age_min,
        up1_0.availability,
        up1_0.city,
        up1_0.engagement_level,
        up1_0.group_size_max,
        up1_0.group_size_min,
        up1_0.languages,
        up1_0.latitude,
        up1_0.longitude,
        up1_0.radius_km,
        up1_0.skill_level,
        up1_0.sports,
        up1_0.user_id 
    from
        user_preferences up1_0 
    left join
        users u1_0 
            on u1_0.id=up1_0.user_id 
    where
        u1_0.id=?
2026-05-08T15:59:35.751-07:00 DEBUG 19992 --- [nio-8080-exec-2] o.s.w.s.m.m.a.HttpEntityMethodProcessor  : Using 'application/json', given [application/json, text/plain, */*] and supported [application/json, application/*+json]
2026-05-08T15:59:35.751-07:00 DEBUG 19992 --- [nio-8080-exec-3] org.hibernate.SQL                        : 
    select
        gm1_0.id,
        gm1_0.created_at,
        gm1_0.description,
        gm1_0.latitude,
        gm1_0.location,
        gm1_0.longitude,
        gm1_0.max_participants,
        gm1_0.name,
        gm1_0.scheduled_at,
        gm1_0.skill_level,
        gm1_0.sport 
    from
        group_match gm1_0
Hibernate: 
    select
        gm1_0.id,
        gm1_0.created_at,
        gm1_0.description,
        gm1_0.latitude,
        gm1_0.location,
        gm1_0.longitude,
        gm1_0.max_participants,
        gm1_0.name,
        gm1_0.scheduled_at,
        gm1_0.skill_level,
        gm1_0.sport 
    from
        group_match gm1_0
2026-05-08T15:59:35.752-07:00 DEBUG 19992 --- [nio-8080-exec-2] o.s.w.s.m.m.a.HttpEntityMethodProcessor  : Writing [UserPreferenceDto.Response(id=1, userId=1, sports=football,soccer,Swimming, skillLevel=INTERMEDIATE, (truncated)...]
2026-05-08T15:59:35.754-07:00 DEBUG 19992 --- [nio-8080-exec-2] o.s.web.servlet.DispatcherServlet        : Completed 200 OK
2026-05-08T15:59:35.819-07:00 DEBUG 19992 --- [nio-8080-exec-3] org.hibernate.SQL                        : 
    select
        count(*) 
    from
        user_participant up1_0 
    where
        up1_0.group_match_id=? 
        and up1_0.status='ACCEPTED'
Hibernate: 
    select
        count(*) 
    from
        user_participant up1_0 
    where
        up1_0.group_match_id=? 
        and up1_0.status='ACCEPTED'
2026-05-08T15:59:35.825-07:00 DEBUG 19992 --- [nio-8080-exec-3] org.hibernate.SQL                        : 
    select
        count(*) 
    from
        user_participant up1_0 
    where
        up1_0.group_match_id=? 
        and up1_0.status='ACCEPTED'
Hibernate: 
    select
        count(*) 
    from
        user_participant up1_0 
    where
        up1_0.group_match_id=? 
        and up1_0.status='ACCEPTED'
2026-05-08T15:59:35.829-07:00 DEBUG 19992 --- [nio-8080-exec-3] org.hibernate.SQL                        : 
    select
        count(*) 
    from
        user_participant up1_0 
    where
        up1_0.group_match_id=? 
        and up1_0.status='ACCEPTED'
Hibernate: 
    select
        count(*) 
    from
        user_participant up1_0 
    where
        up1_0.group_match_id=? 
        and up1_0.status='ACCEPTED'
2026-05-08T15:59:35.832-07:00 DEBUG 19992 --- [nio-8080-exec-3] org.hibernate.SQL                        : 
    select
        count(*) 
    from
        user_participant up1_0 
    where
        up1_0.group_match_id=? 
        and up1_0.status='ACCEPTED'
Hibernate: 
    select
        count(*) 
    from
        user_participant up1_0 
    where
        up1_0.group_match_id=? 
        and up1_0.status='ACCEPTED'
2026-05-08T15:59:35.835-07:00 DEBUG 19992 --- [nio-8080-exec-3] org.hibernate.SQL                        : 
    select
        count(*) 
    from
        user_participant up1_0 
    where
        up1_0.group_match_id=? 
        and up1_0.status='ACCEPTED'
Hibernate: 
    select
        count(*) 
    from
        user_participant up1_0 
    where
        up1_0.group_match_id=? 
        and up1_0.status='ACCEPTED'
2026-05-08T15:59:35.838-07:00 DEBUG 19992 --- [nio-8080-exec-3] o.s.w.s.m.m.a.HttpEntityMethodProcessor  : Using 'application/json', given [application/json, text/plain, */*] and supported [application/json, application/*+json]
2026-05-08T15:59:35.850-07:00 DEBUG 19992 --- [nio-8080-exec-3] o.s.w.s.m.m.a.HttpEntityMethodProcessor  : Writing [[GroupMatchDto.Response(id=1, name=Football Match Downtown, description=Casual football game in the  (truncated)...]
2026-05-08T15:59:35.855-07:00 DEBUG 19992 --- [nio-8080-exec-3] o.s.web.servlet.DispatcherServlet        : Completed 200 OK
2026-05-08T15:59:47.008-07:00 DEBUG 19992 --- [nio-8080-exec-4] o.s.web.servlet.DispatcherServlet        : GET "/api/users/1/preferences", parameters={}
2026-05-08T15:59:47.206-07:00 DEBUG 19992 --- [nio-8080-exec-4] s.w.s.m.m.a.RequestMappingHandlerMapping : Mapped to com.example.campconnect_backend.Controllers.UserController#getPreferences(Long)
2026-05-08T15:59:47.275-07:00 DEBUG 19992 --- [nio-8080-exec-4] org.hibernate.SQL                        : 
    select
        up1_0.id,
        up1_0.age_max,
        up1_0.age_min,
        up1_0.availability,
        up1_0.city,
        up1_0.engagement_level,
        up1_0.group_size_max,
        up1_0.group_size_min,
        up1_0.languages,
        up1_0.latitude,
        up1_0.longitude,
        up1_0.radius_km,
        up1_0.skill_level,
        up1_0.sports,
        up1_0.user_id 
    from
        user_preferences up1_0 
    left join
        users u1_0 
            on u1_0.id=up1_0.user_id 
    where
        u1_0.id=?
Hibernate: 
    select
        up1_0.id,
        up1_0.age_max,
        up1_0.age_min,
        up1_0.availability,
        up1_0.city,
        up1_0.engagement_level,
        up1_0.group_size_max,
        up1_0.group_size_min,
        up1_0.languages,
        up1_0.latitude,
        up1_0.longitude,
        up1_0.radius_km,
        up1_0.skill_level,
        up1_0.sports,
        up1_0.user_id 
    from
        user_preferences up1_0 
    left join
        users u1_0 
            on u1_0.id=up1_0.user_id 
    where
        u1_0.id=?
2026-05-08T15:59:47.370-07:00 DEBUG 19992 --- [nio-8080-exec-4] o.s.w.s.m.m.a.HttpEntityMethodProcessor  : Using 'application/json', given [application/json, text/plain, */*] and supported [application/json, application/*+json]
2026-05-08T15:59:47.493-07:00 DEBUG 19992 --- [nio-8080-exec-4] o.s.w.s.m.m.a.HttpEntityMethodProcessor  : Writing [UserPreferenceDto.Response(id=1, userId=1, sports=football,soccer,Swimming, skillLevel=INTERMEDIATE, (truncated)...]
2026-05-08T15:59:47.571-07:00 DEBUG 19992 --- [nio-8080-exec-4] o.s.web.servlet.DispatcherServlet        : Completed 200 OK
2026-05-08T15:59:54.061-07:00 DEBUG 19992 --- [nio-8080-exec-9] o.s.web.servlet.DispatcherServlet        : POST "/api/users/1/preferences", parameters={}
2026-05-08T15:59:54.062-07:00 DEBUG 19992 --- [nio-8080-exec-9] s.w.s.m.m.a.RequestMappingHandlerMapping : Mapped to com.example.campconnect_backend.Controllers.UserController#savePreferences(Long, Request)
2026-05-08T15:59:54.063-07:00 DEBUG 19992 --- [nio-8080-exec-9] m.m.a.RequestResponseBodyMethodProcessor : Read "application/json;charset=UTF-8" to [UserPreferenceDto.Request(userId=null, sports=football,soccer,Football, skillLevel=INTERMEDIATE, age (truncated)...]
2026-05-08T15:59:54.065-07:00 DEBUG 19992 --- [nio-8080-exec-9] org.hibernate.SQL                        : 
    select
        u1_0.id,
        u1_0.avatar_url,
        u1_0.email,
        u1_0.password,
        u1_0.username 
    from
        users u1_0 
    where
        u1_0.id=?
Hibernate: 
    select
        u1_0.id,
        u1_0.avatar_url,
        u1_0.email,
        u1_0.password,
        u1_0.username 
    from
        users u1_0 
    where
        u1_0.id=?
2026-05-08T15:59:54.069-07:00 DEBUG 19992 --- [nio-8080-exec-9] org.hibernate.SQL                        : 
    select
        up1_0.id,
        up1_0.age_max,
        up1_0.age_min,
        up1_0.availability,
        up1_0.city,
        up1_0.engagement_level,
        up1_0.group_size_max,
        up1_0.group_size_min,
        up1_0.languages,
        up1_0.latitude,
        up1_0.longitude,
        up1_0.radius_km,
        up1_0.skill_level,
        up1_0.sports,
        up1_0.user_id 
    from
        user_preferences up1_0 
    left join
        users u1_0 
            on u1_0.id=up1_0.user_id 
    where
        u1_0.id=?
Hibernate: 
    select
        up1_0.id,
        up1_0.age_max,
        up1_0.age_min,
        up1_0.availability,
        up1_0.city,
        up1_0.engagement_level,
        up1_0.group_size_max,
        up1_0.group_size_min,
        up1_0.languages,
        up1_0.latitude,
        up1_0.longitude,
        up1_0.radius_km,
        up1_0.skill_level,
        up1_0.sports,
        up1_0.user_id 
    from
        user_preferences up1_0 
    left join
        users u1_0 
            on u1_0.id=up1_0.user_id 
    where
        u1_0.id=?
2026-05-08T15:59:54.073-07:00 DEBUG 19992 --- [nio-8080-exec-9] org.hibernate.SQL                        : 
    update
        user_preferences 
    set
        age_max=?,
        age_min=?,
        availability=?,
        city=?,
        engagement_level=?,
        group_size_max=?,
        group_size_min=?,
        languages=?,
        latitude=?,
        longitude=?,
        radius_km=?,
        skill_level=?,
        sports=?,
        user_id=? 
    where
        id=?
Hibernate: 
    update
        user_preferences 
    set
        age_max=?,
        age_min=?,
        availability=?,
        city=?,
        engagement_level=?,
        group_size_max=?,
        group_size_min=?,
        languages=?,
        latitude=?,
        longitude=?,
        radius_km=?,
        skill_level=?,
        sports=?,
        user_id=? 
    where
        id=?
2026-05-08T15:59:54.178-07:00 DEBUG 19992 --- [nio-8080-exec-9] o.s.w.s.m.m.a.HttpEntityMethodProcessor  : Using 'application/json', given [application/json, text/plain, */*] and supported [application/json, application/*+json]
2026-05-08T15:59:54.281-07:00 DEBUG 19992 --- [nio-8080-exec-9] o.s.w.s.m.m.a.HttpEntityMethodProcessor  : Writing [UserPreferenceDto.Response(id=1, userId=1, sports=football,soccer,Football, skillLevel=INTERMEDIATE, (truncated)...]
2026-05-08T15:59:54.307-07:00 DEBUG 19992 --- [nio-8080-exec-9] o.s.web.servlet.DispatcherServlet        : Completed 201 CREATED
2026-05-08T16:00:04.901-07:00 DEBUG 19992 --- [nio-8080-exec-7] o.s.web.servlet.DispatcherServlet        : GET "/api/users/1/match-by-preferences", parameters={}
2026-05-08T16:00:04.901-07:00 DEBUG 19992 --- [nio-8080-exec-5] o.s.web.servlet.DispatcherServlet        : GET "/api/users/1/preferences", parameters={}
2026-05-08T16:00:05.018-07:00 DEBUG 19992 --- [nio-8080-exec-7] o.s.w.s.handler.SimpleUrlHandlerMapping  : Mapped to ResourceHttpRequestHandler [classpath [META-INF/resources/], classpath [resources/], classpath [static/], classpath [public/], ServletContext [/]]
2026-05-08T16:00:05.108-07:00 DEBUG 19992 --- [nio-8080-exec-5] s.w.s.m.m.a.RequestMappingHandlerMapping : Mapped to com.example.campconnect_backend.Controllers.UserController#getPreferences(Long)
2026-05-08T16:00:05.303-07:00 DEBUG 19992 --- [nio-8080-exec-5] org.hibernate.SQL                        : 
    select
        up1_0.id,
        up1_0.age_max,
        up1_0.age_min,
        up1_0.availability,
        up1_0.city,
        up1_0.engagement_level,
        up1_0.group_size_max,
        up1_0.group_size_min,
        up1_0.languages,
        up1_0.latitude,
        up1_0.longitude,
        up1_0.radius_km,
        up1_0.skill_level,
        up1_0.sports,
        up1_0.user_id 
    from
        user_preferences up1_0 
    left join
        users u1_0 
            on u1_0.id=up1_0.user_id 
    where
        u1_0.id=?
Hibernate: 
    select
        up1_0.id,
        up1_0.age_max,
        up1_0.age_min,
        up1_0.availability,
        up1_0.city,
        up1_0.engagement_level,
        up1_0.group_size_max,
        up1_0.group_size_min,
        up1_0.languages,
        up1_0.latitude,
        up1_0.longitude,
        up1_0.radius_km,
        up1_0.skill_level,
        up1_0.sports,
        up1_0.user_id 
    from
        user_preferences up1_0 
    left join
        users u1_0 
            on u1_0.id=up1_0.user_id 
    where
        u1_0.id=?
2026-05-08T16:00:05.573-07:00 DEBUG 19992 --- [nio-8080-exec-5] o.s.w.s.m.m.a.HttpEntityMethodProcessor  : Using 'application/json', given [application/json, text/plain, */*] and supported [application/json, application/*+json]
2026-05-08T16:00:05.712-07:00 DEBUG 19992 --- [nio-8080-exec-5] o.s.w.s.m.m.a.HttpEntityMethodProcessor  : Writing [UserPreferenceDto.Response(id=1, userId=1, sports=football,soccer,Football, skillLevel=INTERMEDIATE, (truncated)...]
2026-05-08T16:00:05.760-07:00 DEBUG 19992 --- [nio-8080-exec-7] o.s.w.s.r.ResourceHttpRequestHandler     : Resource not found
2026-05-08T16:00:05.855-07:00 DEBUG 19992 --- [nio-8080-exec-5] o.s.web.servlet.DispatcherServlet        : Completed 200 OK
2026-05-08T16:00:05.940-07:00 DEBUG 19992 --- [nio-8080-exec-7] .w.s.m.s.DefaultHandlerExceptionResolver : Resolved [org.springframework.web.servlet.resource.NoResourceFoundException: No static resource api/users/1/match-by-preferences.]
2026-05-08T16:00:06.078-07:00 DEBUG 19992 --- [nio-8080-exec-7] o.s.web.servlet.DispatcherServlet        : Completed 404 NOT_FOUND
2026-05-08T16:00:06.169-07:00 DEBUG 19992 --- [nio-8080-exec-7] o.s.web.servlet.DispatcherServlet        : "ERROR" dispatch for GET "/error", parameters={}
2026-05-08T16:00:06.260-07:00 DEBUG 19992 --- [nio-8080-exec-7] s.w.s.m.m.a.RequestMappingHandlerMapping : Mapped to org.springframework.boot.autoconfigure.web.servlet.error.BasicErrorController#error(HttpServletRequest)
2026-05-08T16:00:06.305-07:00 DEBUG 19992 --- [nio-8080-exec-7] o.s.w.s.m.m.a.HttpEntityMethodProcessor  : Using 'application/json', given [application/json, text/plain, */*] and supported [application/json, application/*+json]
2026-05-08T16:00:06.350-07:00 DEBUG 19992 --- [nio-8080-exec-7] o.s.w.s.m.m.a.HttpEntityMethodProcessor  : Writing [{timestamp=Fri May 08 16:00:06 PDT 2026, status=404, error=Not Found, path=/api/users/1/match-by-pre (truncated)...]
2026-05-08T16:00:06.397-07:00 DEBUG 19992 --- [nio-8080-exec-7] o.s.web.servlet.DispatcherServlet        : Exiting from "ERROR" dispatch, status 404
2026-05-08T16:00:06.449-07:00 DEBUG 19992 --- [nio-8080-exec-1] o.s.web.servlet.DispatcherServlet        : GET "/api/groups", parameters={}
2026-05-08T16:00:06.449-07:00 DEBUG 19992 --- [io-8080-exec-10] o.s.web.servlet.DispatcherServlet        : GET "/api/users/1/preferences", parameters={}
2026-05-08T16:00:06.529-07:00 DEBUG 19992 --- [nio-8080-exec-1] s.w.s.m.m.a.RequestMappingHandlerMapping : Mapped to com.example.campconnect_backend.Controllers.GroupMatchController#getAll()
2026-05-08T16:00:06.613-07:00 DEBUG 19992 --- [io-8080-exec-10] s.w.s.m.m.a.RequestMappingHandlerMapping : Mapped to com.example.campconnect_backend.Controllers.UserController#getPreferences(Long)
2026-05-08T16:00:06.698-07:00 DEBUG 19992 --- [nio-8080-exec-1] org.hibernate.SQL                        : 
    select
        gm1_0.id,
        gm1_0.created_at,
        gm1_0.description,
        gm1_0.latitude,
        gm1_0.location,
        gm1_0.longitude,
        gm1_0.max_participants,
        gm1_0.name,
        gm1_0.scheduled_at,
        gm1_0.skill_level,
        gm1_0.sport 
    from
        group_match gm1_0
Hibernate: 
    select
        gm1_0.id,
        gm1_0.created_at,
        gm1_0.description,
        gm1_0.latitude,
        gm1_0.location,
        gm1_0.longitude,
        gm1_0.max_participants,
        gm1_0.name,
        gm1_0.scheduled_at,
        gm1_0.skill_level,
        gm1_0.sport 
    from
        group_match gm1_0
2026-05-08T16:00:06.790-07:00 DEBUG 19992 --- [io-8080-exec-10] org.hibernate.SQL                        : 
    select
        up1_0.id,
        up1_0.age_max,
        up1_0.age_min,
        up1_0.availability,
        up1_0.city,
        up1_0.engagement_level,
        up1_0.group_size_max,
        up1_0.group_size_min,
        up1_0.languages,
        up1_0.latitude,
        up1_0.longitude,
        up1_0.radius_km,
        up1_0.skill_level,
        up1_0.sports,
        up1_0.user_id 
    from
        user_preferences up1_0 
    left join
        users u1_0 
            on u1_0.id=up1_0.user_id 
    where
        u1_0.id=?
2026-05-08T16:00:06.926-07:00 DEBUG 19992 --- [nio-8080-exec-1] org.hibernate.SQL                        : 
    select
        count(*) 
    from
        user_participant up1_0 
    where
        up1_0.group_match_id=? 
        and up1_0.status='ACCEPTED'
Hibernate: 
    select
        up1_0.id,
        up1_0.age_max,
        up1_0.age_min,
        up1_0.availability,
        up1_0.city,
        up1_0.engagement_level,
        up1_0.group_size_max,
        up1_0.group_size_min,
        up1_0.languages,
        up1_0.latitude,
        up1_0.longitude,
        up1_0.radius_km,
        up1_0.skill_level,
        up1_0.sports,
        up1_0.user_id 
    from
        user_preferences up1_0 
    left join
        users u1_0 
            on u1_0.id=up1_0.user_id 
    where
        u1_0.id=?
Hibernate: 
    select
        count(*) 
    from
        user_participant up1_0 
    where
        up1_0.group_match_id=? 
        and up1_0.status='ACCEPTED'
2026-05-08T16:00:07.178-07:00 DEBUG 19992 --- [nio-8080-exec-1] org.hibernate.SQL                        : 
    select
        count(*) 
    from
        user_participant up1_0 
    where
        up1_0.group_match_id=? 
        and up1_0.status='ACCEPTED'
Hibernate: 
    select
        count(*) 
    from
        user_participant up1_0 
    where
        up1_0.group_match_id=? 
        and up1_0.status='ACCEPTED'
2026-05-08T16:00:07.180-07:00 DEBUG 19992 --- [io-8080-exec-10] o.s.w.s.m.m.a.HttpEntityMethodProcessor  : Using 'application/json', given [application/json, text/plain, */*] and supported [application/json, application/*+json]
2026-05-08T16:00:07.182-07:00 DEBUG 19992 --- [io-8080-exec-10] o.s.w.s.m.m.a.HttpEntityMethodProcessor  : Writing [UserPreferenceDto.Response(id=1, userId=1, sports=football,soccer,Football, skillLevel=INTERMEDIATE, (truncated)...]
2026-05-08T16:00:07.184-07:00 DEBUG 19992 --- [nio-8080-exec-1] org.hibernate.SQL                        : 
    select
        count(*) 
    from
        user_participant up1_0 
    where
        up1_0.group_match_id=? 
        and up1_0.status='ACCEPTED'
Hibernate: 
    select
        count(*) 
    from
        user_participant up1_0 
    where
        up1_0.group_match_id=? 
        and up1_0.status='ACCEPTED'
2026-05-08T16:00:07.184-07:00 DEBUG 19992 --- [io-8080-exec-10] o.s.web.servlet.DispatcherServlet        : Completed 200 OK
2026-05-08T16:00:07.188-07:00 DEBUG 19992 --- [nio-8080-exec-1] org.hibernate.SQL                        : 
    select
        count(*) 
    from
        user_participant up1_0 
    where
        up1_0.group_match_id=? 
        and up1_0.status='ACCEPTED'
Hibernate: 
    select
        count(*) 
    from
        user_participant up1_0 
    where
        up1_0.group_match_id=? 
        and up1_0.status='ACCEPTED'
2026-05-08T16:00:07.194-07:00 DEBUG 19992 --- [nio-8080-exec-1] org.hibernate.SQL                        : 
    select
        count(*) 
    from
        user_participant up1_0 
    where
        up1_0.group_match_id=? 
        and up1_0.status='ACCEPTED'
Hibernate: 
    select
        count(*) 
    from
        user_participant up1_0 
    where
        up1_0.group_match_id=? 
        and up1_0.status='ACCEPTED'
2026-05-08T16:00:07.199-07:00 DEBUG 19992 --- [nio-8080-exec-1] o.s.w.s.m.m.a.HttpEntityMethodProcessor  : Using 'application/json', given [application/json, text/plain, */*] and supported [application/json, application/*+json]
2026-05-08T16:00:07.201-07:00 DEBUG 19992 --- [nio-8080-exec-1] o.s.w.s.m.m.a.HttpEntityMethodProcessor  : Writing [[GroupMatchDto.Response(id=1, name=Football Match Downtown, description=Casual football game in the  (truncated)...]
2026-05-08T16:00:07.203-07:00 DEBUG 19992 --- [nio-8080-exec-1] o.s.web.servlet.DispatcherServlet        : Completed 200 OK
2026-05-08T16:00:16.884-07:00 DEBUG 19992 --- [nio-8080-exec-2] o.s.web.servlet.DispatcherServlet        : GET "/api/groups/1", parameters={}
2026-05-08T16:00:16.910-07:00 DEBUG 19992 --- [nio-8080-exec-2] s.w.s.m.m.a.RequestMappingHandlerMapping : Mapped to com.example.campconnect_backend.Controllers.GroupMatchController#getById(Long)
2026-05-08T16:00:17.054-07:00 DEBUG 19992 --- [nio-8080-exec-2] org.hibernate.SQL                        : 
    select
        gm1_0.id,
        gm1_0.created_at,
        gm1_0.description,
        gm1_0.latitude,
        gm1_0.location,
        gm1_0.longitude,
        gm1_0.max_participants,
        gm1_0.name,
        gm1_0.scheduled_at,
        gm1_0.skill_level,
        gm1_0.sport 
    from
        group_match gm1_0 
    where
        gm1_0.id=?
Hibernate: 
    select
        gm1_0.id,
        gm1_0.created_at,
        gm1_0.description,
        gm1_0.latitude,
        gm1_0.location,
        gm1_0.longitude,
        gm1_0.max_participants,
        gm1_0.name,
        gm1_0.scheduled_at,
        gm1_0.skill_level,
        gm1_0.sport 
    from
        group_match gm1_0 
    where
        gm1_0.id=?
2026-05-08T16:00:17.199-07:00 DEBUG 19992 --- [nio-8080-exec-2] org.hibernate.SQL                        : 
    select
        count(*) 
    from
        user_participant up1_0 
    where
        up1_0.group_match_id=? 
        and up1_0.status='ACCEPTED'
Hibernate: 
    select
        count(*) 
    from
        user_participant up1_0 
    where
        up1_0.group_match_id=? 
        and up1_0.status='ACCEPTED'
2026-05-08T16:00:17.573-07:00 DEBUG 19992 --- [nio-8080-exec-2] o.s.w.s.m.m.a.HttpEntityMethodProcessor  : Using 'application/json', given [application/json, text/plain, */*] and supported [application/json, application/*+json]
2026-05-08T16:00:17.605-07:00 DEBUG 19992 --- [nio-8080-exec-2] o.s.w.s.m.m.a.HttpEntityMethodProcessor  : Writing [GroupMatchDto.Response(id=1, name=Football Match Downtown, description=Casual football game in the c (truncated)...]
2026-05-08T16:00:17.628-07:00 DEBUG 19992 --- [nio-8080-exec-2] o.s.web.servlet.DispatcherServlet        : Completed 200 OK
2026-05-08T16:00:17.725-07:00 DEBUG 19992 --- [nio-8080-exec-3] o.s.web.servlet.DispatcherServlet        : GET "/api/participants/group/1", parameters={}
2026-05-08T16:00:17.727-07:00 DEBUG 19992 --- [nio-8080-exec-3] s.w.s.m.m.a.RequestMappingHandlerMapping : Mapped to com.example.campconnect_backend.Controllers.UserParticipantController#getByGroup(Long)
2026-05-08T16:00:18.052-07:00 DEBUG 19992 --- [nio-8080-exec-3] org.hibernate.SQL                        : 
    select
        up1_0.group_match_id,
        up1_0.user_id,
        up1_0.joined_at,
        up1_0.role,
        up1_0.score,
        up1_0.status 
    from
        user_participant up1_0 
    left join
        group_match gm1_0 
            on gm1_0.id=up1_0.group_match_id 
    where
        gm1_0.id=?
Hibernate: 
    select
        up1_0.group_match_id,
        up1_0.user_id,
        up1_0.joined_at,
        up1_0.role,
        up1_0.score,
        up1_0.status 
    from
        user_participant up1_0 
    left join
        group_match gm1_0 
            on gm1_0.id=up1_0.group_match_id 
    where
        gm1_0.id=?
2026-05-08T16:00:18.979-07:00 DEBUG 19992 --- [nio-8080-exec-3] org.hibernate.SQL                        : 
    select
        u1_0.id,
        u1_0.avatar_url,
        u1_0.email,
        u1_0.password,
        u1_0.username 
    from
        users u1_0 
    where
        u1_0.id=?
Hibernate: 
    select
        u1_0.id,
        u1_0.avatar_url,
        u1_0.email,
        u1_0.password,
        u1_0.username 
    from
        users u1_0 
    where
        u1_0.id=?
2026-05-08T16:00:19.180-07:00 DEBUG 19992 --- [nio-8080-exec-3] org.hibernate.SQL                        : 
    select
        gm1_0.id,
        gm1_0.created_at,
        gm1_0.description,
        gm1_0.latitude,
        gm1_0.location,
        gm1_0.longitude,
        gm1_0.max_participants,
        gm1_0.name,
        gm1_0.scheduled_at,
        gm1_0.skill_level,
        gm1_0.sport 
    from
        group_match gm1_0 
    where
        gm1_0.id=?
Hibernate: 
    select
        gm1_0.id,
        gm1_0.created_at,
        gm1_0.description,
        gm1_0.latitude,
        gm1_0.location,
        gm1_0.longitude,
        gm1_0.max_participants,
        gm1_0.name,
        gm1_0.scheduled_at,
        gm1_0.skill_level,
        gm1_0.sport 
    from
        group_match gm1_0 
    where
        gm1_0.id=?
2026-05-08T16:00:19.204-07:00 DEBUG 19992 --- [nio-8080-exec-3] org.hibernate.SQL                        : 
    select
        u1_0.id,
        u1_0.avatar_url,
        u1_0.email,
        u1_0.password,
        u1_0.username 
    from
        users u1_0 
    where
        u1_0.id=?
Hibernate: 
    select
        u1_0.id,
        u1_0.avatar_url,
        u1_0.email,
        u1_0.password,
        u1_0.username 
    from
        users u1_0 
    where
        u1_0.id=?
2026-05-08T16:00:19.209-07:00 DEBUG 19992 --- [nio-8080-exec-3] o.s.w.s.m.m.a.HttpEntityMethodProcessor  : Using 'application/json', given [application/json, text/plain, */*] and supported [application/json, application/*+json]
2026-05-08T16:00:19.224-07:00 DEBUG 19992 --- [nio-8080-exec-3] o.s.w.s.m.m.a.HttpEntityMethodProcessor  : Writing [[UserParticipantDto.Response(userId=1, username=john_doe, avatarUrl=https://example.com/avatar1.jpg, (truncated)...]
2026-05-08T16:00:19.232-07:00 DEBUG 19992 --- [nio-8080-exec-3] o.s.web.servlet.DispatcherServlet        : Completed 200 OK
2026-05-08T16:00:22.042-07:00 DEBUG 19992 --- [nio-8080-exec-4] o.s.web.servlet.DispatcherServlet        : GET "/api/users/1/match-by-preferences", parameters={}
2026-05-08T16:00:22.042-07:00 DEBUG 19992 --- [nio-8080-exec-6] o.s.web.servlet.DispatcherServlet        : GET "/api/users/1/preferences", parameters={}
2026-05-08T16:00:22.045-07:00 DEBUG 19992 --- [nio-8080-exec-6] s.w.s.m.m.a.RequestMappingHandlerMapping : Mapped to com.example.campconnect_backend.Controllers.UserController#getPreferences(Long)
2026-05-08T16:00:22.046-07:00 DEBUG 19992 --- [nio-8080-exec-4] o.s.w.s.handler.SimpleUrlHandlerMapping  : Mapped to ResourceHttpRequestHandler [classpath [META-INF/resources/], classpath [resources/], classpath [static/], classpath [public/], ServletContext [/]]
2026-05-08T16:00:22.143-07:00 DEBUG 19992 --- [nio-8080-exec-6] org.hibernate.SQL                        : 
    select
        up1_0.id,
        up1_0.age_max,
        up1_0.age_min,
        up1_0.availability,
        up1_0.city,
        up1_0.engagement_level,
        up1_0.group_size_max,
        up1_0.group_size_min,
        up1_0.languages,
        up1_0.latitude,
        up1_0.longitude,
        up1_0.radius_km,
        up1_0.skill_level,
        up1_0.sports,
        up1_0.user_id 
    from
        user_preferences up1_0 
    left join
        users u1_0 
            on u1_0.id=up1_0.user_id 
    where
        u1_0.id=?
Hibernate: 
    select
        up1_0.id,
        up1_0.age_max,
        up1_0.age_min,
        up1_0.availability,
        up1_0.city,
        up1_0.engagement_level,
        up1_0.group_size_max,
        up1_0.group_size_min,
        up1_0.languages,
        up1_0.latitude,
        up1_0.longitude,
        up1_0.radius_km,
        up1_0.skill_level,
        up1_0.sports,
        up1_0.user_id 
    from
        user_preferences up1_0 
    left join
        users u1_0 
            on u1_0.id=up1_0.user_id 
    where
        u1_0.id=?
2026-05-08T16:00:22.235-07:00 DEBUG 19992 --- [nio-8080-exec-4] o.s.w.s.r.ResourceHttpRequestHandler     : Resource not found
2026-05-08T16:00:22.374-07:00 DEBUG 19992 --- [nio-8080-exec-6] o.s.w.s.m.m.a.HttpEntityMethodProcessor  : Using 'application/json', given [application/json, text/plain, */*] and supported [application/json, application/*+json]
2026-05-08T16:00:22.417-07:00 DEBUG 19992 --- [nio-8080-exec-4] .w.s.m.s.DefaultHandlerExceptionResolver : Resolved [org.springframework.web.servlet.resource.NoResourceFoundException: No static resource api/users/1/match-by-preferences.]
2026-05-08T16:00:22.510-07:00 DEBUG 19992 --- [nio-8080-exec-6] o.s.w.s.m.m.a.HttpEntityMethodProcessor  : Writing [UserPreferenceDto.Response(id=1, userId=1, sports=football,soccer,Football, skillLevel=INTERMEDIATE, (truncated)...]
2026-05-08T16:00:22.604-07:00 DEBUG 19992 --- [nio-8080-exec-4] o.s.web.servlet.DispatcherServlet        : Completed 404 NOT_FOUND
2026-05-08T16:00:22.652-07:00 DEBUG 19992 --- [nio-8080-exec-6] o.s.web.servlet.DispatcherServlet        : Completed 200 OK
2026-05-08T16:00:22.698-07:00 DEBUG 19992 --- [nio-8080-exec-4] o.s.web.servlet.DispatcherServlet        : "ERROR" dispatch for GET "/error", parameters={}
2026-05-08T16:00:22.699-07:00 DEBUG 19992 --- [nio-8080-exec-4] s.w.s.m.m.a.RequestMappingHandlerMapping : Mapped to org.springframework.boot.autoconfigure.web.servlet.error.BasicErrorController#error(HttpServletRequest)
2026-05-08T16:00:22.700-07:00 DEBUG 19992 --- [nio-8080-exec-4] o.s.w.s.m.m.a.HttpEntityMethodProcessor  : Using 'application/json', given [application/json, text/plain, */*] and supported [application/json, application/*+json]
2026-05-08T16:00:22.701-07:00 DEBUG 19992 --- [nio-8080-exec-4] o.s.w.s.m.m.a.HttpEntityMethodProcessor  : Writing [{timestamp=Fri May 08 16:00:22 PDT 2026, status=404, error=Not Found, path=/api/users/1/match-by-pre (truncated)...]
2026-05-08T16:00:22.702-07:00 DEBUG 19992 --- [nio-8080-exec-4] o.s.web.servlet.DispatcherServlet        : Exiting from "ERROR" dispatch, status 404
2026-05-08T16:00:22.752-07:00 DEBUG 19992 --- [nio-8080-exec-8] o.s.web.servlet.DispatcherServlet        : GET "/api/groups", parameters={}
2026-05-08T16:00:22.752-07:00 DEBUG 19992 --- [nio-8080-exec-9] o.s.web.servlet.DispatcherServlet        : GET "/api/users/1/preferences", parameters={}
2026-05-08T16:00:22.752-07:00 DEBUG 19992 --- [nio-8080-exec-8] s.w.s.m.m.a.RequestMappingHandlerMapping : Mapped to com.example.campconnect_backend.Controllers.GroupMatchController#getAll()
2026-05-08T16:00:22.753-07:00 DEBUG 19992 --- [nio-8080-exec-9] s.w.s.m.m.a.RequestMappingHandlerMapping : Mapped to com.example.campconnect_backend.Controllers.UserController#getPreferences(Long)
2026-05-08T16:00:22.756-07:00 DEBUG 19992 --- [nio-8080-exec-8] org.hibernate.SQL                        : 
    select
        gm1_0.id,
        gm1_0.created_at,
        gm1_0.description,
        gm1_0.latitude,
        gm1_0.location,
        gm1_0.longitude,
        gm1_0.max_participants,
        gm1_0.name,
        gm1_0.scheduled_at,
        gm1_0.skill_level,
        gm1_0.sport 
    from
        group_match gm1_0
Hibernate: 
    select
        gm1_0.id,
        gm1_0.created_at,
        gm1_0.description,
        gm1_0.latitude,
        gm1_0.location,
        gm1_0.longitude,
        gm1_0.max_participants,
        gm1_0.name,
        gm1_0.scheduled_at,
        gm1_0.skill_level,
        gm1_0.sport 
    from
        group_match gm1_0
2026-05-08T16:00:22.756-07:00 DEBUG 19992 --- [nio-8080-exec-9] org.hibernate.SQL                        : 
    select
        up1_0.id,
        up1_0.age_max,
        up1_0.age_min,
        up1_0.availability,
        up1_0.city,
        up1_0.engagement_level,
        up1_0.group_size_max,
        up1_0.group_size_min,
        up1_0.languages,
        up1_0.latitude,
        up1_0.longitude,
        up1_0.radius_km,
        up1_0.skill_level,
        up1_0.sports,
        up1_0.user_id 
    from
        user_preferences up1_0 
    left join
        users u1_0 
            on u1_0.id=up1_0.user_id 
    where
        u1_0.id=?
2026-05-08T16:00:22.940-07:00 DEBUG 19992 --- [nio-8080-exec-8] org.hibernate.SQL                        : 
    select
        count(*) 
    from
        user_participant up1_0 
    where
        up1_0.group_match_id=? 
        and up1_0.status='ACCEPTED'
Hibernate: 
    select
        up1_0.id,
        up1_0.age_max,
        up1_0.age_min,
        up1_0.availability,
        up1_0.city,
        up1_0.engagement_level,
        up1_0.group_size_max,
        up1_0.group_size_min,
        up1_0.languages,
        up1_0.latitude,
        up1_0.longitude,
        up1_0.radius_km,
        up1_0.skill_level,
        up1_0.sports,
        up1_0.user_id 
    from
        user_preferences up1_0 
    left join
        users u1_0 
            on u1_0.id=up1_0.user_id 
    where
        u1_0.id=?
Hibernate: 
    select
        count(*) 
    from
        user_participant up1_0 
    where
        up1_0.group_match_id=? 
        and up1_0.status='ACCEPTED'
2026-05-08T16:00:23.125-07:00 DEBUG 19992 --- [nio-8080-exec-9] o.s.w.s.m.m.a.HttpEntityMethodProcessor  : Using 'application/json', given [application/json, text/plain, */*] and supported [application/json, application/*+json]
2026-05-08T16:00:23.167-07:00 DEBUG 19992 --- [nio-8080-exec-9] o.s.w.s.m.m.a.HttpEntityMethodProcessor  : Writing [UserPreferenceDto.Response(id=1, userId=1, sports=football,soccer,Football, skillLevel=INTERMEDIATE, (truncated)...]
2026-05-08T16:00:23.169-07:00 DEBUG 19992 --- [nio-8080-exec-8] org.hibernate.SQL                        : 
    select
        count(*) 
    from
        user_participant up1_0 
    where
        up1_0.group_match_id=? 
        and up1_0.status='ACCEPTED'
Hibernate: 
    select
        count(*) 
    from
        user_participant up1_0 
    where
        up1_0.group_match_id=? 
        and up1_0.status='ACCEPTED'
2026-05-08T16:00:23.214-07:00 DEBUG 19992 --- [nio-8080-exec-9] o.s.web.servlet.DispatcherServlet        : Completed 200 OK
2026-05-08T16:00:23.217-07:00 DEBUG 19992 --- [nio-8080-exec-8] org.hibernate.SQL                        : 
    select
        count(*) 
    from
        user_participant up1_0 
    where
        up1_0.group_match_id=? 
        and up1_0.status='ACCEPTED'
Hibernate: 
    select
        count(*) 
    from
        user_participant up1_0 
    where
        up1_0.group_match_id=? 
        and up1_0.status='ACCEPTED'
2026-05-08T16:00:23.220-07:00 DEBUG 19992 --- [nio-8080-exec-8] org.hibernate.SQL                        : 
    select
        count(*) 
    from
        user_participant up1_0 
    where
        up1_0.group_match_id=? 
        and up1_0.status='ACCEPTED'
Hibernate: 
    select
        count(*) 
    from
        user_participant up1_0 
    where
        up1_0.group_match_id=? 
        and up1_0.status='ACCEPTED'
2026-05-08T16:00:23.313-07:00 DEBUG 19992 --- [nio-8080-exec-8] org.hibernate.SQL                        : 
    select
        count(*) 
    from
        user_participant up1_0 
    where
        up1_0.group_match_id=? 
        and up1_0.status='ACCEPTED'
Hibernate: 
    select
        count(*) 
    from
        user_participant up1_0 
    where
        up1_0.group_match_id=? 
        and up1_0.status='ACCEPTED'
2026-05-08T16:00:23.317-07:00 DEBUG 19992 --- [nio-8080-exec-8] o.s.w.s.m.m.a.HttpEntityMethodProcessor  : Using 'application/json', given [application/json, text/plain, */*] and supported [application/json, application/*+json]
2026-05-08T16:00:23.318-07:00 DEBUG 19992 --- [nio-8080-exec-8] o.s.w.s.m.m.a.HttpEntityMethodProcessor  : Writing [[GroupMatchDto.Response(id=1, name=Football Match Downtown, description=Casual football game in the  (truncated)...]
2026-05-08T16:00:23.324-07:00 DEBUG 19992 --- [nio-8080-exec-8] o.s.web.servlet.DispatcherServlet        : Completed 200 OK
2026-05-08T16:00:34.216-07:00 DEBUG 19992 --- [nio-8080-exec-5] o.s.web.servlet.DispatcherServlet        : GET "/api/users/groups-by-distance?userId=1", parameters={masked}
2026-05-08T16:00:34.216-07:00 DEBUG 19992 --- [nio-8080-exec-7] o.s.web.servlet.DispatcherServlet        : GET "/api/users/1/preferences", parameters={}
2026-05-08T16:00:34.257-07:00 DEBUG 19992 --- [nio-8080-exec-5] s.w.s.m.m.a.RequestMappingHandlerMapping : Mapped to com.example.campconnect_backend.Controllers.UserController#getById(Long)
2026-05-08T16:00:34.257-07:00 DEBUG 19992 --- [nio-8080-exec-7] s.w.s.m.m.a.RequestMappingHandlerMapping : Mapped to com.example.campconnect_backend.Controllers.UserController#getPreferences(Long)
2026-05-08T16:00:34.263-07:00 DEBUG 19992 --- [nio-8080-exec-7] org.hibernate.SQL                        : 
    select
        up1_0.id,
        up1_0.age_max,
        up1_0.age_min,
        up1_0.availability,
        up1_0.city,
        up1_0.engagement_level,
        up1_0.group_size_max,
        up1_0.group_size_min,
        up1_0.languages,
        up1_0.latitude,
        up1_0.longitude,
        up1_0.radius_km,
        up1_0.skill_level,
        up1_0.sports,
        up1_0.user_id 
    from
        user_preferences up1_0 
    left join
        users u1_0 
            on u1_0.id=up1_0.user_id 
    where
        u1_0.id=?
Hibernate: 
    select
        up1_0.id,
        up1_0.age_max,
        up1_0.age_min,
        up1_0.availability,
        up1_0.city,
        up1_0.engagement_level,
        up1_0.group_size_max,
        up1_0.group_size_min,
        up1_0.languages,
        up1_0.latitude,
        up1_0.longitude,
        up1_0.radius_km,
        up1_0.skill_level,
        up1_0.sports,
        up1_0.user_id 
    from
        user_preferences up1_0 
    left join
        users u1_0 
            on u1_0.id=up1_0.user_id 
    where
        u1_0.id=?
2026-05-08T16:00:34.268-07:00 DEBUG 19992 --- [nio-8080-exec-7] o.s.w.s.m.m.a.HttpEntityMethodProcessor  : Using 'application/json', given [application/json, text/plain, */*] and supported [application/json, application/*+json]
2026-05-08T16:00:34.268-07:00 DEBUG 19992 --- [nio-8080-exec-5] o.s.web.method.HandlerMethod             : Could not resolve parameter [0] in public org.springframework.http.ResponseEntity<com.example.campconnect_backend.Dto.UserDto$Response> com.example.campconnect_backend.Controllers.UserController.getById(java.lang.Long): Method parameter 'id': Failed to convert value of type 'java.lang.String' to required type 'java.lang.Long'; For input string: "groups-by-distance"
2026-05-08T16:00:34.268-07:00 DEBUG 19992 --- [nio-8080-exec-7] o.s.w.s.m.m.a.HttpEntityMethodProcessor  : Writing [UserPreferenceDto.Response(id=1, userId=1, sports=football,soccer,Football, skillLevel=INTERMEDIATE, (truncated)...]
2026-05-08T16:00:34.270-07:00 DEBUG 19992 --- [nio-8080-exec-7] o.s.web.servlet.DispatcherServlet        : Completed 200 OK
2026-05-08T16:00:34.270-07:00  WARN 19992 --- [nio-8080-exec-5] .w.s.m.s.DefaultHandlerExceptionResolver : Resolved [org.springframework.web.method.annotation.MethodArgumentTypeMismatchException: Method parameter 'id': Failed to convert value of type 'java.lang.String' to required type 'java.lang.Long'; For input string: "groups-by-distance"]
2026-05-08T16:00:34.271-07:00 DEBUG 19992 --- [nio-8080-exec-5] o.s.web.servlet.DispatcherServlet        : Completed 400 BAD_REQUEST
2026-05-08T16:00:34.272-07:00 DEBUG 19992 --- [nio-8080-exec-5] o.s.web.servlet.DispatcherServlet        : "ERROR" dispatch for GET "/error?userId=1", parameters={masked}
2026-05-08T16:00:34.273-07:00 DEBUG 19992 --- [nio-8080-exec-5] s.w.s.m.m.a.RequestMappingHandlerMapping : Mapped to org.springframework.boot.autoconfigure.web.servlet.error.BasicErrorController#error(HttpServletRequest)
2026-05-08T16:00:34.274-07:00 DEBUG 19992 --- [nio-8080-exec-5] o.s.w.s.m.m.a.HttpEntityMethodProcessor  : Using 'application/json', given [application/json, text/plain, */*] and supported [application/json, application/*+json]
2026-05-08T16:00:34.275-07:00 DEBUG 19992 --- [nio-8080-exec-5] o.s.w.s.m.m.a.HttpEntityMethodProcessor  : Writing [{timestamp=Fri May 08 16:00:34 PDT 2026, status=400, error=Bad Request, path=/api/users/groups-by-di (truncated)...]
2026-05-08T16:00:34.277-07:00 DEBUG 19992 --- [nio-8080-exec-5] o.s.web.servlet.DispatcherServlet        : Exiting from "ERROR" dispatch, status 400
2026-05-08T16:00:34.331-07:00 DEBUG 19992 --- [nio-8080-exec-1] o.s.web.servlet.DispatcherServlet        : GET "/api/groups", parameters={}
2026-05-08T16:00:34.331-07:00 DEBUG 19992 --- [io-8080-exec-10] o.s.web.servlet.DispatcherServlet        : GET "/api/users/1/preferences", parameters={}
2026-05-08T16:00:34.332-07:00 DEBUG 19992 --- [nio-8080-exec-1] s.w.s.m.m.a.RequestMappingHandlerMapping : Mapped to com.example.campconnect_backend.Controllers.GroupMatchController#getAll()
2026-05-08T16:00:34.332-07:00 DEBUG 19992 --- [io-8080-exec-10] s.w.s.m.m.a.RequestMappingHandlerMapping : Mapped to com.example.campconnect_backend.Controllers.UserController#getPreferences(Long)
2026-05-08T16:00:34.336-07:00 DEBUG 19992 --- [nio-8080-exec-1] org.hibernate.SQL                        : 
    select
        gm1_0.id,
        gm1_0.created_at,
        gm1_0.description,
        gm1_0.latitude,
        gm1_0.location,
        gm1_0.longitude,
        gm1_0.max_participants,
        gm1_0.name,
        gm1_0.scheduled_at,
        gm1_0.skill_level,
        gm1_0.sport 
    from
        group_match gm1_0
2026-05-08T16:00:34.336-07:00 DEBUG 19992 --- [io-8080-exec-10] org.hibernate.SQL                        : 
    select
        up1_0.id,
        up1_0.age_max,
        up1_0.age_min,
        up1_0.availability,
        up1_0.city,
        up1_0.engagement_level,
        up1_0.group_size_max,
        up1_0.group_size_min,
        up1_0.languages,
        up1_0.latitude,
        up1_0.longitude,
        up1_0.radius_km,
        up1_0.skill_level,
        up1_0.sports,
        up1_0.user_id 
    from
        user_preferences up1_0 
    left join
        users u1_0 
            on u1_0.id=up1_0.user_id 
    where
        u1_0.id=?
Hibernate: 
    select
        up1_0.id,
        up1_0.age_max,
        up1_0.age_min,
        up1_0.availability,
        up1_0.city,
        up1_0.engagement_level,
        up1_0.group_size_max,
        up1_0.group_size_min,
        up1_0.languages,
        up1_0.latitude,
        up1_0.longitude,
        up1_0.radius_km,
        up1_0.skill_level,
        up1_0.sports,
        up1_0.user_id 
    from
        user_preferences up1_0 
    left join
        users u1_0 
            on u1_0.id=up1_0.user_id 
    where
        u1_0.id=?
Hibernate: 
    select
        gm1_0.id,
        gm1_0.created_at,
        gm1_0.description,
        gm1_0.latitude,
        gm1_0.location,
        gm1_0.longitude,
        gm1_0.max_participants,
        gm1_0.name,
        gm1_0.scheduled_at,
        gm1_0.skill_level,
        gm1_0.sport 
    from
        group_match gm1_0
2026-05-08T16:00:34.340-07:00 DEBUG 19992 --- [io-8080-exec-10] o.s.w.s.m.m.a.HttpEntityMethodProcessor  : Using 'application/json', given [application/json, text/plain, */*] and supported [application/json, application/*+json]
2026-05-08T16:00:34.341-07:00 DEBUG 19992 --- [nio-8080-exec-1] org.hibernate.SQL                        : 
    select
        count(*) 
    from
        user_participant up1_0 
    where
        up1_0.group_match_id=? 
        and up1_0.status='ACCEPTED'
Hibernate: 
    select
        count(*) 
    from
        user_participant up1_0 
    where
        up1_0.group_match_id=? 
        and up1_0.status='ACCEPTED'
2026-05-08T16:00:34.341-07:00 DEBUG 19992 --- [io-8080-exec-10] o.s.w.s.m.m.a.HttpEntityMethodProcessor  : Writing [UserPreferenceDto.Response(id=1, userId=1, sports=football,soccer,Football, skillLevel=INTERMEDIATE, (truncated)...]
2026-05-08T16:00:34.343-07:00 DEBUG 19992 --- [io-8080-exec-10] o.s.web.servlet.DispatcherServlet        : Completed 200 OK
2026-05-08T16:00:34.344-07:00 DEBUG 19992 --- [nio-8080-exec-1] org.hibernate.SQL                        : 
    select
        count(*) 
    from
        user_participant up1_0 
    where
        up1_0.group_match_id=? 
        and up1_0.status='ACCEPTED'
Hibernate: 
    select
        count(*) 
    from
        user_participant up1_0 
    where
        up1_0.group_match_id=? 
        and up1_0.status='ACCEPTED'
2026-05-08T16:00:34.348-07:00 DEBUG 19992 --- [nio-8080-exec-1] org.hibernate.SQL                        : 
    select
        count(*) 
    from
        user_participant up1_0 
    where
        up1_0.group_match_id=? 
        and up1_0.status='ACCEPTED'
Hibernate: 
    select
        count(*) 
    from
        user_participant up1_0 
    where
        up1_0.group_match_id=? 
        and up1_0.status='ACCEPTED'
2026-05-08T16:00:34.350-07:00 DEBUG 19992 --- [nio-8080-exec-1] org.hibernate.SQL                        : 
    select
        count(*) 
    from
        user_participant up1_0 
    where
        up1_0.group_match_id=? 
        and up1_0.status='ACCEPTED'
Hibernate: 
    select
        count(*) 
    from
        user_participant up1_0 
    where
        up1_0.group_match_id=? 
        and up1_0.status='ACCEPTED'
2026-05-08T16:00:34.352-07:00 DEBUG 19992 --- [nio-8080-exec-1] org.hibernate.SQL                        : 
    select
        count(*) 
    from
        user_participant up1_0 
    where
        up1_0.group_match_id=? 
        and up1_0.status='ACCEPTED'
Hibernate: 
    select
        count(*) 
    from
        user_participant up1_0 
    where
        up1_0.group_match_id=? 
        and up1_0.status='ACCEPTED'
2026-05-08T16:00:34.355-07:00 DEBUG 19992 --- [nio-8080-exec-1] o.s.w.s.m.m.a.HttpEntityMethodProcessor  : Using 'application/json', given [application/json, text/plain, */*] and supported [application/json, application/*+json]
2026-05-08T16:00:34.356-07:00 DEBUG 19992 --- [nio-8080-exec-1] o.s.w.s.m.m.a.HttpEntityMethodProcessor  : Writing [[GroupMatchDto.Response(id=1, name=Football Match Downtown, description=Casual football game in the  (truncated)...]
2026-05-08T16:00:34.357-07:00 DEBUG 19992 --- [nio-8080-exec-1] o.s.web.servlet.DispatcherServlet        : Completed 200 OK
2026-05-08T16:00:41.253-07:00 DEBUG 19992 --- [nio-8080-exec-2] o.s.web.servlet.DispatcherServlet        : GET "/api/users/1/preferences", parameters={}
2026-05-08T16:00:41.254-07:00 DEBUG 19992 --- [nio-8080-exec-2] s.w.s.m.m.a.RequestMappingHandlerMapping : Mapped to com.example.campconnect_backend.Controllers.UserController#getPreferences(Long)
2026-05-08T16:00:41.260-07:00 DEBUG 19992 --- [nio-8080-exec-2] org.hibernate.SQL                        : 
    select
        up1_0.id,
        up1_0.age_max,
        up1_0.age_min,
        up1_0.availability,
        up1_0.city,
        up1_0.engagement_level,
        up1_0.group_size_max,
        up1_0.group_size_min,
        up1_0.languages,
        up1_0.latitude,
        up1_0.longitude,
        up1_0.radius_km,
        up1_0.skill_level,
        up1_0.sports,
        up1_0.user_id 
    from
        user_preferences up1_0 
    left join
        users u1_0 
            on u1_0.id=up1_0.user_id 
    where
        u1_0.id=?
Hibernate: 
    select
        up1_0.id,
        up1_0.age_max,
        up1_0.age_min,
        up1_0.availability,
        up1_0.city,
        up1_0.engagement_level,
        up1_0.group_size_max,
        up1_0.group_size_min,
        up1_0.languages,
        up1_0.latitude,
        up1_0.longitude,
        up1_0.radius_km,
        up1_0.skill_level,
        up1_0.sports,
        up1_0.user_id 
    from
        user_preferences up1_0 
    left join
        users u1_0 
            on u1_0.id=up1_0.user_id 
    where
        u1_0.id=?
2026-05-08T16:00:41.450-07:00 DEBUG 19992 --- [nio-8080-exec-2] o.s.w.s.m.m.a.HttpEntityMethodProcessor  : Using 'application/json', given [application/json, text/plain, */*] and supported [application/json, application/*+json]
2026-05-08T16:00:41.535-07:00 DEBUG 19992 --- [nio-8080-exec-2] o.s.w.s.m.m.a.HttpEntityMethodProcessor  : Writing [UserPreferenceDto.Response(id=1, userId=1, sports=football,soccer,Football, skillLevel=INTERMEDIATE, (truncated)...]
2026-05-08T16:00:41.681-07:00 DEBUG 19992 --- [nio-8080-exec-2] o.s.web.servlet.DispatcherServlet        : Completed 200 OK
2026-05-08T16:00:49.278-07:00 DEBUG 19992 --- [nio-8080-exec-6] o.s.web.servlet.DispatcherServlet        : POST "/api/users/1/preferences", parameters={}
2026-05-08T16:00:49.279-07:00 DEBUG 19992 --- [nio-8080-exec-6] s.w.s.m.m.a.RequestMappingHandlerMapping : Mapped to com.example.campconnect_backend.Controllers.UserController#savePreferences(Long, Request)
2026-05-08T16:00:49.281-07:00 DEBUG 19992 --- [nio-8080-exec-6] m.m.a.RequestResponseBodyMethodProcessor : Read "application/json;charset=UTF-8" to [UserPreferenceDto.Request(userId=null, sports=football,soccer,Badminton,Cricket, skillLevel=INTERMED (truncated)...]
2026-05-08T16:00:49.284-07:00 DEBUG 19992 --- [nio-8080-exec-6] org.hibernate.SQL                        : 
    select
        u1_0.id,
        u1_0.avatar_url,
        u1_0.email,
        u1_0.password,
        u1_0.username 
    from
        users u1_0 
    where
        u1_0.id=?
Hibernate: 
    select
        u1_0.id,
        u1_0.avatar_url,
        u1_0.email,
        u1_0.password,
        u1_0.username 
    from
        users u1_0 
    where
        u1_0.id=?
2026-05-08T16:00:49.290-07:00 DEBUG 19992 --- [nio-8080-exec-6] org.hibernate.SQL                        : 
    select
        up1_0.id,
        up1_0.age_max,
        up1_0.age_min,
        up1_0.availability,
        up1_0.city,
        up1_0.engagement_level,
        up1_0.group_size_max,
        up1_0.group_size_min,
        up1_0.languages,
        up1_0.latitude,
        up1_0.longitude,
        up1_0.radius_km,
        up1_0.skill_level,
        up1_0.sports,
        up1_0.user_id 
    from
        user_preferences up1_0 
    left join
        users u1_0 
            on u1_0.id=up1_0.user_id 
    where
        u1_0.id=?
Hibernate: 
    select
        up1_0.id,
        up1_0.age_max,
        up1_0.age_min,
        up1_0.availability,
        up1_0.city,
        up1_0.engagement_level,
        up1_0.group_size_max,
        up1_0.group_size_min,
        up1_0.languages,
        up1_0.latitude,
        up1_0.longitude,
        up1_0.radius_km,
        up1_0.skill_level,
        up1_0.sports,
        up1_0.user_id 
    from
        user_preferences up1_0 
    left join
        users u1_0 
            on u1_0.id=up1_0.user_id 
    where
        u1_0.id=?
2026-05-08T16:00:49.294-07:00 DEBUG 19992 --- [nio-8080-exec-6] org.hibernate.SQL                        : 
    update
        user_preferences 
    set
        age_max=?,
        age_min=?,
        availability=?,
        city=?,
        engagement_level=?,
        group_size_max=?,
        group_size_min=?,
        languages=?,
        latitude=?,
        longitude=?,
        radius_km=?,
        skill_level=?,
        sports=?,
        user_id=? 
    where
        id=?
Hibernate: 
    update
        user_preferences 
    set
        age_max=?,
        age_min=?,
        availability=?,
        city=?,
        engagement_level=?,
        group_size_max=?,
        group_size_min=?,
        languages=?,
        latitude=?,
        longitude=?,
        radius_km=?,
        skill_level=?,
        sports=?,
        user_id=? 
    where
        id=?
2026-05-08T16:00:49.484-07:00 DEBUG 19992 --- [nio-8080-exec-6] o.s.w.s.m.m.a.HttpEntityMethodProcessor  : Using 'application/json', given [application/json, text/plain, */*] and supported [application/json, application/*+json]
2026-05-08T16:00:49.485-07:00 DEBUG 19992 --- [nio-8080-exec-6] o.s.w.s.m.m.a.HttpEntityMethodProcessor  : Writing [UserPreferenceDto.Response(id=1, userId=1, sports=football,soccer,Badminton,Cricket, skillLevel=INTE (truncated)...]
2026-05-08T16:00:49.486-07:00 DEBUG 19992 --- [nio-8080-exec-6] o.s.web.servlet.DispatcherServlet        : Completed 201 CREATED
2026-05-08T16:00:58.012-07:00 DEBUG 19992 --- [nio-8080-exec-4] o.s.web.servlet.DispatcherServlet        : GET "/api/users/1/match-by-preferences", parameters={}
2026-05-08T16:00:58.014-07:00 DEBUG 19992 --- [nio-8080-exec-4] o.s.w.s.handler.SimpleUrlHandlerMapping  : Mapped to ResourceHttpRequestHandler [classpath [META-INF/resources/], classpath [resources/], classpath [static/], classpath [public/], ServletContext [/]]
2026-05-08T16:00:58.016-07:00 DEBUG 19992 --- [nio-8080-exec-9] o.s.web.servlet.DispatcherServlet        : GET "/api/users/1/preferences", parameters={}
2026-05-08T16:00:58.017-07:00 DEBUG 19992 --- [nio-8080-exec-9] s.w.s.m.m.a.RequestMappingHandlerMapping : Mapped to com.example.campconnect_backend.Controllers.UserController#getPreferences(Long)
2026-05-08T16:00:58.020-07:00 DEBUG 19992 --- [nio-8080-exec-4] o.s.w.s.r.ResourceHttpRequestHandler     : Resource not found
2026-05-08T16:00:58.021-07:00 DEBUG 19992 --- [nio-8080-exec-4] .w.s.m.s.DefaultHandlerExceptionResolver : Resolved [org.springframework.web.servlet.resource.NoResourceFoundException: No static resource api/users/1/match-by-preferences.]
2026-05-08T16:00:58.023-07:00 DEBUG 19992 --- [nio-8080-exec-4] o.s.web.servlet.DispatcherServlet        : Completed 404 NOT_FOUND
2026-05-08T16:00:58.023-07:00 DEBUG 19992 --- [nio-8080-exec-9] org.hibernate.SQL                        : 
    select
        up1_0.id,
        up1_0.age_max,
        up1_0.age_min,
        up1_0.availability,
        up1_0.city,
        up1_0.engagement_level,
        up1_0.group_size_max,
        up1_0.group_size_min,
        up1_0.languages,
        up1_0.latitude,
        up1_0.longitude,
        up1_0.radius_km,
        up1_0.skill_level,
        up1_0.sports,
        up1_0.user_id 
    from
        user_preferences up1_0 
    left join
        users u1_0 
            on u1_0.id=up1_0.user_id 
    where
        u1_0.id=?
Hibernate: 
    select
        up1_0.id,
        up1_0.age_max,
        up1_0.age_min,
        up1_0.availability,
        up1_0.city,
        up1_0.engagement_level,
        up1_0.group_size_max,
        up1_0.group_size_min,
        up1_0.languages,
        up1_0.latitude,
        up1_0.longitude,
        up1_0.radius_km,
        up1_0.skill_level,
        up1_0.sports,
        up1_0.user_id 
    from
        user_preferences up1_0 
    left join
        users u1_0 
            on u1_0.id=up1_0.user_id 
    where
        u1_0.id=?
2026-05-08T16:00:58.024-07:00 DEBUG 19992 --- [nio-8080-exec-4] o.s.web.servlet.DispatcherServlet        : "ERROR" dispatch for GET "/error", parameters={}
2026-05-08T16:00:58.025-07:00 DEBUG 19992 --- [nio-8080-exec-4] s.w.s.m.m.a.RequestMappingHandlerMapping : Mapped to org.springframework.boot.autoconfigure.web.servlet.error.BasicErrorController#error(HttpServletRequest)
2026-05-08T16:00:58.027-07:00 DEBUG 19992 --- [nio-8080-exec-4] o.s.w.s.m.m.a.HttpEntityMethodProcessor  : Using 'application/json', given [application/json, text/plain, */*] and supported [application/json, application/*+json]
2026-05-08T16:00:58.030-07:00 DEBUG 19992 --- [nio-8080-exec-4] o.s.w.s.m.m.a.HttpEntityMethodProcessor  : Writing [{timestamp=Fri May 08 16:00:58 PDT 2026, status=404, error=Not Found, path=/api/users/1/match-by-pre (truncated)...]
2026-05-08T16:00:58.030-07:00 DEBUG 19992 --- [nio-8080-exec-9] o.s.w.s.m.m.a.HttpEntityMethodProcessor  : Using 'application/json', given [application/json, text/plain, */*] and supported [application/json, application/*+json]
2026-05-08T16:00:58.032-07:00 DEBUG 19992 --- [nio-8080-exec-9] o.s.w.s.m.m.a.HttpEntityMethodProcessor  : Writing [UserPreferenceDto.Response(id=1, userId=1, sports=football,soccer,Badminton,Cricket, skillLevel=INTE (truncated)...]
2026-05-08T16:00:58.033-07:00 DEBUG 19992 --- [nio-8080-exec-4] o.s.web.servlet.DispatcherServlet        : Exiting from "ERROR" dispatch, status 404
2026-05-08T16:00:58.040-07:00 DEBUG 19992 --- [nio-8080-exec-9] o.s.web.servlet.DispatcherServlet        : Completed 200 OK
2026-05-08T16:00:58.047-07:00 DEBUG 19992 --- [nio-8080-exec-8] o.s.web.servlet.DispatcherServlet        : GET "/api/groups", parameters={}
2026-05-08T16:00:58.048-07:00 DEBUG 19992 --- [nio-8080-exec-8] s.w.s.m.m.a.RequestMappingHandlerMapping : Mapped to com.example.campconnect_backend.Controllers.GroupMatchController#getAll()
2026-05-08T16:00:58.049-07:00 DEBUG 19992 --- [nio-8080-exec-7] o.s.web.servlet.DispatcherServlet        : GET "/api/users/1/preferences", parameters={}
2026-05-08T16:00:58.050-07:00 DEBUG 19992 --- [nio-8080-exec-7] s.w.s.m.m.a.RequestMappingHandlerMapping : Mapped to com.example.campconnect_backend.Controllers.UserController#getPreferences(Long)
2026-05-08T16:00:58.052-07:00 DEBUG 19992 --- [nio-8080-exec-8] org.hibernate.SQL                        : 
    select
        gm1_0.id,
        gm1_0.created_at,
        gm1_0.description,
        gm1_0.latitude,
        gm1_0.location,
        gm1_0.longitude,
        gm1_0.max_participants,
        gm1_0.name,
        gm1_0.scheduled_at,
        gm1_0.skill_level,
        gm1_0.sport 
    from
        group_match gm1_0
Hibernate: 
    select
        gm1_0.id,
        gm1_0.created_at,
        gm1_0.description,
        gm1_0.latitude,
        gm1_0.location,
        gm1_0.longitude,
        gm1_0.max_participants,
        gm1_0.name,
        gm1_0.scheduled_at,
        gm1_0.skill_level,
        gm1_0.sport 
    from
        group_match gm1_0
2026-05-08T16:00:58.055-07:00 DEBUG 19992 --- [nio-8080-exec-7] org.hibernate.SQL                        : 
    select
        up1_0.id,
        up1_0.age_max,
        up1_0.age_min,
        up1_0.availability,
        up1_0.city,
        up1_0.engagement_level,
        up1_0.group_size_max,
        up1_0.group_size_min,
        up1_0.languages,
        up1_0.latitude,
        up1_0.longitude,
        up1_0.radius_km,
        up1_0.skill_level,
        up1_0.sports,
        up1_0.user_id 
    from
        user_preferences up1_0 
    left join
        users u1_0 
            on u1_0.id=up1_0.user_id 
    where
        u1_0.id=?
Hibernate: 
    select
        up1_0.id,
        up1_0.age_max,
        up1_0.age_min,
        up1_0.availability,
        up1_0.city,
        up1_0.engagement_level,
        up1_0.group_size_max,
        up1_0.group_size_min,
        up1_0.languages,
        up1_0.latitude,
        up1_0.longitude,
        up1_0.radius_km,
        up1_0.skill_level,
        up1_0.sports,
        up1_0.user_id 
    from
        user_preferences up1_0 
    left join
        users u1_0 
            on u1_0.id=up1_0.user_id 
    where
        u1_0.id=?
2026-05-08T16:00:58.056-07:00 DEBUG 19992 --- [nio-8080-exec-8] org.hibernate.SQL                        : 
    select
        count(*) 
    from
        user_participant up1_0 
    where
        up1_0.group_match_id=? 
        and up1_0.status='ACCEPTED'
Hibernate: 
    select
        count(*) 
    from
        user_participant up1_0 
    where
        up1_0.group_match_id=? 
        and up1_0.status='ACCEPTED'
2026-05-08T16:00:58.062-07:00 DEBUG 19992 --- [nio-8080-exec-7] o.s.w.s.m.m.a.HttpEntityMethodProcessor  : Using 'application/json', given [application/json, text/plain, */*] and supported [application/json, application/*+json]
2026-05-08T16:00:58.062-07:00 DEBUG 19992 --- [nio-8080-exec-7] o.s.w.s.m.m.a.HttpEntityMethodProcessor  : Writing [UserPreferenceDto.Response(id=1, userId=1, sports=football,soccer,Badminton,Cricket, skillLevel=INTE (truncated)...]
2026-05-08T16:00:58.063-07:00 DEBUG 19992 --- [nio-8080-exec-7] o.s.web.servlet.DispatcherServlet        : Completed 200 OK
2026-05-08T16:00:58.064-07:00 DEBUG 19992 --- [nio-8080-exec-8] org.hibernate.SQL                        : 
    select
        count(*) 
    from
        user_participant up1_0 
    where
        up1_0.group_match_id=? 
        and up1_0.status='ACCEPTED'
Hibernate: 
    select
        count(*) 
    from
        user_participant up1_0 
    where
        up1_0.group_match_id=? 
        and up1_0.status='ACCEPTED'
2026-05-08T16:00:58.070-07:00 DEBUG 19992 --- [nio-8080-exec-8] org.hibernate.SQL                        : 
    select
        count(*) 
    from
        user_participant up1_0 
    where
        up1_0.group_match_id=? 
        and up1_0.status='ACCEPTED'
Hibernate: 
    select
        count(*) 
    from
        user_participant up1_0 
    where
        up1_0.group_match_id=? 
        and up1_0.status='ACCEPTED'
2026-05-08T16:00:58.075-07:00 DEBUG 19992 --- [nio-8080-exec-8] org.hibernate.SQL                        : 
    select
        count(*) 
    from
        user_participant up1_0 
    where
        up1_0.group_match_id=? 
        and up1_0.status='ACCEPTED'
Hibernate: 
    select
        count(*) 
    from
        user_participant up1_0 
    where
        up1_0.group_match_id=? 
        and up1_0.status='ACCEPTED'
2026-05-08T16:00:58.082-07:00 DEBUG 19992 --- [nio-8080-exec-8] org.hibernate.SQL                        : 
    select
        count(*) 
    from
        user_participant up1_0 
    where
        up1_0.group_match_id=? 
        and up1_0.status='ACCEPTED'
Hibernate: 
    select
        count(*) 
    from
        user_participant up1_0 
    where
        up1_0.group_match_id=? 
        and up1_0.status='ACCEPTED'
2026-05-08T16:00:58.085-07:00 DEBUG 19992 --- [nio-8080-exec-8] o.s.w.s.m.m.a.HttpEntityMethodProcessor  : Using 'application/json', given [application/json, text/plain, */*] and supported [application/json, application/*+json]
2026-05-08T16:00:58.086-07:00 DEBUG 19992 --- [nio-8080-exec-8] o.s.w.s.m.m.a.HttpEntityMethodProcessor  : Writing [[GroupMatchDto.Response(id=1, name=Football Match Downtown, description=Casual football game in the  (truncated)...]
2026-05-08T16:00:58.088-07:00 DEBUG 19992 --- [nio-8080-exec-8] o.s.web.servlet.DispatcherServlet        : Completed 200 OK
2026-05-08T16:01:19.655-07:00 DEBUG 19992 --- [nio-8080-exec-5] o.s.web.servlet.DispatcherServlet        : GET "/api/groups", parameters={}
2026-05-08T16:01:19.656-07:00 DEBUG 19992 --- [nio-8080-exec-5] s.w.s.m.m.a.RequestMappingHandlerMapping : Mapped to com.example.campconnect_backend.Controllers.GroupMatchController#getAll()
2026-05-08T16:01:19.662-07:00 DEBUG 19992 --- [nio-8080-exec-5] org.hibernate.SQL                        : 
    select
        gm1_0.id,
        gm1_0.created_at,
        gm1_0.description,
        gm1_0.latitude,
        gm1_0.location,
        gm1_0.longitude,
        gm1_0.max_participants,
        gm1_0.name,
        gm1_0.scheduled_at,
        gm1_0.skill_level,
        gm1_0.sport 
    from
        group_match gm1_0
Hibernate: 
    select
        gm1_0.id,
        gm1_0.created_at,
        gm1_0.description,
        gm1_0.latitude,
        gm1_0.location,
        gm1_0.longitude,
        gm1_0.max_participants,
        gm1_0.name,
        gm1_0.scheduled_at,
        gm1_0.skill_level,
        gm1_0.sport 
    from
        group_match gm1_0
2026-05-08T16:01:20.007-07:00 DEBUG 19992 --- [nio-8080-exec-5] org.hibernate.SQL                        : 
    select
        count(*) 
    from
        user_participant up1_0 
    where
        up1_0.group_match_id=? 
        and up1_0.status='ACCEPTED'
Hibernate: 
    select
        count(*) 
    from
        user_participant up1_0 
    where
        up1_0.group_match_id=? 
        and up1_0.status='ACCEPTED'
2026-05-08T16:01:20.270-07:00 DEBUG 19992 --- [nio-8080-exec-5] org.hibernate.SQL                        : 
    select
        count(*) 
    from
        user_participant up1_0 
    where
        up1_0.group_match_id=? 
        and up1_0.status='ACCEPTED'
Hibernate: 
    select
        count(*) 
    from
        user_participant up1_0 
    where
        up1_0.group_match_id=? 
        and up1_0.status='ACCEPTED'
2026-05-08T16:01:20.556-07:00 DEBUG 19992 --- [nio-8080-exec-5] org.hibernate.SQL                        : 
    select
        count(*) 
    from
        user_participant up1_0 
    where
        up1_0.group_match_id=? 
        and up1_0.status='ACCEPTED'
Hibernate: 
    select
        count(*) 
    from
        user_participant up1_0 
    where
        up1_0.group_match_id=? 
        and up1_0.status='ACCEPTED'
2026-05-08T16:01:20.747-07:00 DEBUG 19992 --- [nio-8080-exec-5] org.hibernate.SQL                        : 
    select
        count(*) 
    from
        user_participant up1_0 
    where
        up1_0.group_match_id=? 
        and up1_0.status='ACCEPTED'
Hibernate: 
    select
        count(*) 
    from
        user_participant up1_0 
    where
        up1_0.group_match_id=? 
        and up1_0.status='ACCEPTED'
2026-05-08T16:01:21.038-07:00 DEBUG 19992 --- [nio-8080-exec-5] org.hibernate.SQL                        : 
    select
        count(*) 
    from
        user_participant up1_0 
    where
        up1_0.group_match_id=? 
        and up1_0.status='ACCEPTED'
Hibernate: 
    select
        count(*) 
    from
        user_participant up1_0 
    where
        up1_0.group_match_id=? 
        and up1_0.status='ACCEPTED'
2026-05-08T16:01:21.125-07:00 DEBUG 19992 --- [nio-8080-exec-5] o.s.w.s.m.m.a.HttpEntityMethodProcessor  : Using 'application/json', given [application/json, text/plain, */*] and supported [application/json, application/*+json]
2026-05-08T16:01:21.230-07:00 DEBUG 19992 --- [nio-8080-exec-5] o.s.w.s.m.m.a.HttpEntityMethodProcessor  : Writing [[GroupMatchDto.Response(id=1, name=Football Match Downtown, description=Casual football game in the  (truncated)...]
2026-05-08T16:01:21.401-07:00 DEBUG 19992 --- [nio-8080-exec-5] o.s.web.servlet.DispatcherServlet        : Completed 200 OK
2026-05-08T16:01:25.995-07:00 DEBUG 19992 --- [io-8080-exec-10] o.s.web.servlet.DispatcherServlet        : GET "/api/groups/1", parameters={}
2026-05-08T16:01:25.995-07:00 DEBUG 19992 --- [io-8080-exec-10] s.w.s.m.m.a.RequestMappingHandlerMapping : Mapped to com.example.campconnect_backend.Controllers.GroupMatchController#getById(Long)
2026-05-08T16:01:25.998-07:00 DEBUG 19992 --- [io-8080-exec-10] org.hibernate.SQL                        : 
    select
        gm1_0.id,
        gm1_0.created_at,
        gm1_0.description,
        gm1_0.latitude,
        gm1_0.location,
        gm1_0.longitude,
        gm1_0.max_participants,
        gm1_0.name,
        gm1_0.scheduled_at,
        gm1_0.skill_level,
        gm1_0.sport 
    from
        group_match gm1_0 
    where
        gm1_0.id=?
Hibernate: 
    select
        gm1_0.id,
        gm1_0.created_at,
        gm1_0.description,
        gm1_0.latitude,
        gm1_0.location,
        gm1_0.longitude,
        gm1_0.max_participants,
        gm1_0.name,
        gm1_0.scheduled_at,
        gm1_0.skill_level,
        gm1_0.sport 
    from
        group_match gm1_0 
    where
        gm1_0.id=?
2026-05-08T16:01:26.002-07:00 DEBUG 19992 --- [io-8080-exec-10] org.hibernate.SQL                        : 
    select
        count(*) 
    from
        user_participant up1_0 
    where
        up1_0.group_match_id=? 
        and up1_0.status='ACCEPTED'
Hibernate: 
    select
        count(*) 
    from
        user_participant up1_0 
    where
        up1_0.group_match_id=? 
        and up1_0.status='ACCEPTED'
2026-05-08T16:01:26.004-07:00 DEBUG 19992 --- [io-8080-exec-10] o.s.w.s.m.m.a.HttpEntityMethodProcessor  : Using 'application/json', given [application/json, text/plain, */*] and supported [application/json, application/*+json]
2026-05-08T16:01:26.005-07:00 DEBUG 19992 --- [io-8080-exec-10] o.s.w.s.m.m.a.HttpEntityMethodProcessor  : Writing [GroupMatchDto.Response(id=1, name=Football Match Downtown, description=Casual football game in the c (truncated)...]
2026-05-08T16:01:26.007-07:00 DEBUG 19992 --- [io-8080-exec-10] o.s.web.servlet.DispatcherServlet        : Completed 200 OK
2026-05-08T16:01:26.011-07:00 DEBUG 19992 --- [nio-8080-exec-1] o.s.web.servlet.DispatcherServlet        : GET "/api/participants/group/1", parameters={}
2026-05-08T16:01:26.012-07:00 DEBUG 19992 --- [nio-8080-exec-1] s.w.s.m.m.a.RequestMappingHandlerMapping : Mapped to com.example.campconnect_backend.Controllers.UserParticipantController#getByGroup(Long)
2026-05-08T16:01:26.016-07:00 DEBUG 19992 --- [nio-8080-exec-1] org.hibernate.SQL                        : 
    select
        up1_0.group_match_id,
        up1_0.user_id,
        up1_0.joined_at,
        up1_0.role,
        up1_0.score,
        up1_0.status 
    from
        user_participant up1_0 
    left join
        group_match gm1_0 
            on gm1_0.id=up1_0.group_match_id 
    where
        gm1_0.id=?
Hibernate: 
    select
        up1_0.group_match_id,
        up1_0.user_id,
        up1_0.joined_at,
        up1_0.role,
        up1_0.score,
        up1_0.status 
    from
        user_participant up1_0 
    left join
        group_match gm1_0 
            on gm1_0.id=up1_0.group_match_id 
    where
        gm1_0.id=?
2026-05-08T16:01:26.020-07:00 DEBUG 19992 --- [nio-8080-exec-1] org.hibernate.SQL                        : 
    select
        u1_0.id,
        u1_0.avatar_url,
        u1_0.email,
        u1_0.password,
        u1_0.username 
    from
        users u1_0 
    where
        u1_0.id=?
Hibernate: 
    select
        u1_0.id,
        u1_0.avatar_url,
        u1_0.email,
        u1_0.password,
        u1_0.username 
    from
        users u1_0 
    where
        u1_0.id=?
2026-05-08T16:01:26.023-07:00 DEBUG 19992 --- [nio-8080-exec-1] org.hibernate.SQL                        : 
    select
        gm1_0.id,
        gm1_0.created_at,
        gm1_0.description,
        gm1_0.latitude,
        gm1_0.location,
        gm1_0.longitude,
        gm1_0.max_participants,
        gm1_0.name,
        gm1_0.scheduled_at,
        gm1_0.skill_level,
        gm1_0.sport 
    from
        group_match gm1_0 
    where
        gm1_0.id=?
Hibernate: 
    select
        gm1_0.id,
        gm1_0.created_at,
        gm1_0.description,
        gm1_0.latitude,
        gm1_0.location,
        gm1_0.longitude,
        gm1_0.max_participants,
        gm1_0.name,
        gm1_0.scheduled_at,
        gm1_0.skill_level,
        gm1_0.sport 
    from
        group_match gm1_0 
    where
        gm1_0.id=?
2026-05-08T16:01:26.026-07:00 DEBUG 19992 --- [nio-8080-exec-1] org.hibernate.SQL                        : 
    select
        u1_0.id,
        u1_0.avatar_url,
        u1_0.email,
        u1_0.password,
        u1_0.username 
    from
        users u1_0 
    where
        u1_0.id=?
Hibernate: 
    select
        u1_0.id,
        u1_0.avatar_url,
        u1_0.email,
        u1_0.password,
        u1_0.username 
    from
        users u1_0 
    where
        u1_0.id=?
2026-05-08T16:01:26.031-07:00 DEBUG 19992 --- [nio-8080-exec-1] o.s.w.s.m.m.a.HttpEntityMethodProcessor  : Using 'application/json', given [application/json, text/plain, */*] and supported [application/json, application/*+json]
2026-05-08T16:01:26.032-07:00 DEBUG 19992 --- [nio-8080-exec-1] o.s.w.s.m.m.a.HttpEntityMethodProcessor  : Writing [[UserParticipantDto.Response(userId=1, username=john_doe, avatarUrl=https://example.com/avatar1.jpg, (truncated)...]
2026-05-08T16:01:26.034-07:00 DEBUG 19992 --- [nio-8080-exec-1] o.s.web.servlet.DispatcherServlet        : Completed 200 OK
2026-05-08T16:01:29.378-07:00 DEBUG 19992 --- [nio-8080-exec-3] o.s.web.servlet.DispatcherServlet        : GET "/api/groups", parameters={}
2026-05-08T16:01:29.378-07:00 DEBUG 19992 --- [nio-8080-exec-2] o.s.web.servlet.DispatcherServlet        : GET "/api/participants/user/1", parameters={}
2026-05-08T16:01:29.379-07:00 DEBUG 19992 --- [nio-8080-exec-3] s.w.s.m.m.a.RequestMappingHandlerMapping : Mapped to com.example.campconnect_backend.Controllers.GroupMatchController#getAll()
2026-05-08T16:01:29.379-07:00 DEBUG 19992 --- [nio-8080-exec-2] s.w.s.m.m.a.RequestMappingHandlerMapping : Mapped to com.example.campconnect_backend.Controllers.UserParticipantController#getByUser(Long)
2026-05-08T16:01:29.383-07:00 DEBUG 19992 --- [nio-8080-exec-3] org.hibernate.SQL                        : 
    select
        gm1_0.id,
        gm1_0.created_at,
        gm1_0.description,
        gm1_0.latitude,
        gm1_0.location,
        gm1_0.longitude,
        gm1_0.max_participants,
        gm1_0.name,
        gm1_0.scheduled_at,
        gm1_0.skill_level,
        gm1_0.sport 
    from
        group_match gm1_0
Hibernate: 
    select
        gm1_0.id,
        gm1_0.created_at,
        gm1_0.description,
        gm1_0.latitude,
        gm1_0.location,
        gm1_0.longitude,
        gm1_0.max_participants,
        gm1_0.name,
        gm1_0.scheduled_at,
        gm1_0.skill_level,
        gm1_0.sport 
    from
        group_match gm1_0
2026-05-08T16:01:29.387-07:00 DEBUG 19992 --- [nio-8080-exec-2] org.hibernate.SQL                        : 
    select
        up1_0.group_match_id,
        up1_0.user_id,
        up1_0.joined_at,
        up1_0.role,
        up1_0.score,
        up1_0.status 
    from
        user_participant up1_0 
    left join
        users u1_0 
            on u1_0.id=up1_0.user_id 
    where
        u1_0.id=?
Hibernate: 
    select
        up1_0.group_match_id,
        up1_0.user_id,
        up1_0.joined_at,
        up1_0.role,
        up1_0.score,
        up1_0.status 
    from
        user_participant up1_0 
    left join
        users u1_0 
            on u1_0.id=up1_0.user_id 
    where
        u1_0.id=?
2026-05-08T16:01:29.389-07:00 DEBUG 19992 --- [nio-8080-exec-3] org.hibernate.SQL                        : 
    select
        count(*) 
    from
        user_participant up1_0 
    where
        up1_0.group_match_id=? 
        and up1_0.status='ACCEPTED'
Hibernate: 
    select
        count(*) 
    from
        user_participant up1_0 
    where
        up1_0.group_match_id=? 
        and up1_0.status='ACCEPTED'
2026-05-08T16:01:29.393-07:00 DEBUG 19992 --- [nio-8080-exec-3] org.hibernate.SQL                        : 
    select
        count(*) 
    from
        user_participant up1_0 
    where
        up1_0.group_match_id=? 
        and up1_0.status='ACCEPTED'
Hibernate: 
    select
        count(*) 
    from
        user_participant up1_0 
    where
        up1_0.group_match_id=? 
        and up1_0.status='ACCEPTED'
2026-05-08T16:01:29.393-07:00 DEBUG 19992 --- [nio-8080-exec-2] org.hibernate.SQL                        : 
    select
        u1_0.id,
        u1_0.avatar_url,
        u1_0.email,
        u1_0.password,
        u1_0.username 
    from
        users u1_0 
    where
        u1_0.id=?
Hibernate: 
    select
        u1_0.id,
        u1_0.avatar_url,
        u1_0.email,
        u1_0.password,
        u1_0.username 
    from
        users u1_0 
    where
        u1_0.id=?
2026-05-08T16:01:29.396-07:00 DEBUG 19992 --- [nio-8080-exec-3] org.hibernate.SQL                        : 
    select
        count(*) 
    from
        user_participant up1_0 
    where
        up1_0.group_match_id=? 
        and up1_0.status='ACCEPTED'
Hibernate: 
    select
        count(*) 
    from
        user_participant up1_0 
    where
        up1_0.group_match_id=? 
        and up1_0.status='ACCEPTED'
2026-05-08T16:01:29.396-07:00 DEBUG 19992 --- [nio-8080-exec-2] org.hibernate.SQL                        : 
    select
        gm1_0.id,
        gm1_0.created_at,
        gm1_0.description,
        gm1_0.latitude,
        gm1_0.location,
        gm1_0.longitude,
        gm1_0.max_participants,
        gm1_0.name,
        gm1_0.scheduled_at,
        gm1_0.skill_level,
        gm1_0.sport 
    from
        group_match gm1_0 
    where
        gm1_0.id=?
Hibernate: 
    select
        gm1_0.id,
        gm1_0.created_at,
        gm1_0.description,
        gm1_0.latitude,
        gm1_0.location,
        gm1_0.longitude,
        gm1_0.max_participants,
        gm1_0.name,
        gm1_0.scheduled_at,
        gm1_0.skill_level,
        gm1_0.sport 
    from
        group_match gm1_0 
    where
        gm1_0.id=?
2026-05-08T16:01:29.399-07:00 DEBUG 19992 --- [nio-8080-exec-3] org.hibernate.SQL                        : 
    select
        count(*) 
    from
        user_participant up1_0 
    where
        up1_0.group_match_id=? 
        and up1_0.status='ACCEPTED'
2026-05-08T16:01:29.399-07:00 DEBUG 19992 --- [nio-8080-exec-2] org.hibernate.SQL                        : 
    select
        gm1_0.id,
        gm1_0.created_at,
        gm1_0.description,
        gm1_0.latitude,
        gm1_0.location,
        gm1_0.longitude,
        gm1_0.max_participants,
        gm1_0.name,
        gm1_0.scheduled_at,
        gm1_0.skill_level,
        gm1_0.sport 
    from
        group_match gm1_0 
    where
        gm1_0.id=?
Hibernate: 
    select
        count(*) 
    from
        user_participant up1_0 
    where
        up1_0.group_match_id=? 
        and up1_0.status='ACCEPTED'
Hibernate: 
    select
        gm1_0.id,
        gm1_0.created_at,
        gm1_0.description,
        gm1_0.latitude,
        gm1_0.location,
        gm1_0.longitude,
        gm1_0.max_participants,
        gm1_0.name,
        gm1_0.scheduled_at,
        gm1_0.skill_level,
        gm1_0.sport 
    from
        group_match gm1_0 
    where
        gm1_0.id=?
2026-05-08T16:01:29.403-07:00 DEBUG 19992 --- [nio-8080-exec-3] org.hibernate.SQL                        : 
    select
        count(*) 
    from
        user_participant up1_0 
    where
        up1_0.group_match_id=? 
        and up1_0.status='ACCEPTED'
Hibernate: 
    select
        count(*) 
    from
        user_participant up1_0 
    where
        up1_0.group_match_id=? 
        and up1_0.status='ACCEPTED'
2026-05-08T16:01:29.403-07:00 DEBUG 19992 --- [nio-8080-exec-2] org.hibernate.SQL                        : 
    select
        gm1_0.id,
        gm1_0.created_at,
        gm1_0.description,
        gm1_0.latitude,
        gm1_0.location,
        gm1_0.longitude,
        gm1_0.max_participants,
        gm1_0.name,
        gm1_0.scheduled_at,
        gm1_0.skill_level,
        gm1_0.sport 
    from
        group_match gm1_0 
    where
        gm1_0.id=?
Hibernate: 
    select
        gm1_0.id,
        gm1_0.created_at,
        gm1_0.description,
        gm1_0.latitude,
        gm1_0.location,
        gm1_0.longitude,
        gm1_0.max_participants,
        gm1_0.name,
        gm1_0.scheduled_at,
        gm1_0.skill_level,
        gm1_0.sport 
    from
        group_match gm1_0 
    where
        gm1_0.id=?
2026-05-08T16:01:29.406-07:00 DEBUG 19992 --- [nio-8080-exec-2] org.hibernate.SQL                        : 
    select
        gm1_0.id,
        gm1_0.created_at,
        gm1_0.description,
        gm1_0.latitude,
        gm1_0.location,
        gm1_0.longitude,
        gm1_0.max_participants,
        gm1_0.name,
        gm1_0.scheduled_at,
        gm1_0.skill_level,
        gm1_0.sport 
    from
        group_match gm1_0 
    where
        gm1_0.id=?
Hibernate: 
    select
        gm1_0.id,
        gm1_0.created_at,
        gm1_0.description,
        gm1_0.latitude,
        gm1_0.location,
        gm1_0.longitude,
        gm1_0.max_participants,
        gm1_0.name,
        gm1_0.scheduled_at,
        gm1_0.skill_level,
        gm1_0.sport 
    from
        group_match gm1_0 
    where
        gm1_0.id=?
2026-05-08T16:01:29.406-07:00 DEBUG 19992 --- [nio-8080-exec-3] o.s.w.s.m.m.a.HttpEntityMethodProcessor  : Using 'application/json', given [application/json, text/plain, */*] and supported [application/json, application/*+json]
2026-05-08T16:01:29.407-07:00 DEBUG 19992 --- [nio-8080-exec-3] o.s.w.s.m.m.a.HttpEntityMethodProcessor  : Writing [[GroupMatchDto.Response(id=1, name=Football Match Downtown, description=Casual football game in the  (truncated)...]
2026-05-08T16:01:29.410-07:00 DEBUG 19992 --- [nio-8080-exec-3] o.s.web.servlet.DispatcherServlet        : Completed 200 OK
2026-05-08T16:01:29.411-07:00 DEBUG 19992 --- [nio-8080-exec-2] o.s.w.s.m.m.a.HttpEntityMethodProcessor  : Using 'application/json', given [application/json, text/plain, */*] and supported [application/json, application/*+json]
2026-05-08T16:01:29.411-07:00 DEBUG 19992 --- [nio-8080-exec-2] o.s.w.s.m.m.a.HttpEntityMethodProcessor  : Writing [[UserParticipantDto.Response(userId=1, username=john_doe, avatarUrl=https://example.com/avatar1.jpg, (truncated)...]
2026-05-08T16:01:29.413-07:00 DEBUG 19992 --- [nio-8080-exec-2] o.s.web.servlet.DispatcherServlet        : Completed 200 OK
2026-05-08T16:01:29.419-07:00 DEBUG 19992 --- [nio-8080-exec-6] o.s.web.servlet.DispatcherServlet        : GET "/api/participants/group/1", parameters={}
2026-05-08T16:01:29.420-07:00 DEBUG 19992 --- [nio-8080-exec-6] s.w.s.m.m.a.RequestMappingHandlerMapping : Mapped to com.example.campconnect_backend.Controllers.UserParticipantController#getByGroup(Long)
2026-05-08T16:01:29.423-07:00 DEBUG 19992 --- [nio-8080-exec-6] org.hibernate.SQL                        : 
    select
        up1_0.group_match_id,
        up1_0.user_id,
        up1_0.joined_at,
        up1_0.role,
        up1_0.score,
        up1_0.status 
    from
        user_participant up1_0 
    left join
        group_match gm1_0 
            on gm1_0.id=up1_0.group_match_id 
    where
        gm1_0.id=?
Hibernate: 
    select
        up1_0.group_match_id,
        up1_0.user_id,
        up1_0.joined_at,
        up1_0.role,
        up1_0.score,
        up1_0.status 
    from
        user_participant up1_0 
    left join
        group_match gm1_0 
            on gm1_0.id=up1_0.group_match_id 
    where
        gm1_0.id=?
2026-05-08T16:01:29.427-07:00 DEBUG 19992 --- [nio-8080-exec-6] org.hibernate.SQL                        : 
    select
        u1_0.id,
        u1_0.avatar_url,
        u1_0.email,
        u1_0.password,
        u1_0.username 
    from
        users u1_0 
    where
        u1_0.id=?
Hibernate: 
    select
        u1_0.id,
        u1_0.avatar_url,
        u1_0.email,
        u1_0.password,
        u1_0.username 
    from
        users u1_0 
    where
        u1_0.id=?
2026-05-08T16:01:29.432-07:00 DEBUG 19992 --- [nio-8080-exec-6] org.hibernate.SQL                        : 
    select
        gm1_0.id,
        gm1_0.created_at,
        gm1_0.description,
        gm1_0.latitude,
        gm1_0.location,
        gm1_0.longitude,
        gm1_0.max_participants,
        gm1_0.name,
        gm1_0.scheduled_at,
        gm1_0.skill_level,
        gm1_0.sport 
    from
        group_match gm1_0 
    where
        gm1_0.id=?
Hibernate: 
    select
        gm1_0.id,
        gm1_0.created_at,
        gm1_0.description,
        gm1_0.latitude,
        gm1_0.location,
        gm1_0.longitude,
        gm1_0.max_participants,
        gm1_0.name,
        gm1_0.scheduled_at,
        gm1_0.skill_level,
        gm1_0.sport 
    from
        group_match gm1_0 
    where
        gm1_0.id=?
2026-05-08T16:01:29.434-07:00 DEBUG 19992 --- [nio-8080-exec-6] org.hibernate.SQL                        : 
    select
        u1_0.id,
        u1_0.avatar_url,
        u1_0.email,
        u1_0.password,
        u1_0.username 
    from
        users u1_0 
    where
        u1_0.id=?
Hibernate: 
    select
        u1_0.id,
        u1_0.avatar_url,
        u1_0.email,
        u1_0.password,
        u1_0.username 
    from
        users u1_0 
    where
        u1_0.id=?
2026-05-08T16:01:29.437-07:00 DEBUG 19992 --- [nio-8080-exec-6] o.s.w.s.m.m.a.HttpEntityMethodProcessor  : Using 'application/json', given [application/json, text/plain, */*] and supported [application/json, application/*+json]
2026-05-08T16:01:29.437-07:00 DEBUG 19992 --- [nio-8080-exec-6] o.s.w.s.m.m.a.HttpEntityMethodProcessor  : Writing [[UserParticipantDto.Response(userId=1, username=john_doe, avatarUrl=https://example.com/avatar1.jpg, (truncated)...]
2026-05-08T16:01:29.439-07:00 DEBUG 19992 --- [nio-8080-exec-6] o.s.web.servlet.DispatcherServlet        : Completed 200 OK
2026-05-08T16:01:32.244-07:00 DEBUG 19992 --- [nio-8080-exec-4] o.s.web.servlet.DispatcherServlet        : GET "/api/users", parameters={}
2026-05-08T16:01:32.244-07:00 DEBUG 19992 --- [nio-8080-exec-4] s.w.s.m.m.a.RequestMappingHandlerMapping : Mapped to com.example.campconnect_backend.Controllers.UserController#getAll()
2026-05-08T16:01:32.250-07:00 DEBUG 19992 --- [nio-8080-exec-4] org.hibernate.SQL                        : 
    select
        u1_0.id,
        u1_0.avatar_url,
        u1_0.email,
        u1_0.password,
        u1_0.username 
    from
        users u1_0
Hibernate: 
    select
        u1_0.id,
        u1_0.avatar_url,
        u1_0.email,
        u1_0.password,
        u1_0.username 
    from
        users u1_0
2026-05-08T16:01:32.254-07:00 DEBUG 19992 --- [nio-8080-exec-4] o.s.w.s.m.m.a.HttpEntityMethodProcessor  : Using 'application/json', given [application/json, text/plain, */*] and supported [application/json, application/*+json]
2026-05-08T16:01:32.255-07:00 DEBUG 19992 --- [nio-8080-exec-4] o.s.w.s.m.m.a.HttpEntityMethodProcessor  : Writing [[UserDto.Response(id=1, username=john_doe, email=john@example.com, avatarUrl=https://example.com/ava (truncated)...]
2026-05-08T16:01:32.256-07:00 DEBUG 19992 --- [nio-8080-exec-4] o.s.web.servlet.DispatcherServlet        : Completed 200 OK
2026-05-08T16:01:32.262-07:00 DEBUG 19992 --- [nio-8080-exec-9] o.s.web.servlet.DispatcherServlet        : GET "/api/messages/conversation/1/2", parameters={}
2026-05-08T16:01:32.264-07:00 DEBUG 19992 --- [nio-8080-exec-9] s.w.s.m.m.a.RequestMappingHandlerMapping : Mapped to com.example.campconnect_backend.Controllers.MessageController#getConversation(Long, Long)
2026-05-08T16:01:32.269-07:00 DEBUG 19992 --- [nio-8080-exec-9] org.hibernate.SQL                        : 
    select
        m1_0.id,
        m1_0.content,
        m1_0.group_match_id,
        m1_0.is_read,
        m1_0.receiver_id,
        m1_0.sender_id,
        m1_0.sent_at 
    from
        messages m1_0 
    where
        (
            m1_0.sender_id=? 
            and m1_0.receiver_id=?
        ) 
        or (
            m1_0.sender_id=? 
            and m1_0.receiver_id=?
        ) 
    order by
        m1_0.sent_at
Hibernate: 
    select
        m1_0.id,
        m1_0.content,
        m1_0.group_match_id,
        m1_0.is_read,
        m1_0.receiver_id,
        m1_0.sender_id,
        m1_0.sent_at 
    from
        messages m1_0 
    where
        (
            m1_0.sender_id=? 
            and m1_0.receiver_id=?
        ) 
        or (
            m1_0.sender_id=? 
            and m1_0.receiver_id=?
        ) 
    order by
        m1_0.sent_at
2026-05-08T16:01:32.275-07:00 DEBUG 19992 --- [nio-8080-exec-9] org.hibernate.SQL                        : 
    select
        u1_0.id,
        u1_0.avatar_url,
        u1_0.email,
        u1_0.password,
        u1_0.username 
    from
        users u1_0 
    where
        u1_0.id=?
Hibernate: 
    select
        u1_0.id,
        u1_0.avatar_url,
        u1_0.email,
        u1_0.password,
        u1_0.username 
    from
        users u1_0 
    where
        u1_0.id=?
2026-05-08T16:01:32.279-07:00 DEBUG 19992 --- [nio-8080-exec-9] org.hibernate.SQL                        : 
    select
        u1_0.id,
        u1_0.avatar_url,
        u1_0.email,
        u1_0.password,
        u1_0.username 
    from
        users u1_0 
    where
        u1_0.id=?
Hibernate: 
    select
        u1_0.id,
        u1_0.avatar_url,
        u1_0.email,
        u1_0.password,
        u1_0.username 
    from
        users u1_0 
    where
        u1_0.id=?
2026-05-08T16:01:32.285-07:00 DEBUG 19992 --- [nio-8080-exec-9] o.s.w.s.m.m.a.HttpEntityMethodProcessor  : Using 'application/json', given [application/json, text/plain, */*] and supported [application/json, application/*+json]
2026-05-08T16:01:32.286-07:00 DEBUG 19992 --- [nio-8080-exec-9] o.s.w.s.m.m.a.HttpEntityMethodProcessor  : Writing [[MessageDto.Response(id=6, content=Hi John, want to practice together?, sentAt=2026-04-06T08:30, sen (truncated)...]
2026-05-08T16:01:32.287-07:00 DEBUG 19992 --- [nio-8080-exec-9] o.s.web.servlet.DispatcherServlet        : Completed 200 OK
2026-05-08T16:01:36.249-07:00 DEBUG 19992 --- [nio-8080-exec-7] o.s.web.servlet.DispatcherServlet        : GET "/api/messages/conversation/1/2", parameters={}
2026-05-08T16:01:36.250-07:00 DEBUG 19992 --- [nio-8080-exec-7] s.w.s.m.m.a.RequestMappingHandlerMapping : Mapped to com.example.campconnect_backend.Controllers.MessageController#getConversation(Long, Long)
2026-05-08T16:01:36.256-07:00 DEBUG 19992 --- [nio-8080-exec-7] org.hibernate.SQL                        : 
    select
        m1_0.id,
        m1_0.content,
        m1_0.group_match_id,
        m1_0.is_read,
        m1_0.receiver_id,
        m1_0.sender_id,
        m1_0.sent_at 
    from
        messages m1_0 
    where
        (
            m1_0.sender_id=? 
            and m1_0.receiver_id=?
        ) 
        or (
            m1_0.sender_id=? 
            and m1_0.receiver_id=?
        ) 
    order by
        m1_0.sent_at
Hibernate: 
    select
        m1_0.id,
        m1_0.content,
        m1_0.group_match_id,
        m1_0.is_read,
        m1_0.receiver_id,
        m1_0.sender_id,
        m1_0.sent_at 
    from
        messages m1_0 
    where
        (
            m1_0.sender_id=? 
            and m1_0.receiver_id=?
        ) 
        or (
            m1_0.sender_id=? 
            and m1_0.receiver_id=?
        ) 
    order by
        m1_0.sent_at
2026-05-08T16:01:36.262-07:00 DEBUG 19992 --- [nio-8080-exec-7] org.hibernate.SQL                        : 
    select
        u1_0.id,
        u1_0.avatar_url,
        u1_0.email,
        u1_0.password,
        u1_0.username 
    from
        users u1_0 
    where
        u1_0.id=?
Hibernate: 
    select
        u1_0.id,
        u1_0.avatar_url,
        u1_0.email,
        u1_0.password,
        u1_0.username 
    from
        users u1_0 
    where
        u1_0.id=?
2026-05-08T16:01:36.265-07:00 DEBUG 19992 --- [nio-8080-exec-7] org.hibernate.SQL                        : 
    select
        u1_0.id,
        u1_0.avatar_url,
        u1_0.email,
        u1_0.password,
        u1_0.username 
    from
        users u1_0 
    where
        u1_0.id=?
Hibernate: 
    select
        u1_0.id,
        u1_0.avatar_url,
        u1_0.email,
        u1_0.password,
        u1_0.username 
    from
        users u1_0 
    where
        u1_0.id=?
2026-05-08T16:01:36.270-07:00 DEBUG 19992 --- [nio-8080-exec-7] o.s.w.s.m.m.a.HttpEntityMethodProcessor  : Using 'application/json', given [application/json, text/plain, */*] and supported [application/json, application/*+json]
2026-05-08T16:01:36.271-07:00 DEBUG 19992 --- [nio-8080-exec-7] o.s.w.s.m.m.a.HttpEntityMethodProcessor  : Writing [[MessageDto.Response(id=6, content=Hi John, want to practice together?, sentAt=2026-04-06T08:30, sen (truncated)...]
2026-05-08T16:01:36.273-07:00 DEBUG 19992 --- [nio-8080-exec-7] o.s.web.servlet.DispatcherServlet        : Completed 200 OK
2026-05-08T16:01:36.824-07:00 DEBUG 19992 --- [nio-8080-exec-8] o.s.web.servlet.DispatcherServlet        : GET "/api/messages/conversation/1/3", parameters={}
2026-05-08T16:01:36.825-07:00 DEBUG 19992 --- [nio-8080-exec-8] s.w.s.m.m.a.RequestMappingHandlerMapping : Mapped to com.example.campconnect_backend.Controllers.MessageController#getConversation(Long, Long)
2026-05-08T16:01:36.828-07:00 DEBUG 19992 --- [nio-8080-exec-8] org.hibernate.SQL                        : 
    select
        m1_0.id,
        m1_0.content,
        m1_0.group_match_id,
        m1_0.is_read,
        m1_0.receiver_id,
        m1_0.sender_id,
        m1_0.sent_at 
    from
        messages m1_0 
    where
        (
            m1_0.sender_id=? 
            and m1_0.receiver_id=?
        ) 
        or (
            m1_0.sender_id=? 
            and m1_0.receiver_id=?
        ) 
    order by
        m1_0.sent_at
Hibernate: 
    select
        m1_0.id,
        m1_0.content,
        m1_0.group_match_id,
        m1_0.is_read,
        m1_0.receiver_id,
        m1_0.sender_id,
        m1_0.sent_at 
    from
        messages m1_0 
    where
        (
            m1_0.sender_id=? 
            and m1_0.receiver_id=?
        ) 
        or (
            m1_0.sender_id=? 
            and m1_0.receiver_id=?
        ) 
    order by
        m1_0.sent_at
2026-05-08T16:01:36.832-07:00 DEBUG 19992 --- [nio-8080-exec-8] o.s.w.s.m.m.a.HttpEntityMethodProcessor  : Using 'application/json', given [application/json, text/plain, */*] and supported [application/json, application/*+json]
2026-05-08T16:01:36.833-07:00 DEBUG 19992 --- [nio-8080-exec-8] o.s.w.s.m.m.a.HttpEntityMethodProcessor  : Writing [[]]
2026-05-08T16:01:36.835-07:00 DEBUG 19992 --- [nio-8080-exec-8] o.s.web.servlet.DispatcherServlet        : Completed 200 OK
2026-05-08T16:01:37.820-07:00 DEBUG 19992 --- [nio-8080-exec-5] o.s.web.servlet.DispatcherServlet        : GET "/api/messages/conversation/1/4", parameters={}
2026-05-08T16:01:37.821-07:00 DEBUG 19992 --- [nio-8080-exec-5] s.w.s.m.m.a.RequestMappingHandlerMapping : Mapped to com.example.campconnect_backend.Controllers.MessageController#getConversation(Long, Long)
2026-05-08T16:01:37.824-07:00 DEBUG 19992 --- [nio-8080-exec-5] org.hibernate.SQL                        : 
    select
        m1_0.id,
        m1_0.content,
        m1_0.group_match_id,
        m1_0.is_read,
        m1_0.receiver_id,
        m1_0.sender_id,
        m1_0.sent_at 
    from
        messages m1_0 
    where
        (
            m1_0.sender_id=? 
            and m1_0.receiver_id=?
        ) 
        or (
            m1_0.sender_id=? 
            and m1_0.receiver_id=?
        ) 
    order by
        m1_0.sent_at
Hibernate: 
    select
        m1_0.id,
        m1_0.content,
        m1_0.group_match_id,
        m1_0.is_read,
        m1_0.receiver_id,
        m1_0.sender_id,
        m1_0.sent_at 
    from
        messages m1_0 
    where
        (
            m1_0.sender_id=? 
            and m1_0.receiver_id=?
        ) 
        or (
            m1_0.sender_id=? 
            and m1_0.receiver_id=?
        ) 
    order by
        m1_0.sent_at
2026-05-08T16:01:37.827-07:00 DEBUG 19992 --- [nio-8080-exec-5] o.s.w.s.m.m.a.HttpEntityMethodProcessor  : Using 'application/json', given [application/json, text/plain, */*] and supported [application/json, application/*+json]
2026-05-08T16:01:37.827-07:00 DEBUG 19992 --- [nio-8080-exec-5] o.s.w.s.m.m.a.HttpEntityMethodProcessor  : Writing [[]]
2026-05-08T16:01:37.828-07:00 DEBUG 19992 --- [nio-8080-exec-5] o.s.web.servlet.DispatcherServlet        : Completed 200 OK
2026-05-08T16:01:39.474-07:00 DEBUG 19992 --- [io-8080-exec-10] o.s.web.servlet.DispatcherServlet        : GET "/api/messages/conversation/1/5", parameters={}
2026-05-08T16:01:39.476-07:00 DEBUG 19992 --- [io-8080-exec-10] s.w.s.m.m.a.RequestMappingHandlerMapping : Mapped to com.example.campconnect_backend.Controllers.MessageController#getConversation(Long, Long)
2026-05-08T16:01:39.478-07:00 DEBUG 19992 --- [io-8080-exec-10] org.hibernate.SQL                        : 
    select
        m1_0.id,
        m1_0.content,
        m1_0.group_match_id,
        m1_0.is_read,
        m1_0.receiver_id,
        m1_0.sender_id,
        m1_0.sent_at 
    from
        messages m1_0 
    where
        (
            m1_0.sender_id=? 
            and m1_0.receiver_id=?
        ) 
        or (
            m1_0.sender_id=? 
            and m1_0.receiver_id=?
        ) 
    order by
        m1_0.sent_at
Hibernate: 
    select
        m1_0.id,
        m1_0.content,
        m1_0.group_match_id,
        m1_0.is_read,
        m1_0.receiver_id,
        m1_0.sender_id,
        m1_0.sent_at 
    from
        messages m1_0 
    where
        (
            m1_0.sender_id=? 
            and m1_0.receiver_id=?
        ) 
        or (
            m1_0.sender_id=? 
            and m1_0.receiver_id=?
        ) 
    order by
        m1_0.sent_at
2026-05-08T16:01:39.483-07:00 DEBUG 19992 --- [io-8080-exec-10] org.hibernate.SQL                        : 
    select
        u1_0.id,
        u1_0.avatar_url,
        u1_0.email,
        u1_0.password,
        u1_0.username 
    from
        users u1_0 
    where
        u1_0.id=?
Hibernate: 
    select
        u1_0.id,
        u1_0.avatar_url,
        u1_0.email,
        u1_0.password,
        u1_0.username 
    from
        users u1_0 
    where
        u1_0.id=?
2026-05-08T16:01:39.485-07:00 DEBUG 19992 --- [io-8080-exec-10] org.hibernate.SQL                        : 
    select
        u1_0.id,
        u1_0.avatar_url,
        u1_0.email,
        u1_0.password,
        u1_0.username 
    from
        users u1_0 
    where
        u1_0.id=?
Hibernate: 
    select
        u1_0.id,
        u1_0.avatar_url,
        u1_0.email,
        u1_0.password,
        u1_0.username 
    from
        users u1_0 
    where
        u1_0.id=?
2026-05-08T16:01:39.489-07:00 DEBUG 19992 --- [io-8080-exec-10] o.s.w.s.m.m.a.HttpEntityMethodProcessor  : Using 'application/json', given [application/json, text/plain, */*] and supported [application/json, application/*+json]
2026-05-08T16:01:39.490-07:00 DEBUG 19992 --- [io-8080-exec-10] o.s.w.s.m.m.a.HttpEntityMethodProcessor  : Writing [[MessageDto.Response(id=10, content=hello, sentAt=2026-05-08T15:58:57, senderId=1, senderUsername=jo (truncated)...]
2026-05-08T16:01:39.491-07:00 DEBUG 19992 --- [io-8080-exec-10] o.s.web.servlet.DispatcherServlet        : Completed 200 OK
2026-05-08T16:01:40.238-07:00 DEBUG 19992 --- [nio-8080-exec-1] o.s.web.servlet.DispatcherServlet        : GET "/api/messages/conversation/1/5", parameters={}
2026-05-08T16:01:40.300-07:00 DEBUG 19992 --- [nio-8080-exec-1] s.w.s.m.m.a.RequestMappingHandlerMapping : Mapped to com.example.campconnect_backend.Controllers.MessageController#getConversation(Long, Long)
2026-05-08T16:01:40.304-07:00 DEBUG 19992 --- [nio-8080-exec-1] org.hibernate.SQL                        : 
    select
        m1_0.id,
        m1_0.content,
        m1_0.group_match_id,
        m1_0.is_read,
        m1_0.receiver_id,
        m1_0.sender_id,
        m1_0.sent_at 
    from
        messages m1_0 
    where
        (
            m1_0.sender_id=? 
            and m1_0.receiver_id=?
        ) 
        or (
            m1_0.sender_id=? 
            and m1_0.receiver_id=?
        ) 
    order by
        m1_0.sent_at
Hibernate: 
    select
        m1_0.id,
        m1_0.content,
        m1_0.group_match_id,
        m1_0.is_read,
        m1_0.receiver_id,
        m1_0.sender_id,
        m1_0.sent_at 
    from
        messages m1_0 
    where
        (
            m1_0.sender_id=? 
            and m1_0.receiver_id=?
        ) 
        or (
            m1_0.sender_id=? 
            and m1_0.receiver_id=?
        ) 
    order by
        m1_0.sent_at
2026-05-08T16:01:40.309-07:00 DEBUG 19992 --- [nio-8080-exec-1] org.hibernate.SQL                        : 
    select
        u1_0.id,
        u1_0.avatar_url,
        u1_0.email,
        u1_0.password,
        u1_0.username 
    from
        users u1_0 
    where
        u1_0.id=?
Hibernate: 
    select
        u1_0.id,
        u1_0.avatar_url,
        u1_0.email,
        u1_0.password,
        u1_0.username 
    from
        users u1_0 
    where
        u1_0.id=?
2026-05-08T16:01:40.313-07:00 DEBUG 19992 --- [nio-8080-exec-1] org.hibernate.SQL                        : 
    select
        u1_0.id,
        u1_0.avatar_url,
        u1_0.email,
        u1_0.password,
        u1_0.username 
    from
        users u1_0 
    where
        u1_0.id=?
Hibernate: 
    select
        u1_0.id,
        u1_0.avatar_url,
        u1_0.email,
        u1_0.password,
        u1_0.username 
    from
        users u1_0 
    where
        u1_0.id=?
2026-05-08T16:01:40.318-07:00 DEBUG 19992 --- [nio-8080-exec-1] o.s.w.s.m.m.a.HttpEntityMethodProcessor  : Using 'application/json', given [application/json, text/plain, */*] and supported [application/json, application/*+json]
2026-05-08T16:01:40.320-07:00 DEBUG 19992 --- [nio-8080-exec-1] o.s.w.s.m.m.a.HttpEntityMethodProcessor  : Writing [[MessageDto.Response(id=10, content=hello, sentAt=2026-05-08T15:58:57, senderId=1, senderUsername=jo (truncated)...]
2026-05-08T16:01:40.321-07:00 DEBUG 19992 --- [nio-8080-exec-1] o.s.web.servlet.DispatcherServlet        : Completed 200 OK
2026-05-08T16:01:44.924-07:00 DEBUG 19992 --- [nio-8080-exec-3] o.s.web.servlet.DispatcherServlet        : GET "/api/messages/conversation/1/5", parameters={}
2026-05-08T16:01:44.926-07:00 DEBUG 19992 --- [nio-8080-exec-3] s.w.s.m.m.a.RequestMappingHandlerMapping : Mapped to com.example.campconnect_backend.Controllers.MessageController#getConversation(Long, Long)
2026-05-08T16:01:44.930-07:00 DEBUG 19992 --- [nio-8080-exec-3] org.hibernate.SQL                        : 
    select
        m1_0.id,
        m1_0.content,
        m1_0.group_match_id,
        m1_0.is_read,
        m1_0.receiver_id,
        m1_0.sender_id,
        m1_0.sent_at 
    from
        messages m1_0 
    where
        (
            m1_0.sender_id=? 
            and m1_0.receiver_id=?
        ) 
        or (
            m1_0.sender_id=? 
            and m1_0.receiver_id=?
        ) 
    order by
        m1_0.sent_at
Hibernate: 
    select
        m1_0.id,
        m1_0.content,
        m1_0.group_match_id,
        m1_0.is_read,
        m1_0.receiver_id,
        m1_0.sender_id,
        m1_0.sent_at 
    from
        messages m1_0 
    where
        (
            m1_0.sender_id=? 
            and m1_0.receiver_id=?
        ) 
        or (
            m1_0.sender_id=? 
            and m1_0.receiver_id=?
        ) 
    order by
        m1_0.sent_at
2026-05-08T16:01:44.934-07:00 DEBUG 19992 --- [nio-8080-exec-3] org.hibernate.SQL                        : 
    select
        u1_0.id,
        u1_0.avatar_url,
        u1_0.email,
        u1_0.password,
        u1_0.username 
    from
        users u1_0 
    where
        u1_0.id=?
Hibernate: 
    select
        u1_0.id,
        u1_0.avatar_url,
        u1_0.email,
        u1_0.password,
        u1_0.username 
    from
        users u1_0 
    where
        u1_0.id=?
2026-05-08T16:01:44.936-07:00 DEBUG 19992 --- [nio-8080-exec-3] org.hibernate.SQL                        : 
    select
        u1_0.id,
        u1_0.avatar_url,
        u1_0.email,
        u1_0.password,
        u1_0.username 
    from
        users u1_0 
    where
        u1_0.id=?
Hibernate: 
    select
        u1_0.id,
        u1_0.avatar_url,
        u1_0.email,
        u1_0.password,
        u1_0.username 
    from
        users u1_0 
    where
        u1_0.id=?
2026-05-08T16:01:44.940-07:00 DEBUG 19992 --- [nio-8080-exec-3] o.s.w.s.m.m.a.HttpEntityMethodProcessor  : Using 'application/json', given [application/json, text/plain, */*] and supported [application/json, application/*+json]
2026-05-08T16:01:44.941-07:00 DEBUG 19992 --- [nio-8080-exec-3] o.s.w.s.m.m.a.HttpEntityMethodProcessor  : Writing [[MessageDto.Response(id=10, content=hello, sentAt=2026-05-08T15:58:57, senderId=1, senderUsername=jo (truncated)...]
2026-05-08T16:01:44.943-07:00 DEBUG 19992 --- [nio-8080-exec-3] o.s.web.servlet.DispatcherServlet        : Completed 200 OK
2026-05-08T16:01:48.914-07:00 DEBUG 19992 --- [nio-8080-exec-2] o.s.web.servlet.DispatcherServlet        : GET "/api/messages/conversation/1/5", parameters={}
2026-05-08T16:01:48.915-07:00 DEBUG 19992 --- [nio-8080-exec-2] s.w.s.m.m.a.RequestMappingHandlerMapping : Mapped to com.example.campconnect_backend.Controllers.MessageController#getConversation(Long, Long)
2026-05-08T16:01:48.918-07:00 DEBUG 19992 --- [nio-8080-exec-2] org.hibernate.SQL                        : 
    select
        m1_0.id,
        m1_0.content,
        m1_0.group_match_id,
        m1_0.is_read,
        m1_0.receiver_id,
        m1_0.sender_id,
        m1_0.sent_at 
    from
        messages m1_0 
    where
        (
            m1_0.sender_id=? 
            and m1_0.receiver_id=?
        ) 
        or (
            m1_0.sender_id=? 
            and m1_0.receiver_id=?
        ) 
    order by
        m1_0.sent_at
Hibernate: 
    select
        m1_0.id,
        m1_0.content,
        m1_0.group_match_id,
        m1_0.is_read,
        m1_0.receiver_id,
        m1_0.sender_id,
        m1_0.sent_at 
    from
        messages m1_0 
    where
        (
            m1_0.sender_id=? 
            and m1_0.receiver_id=?
        ) 
        or (
            m1_0.sender_id=? 
            and m1_0.receiver_id=?
        ) 
    order by
        m1_0.sent_at
2026-05-08T16:01:48.921-07:00 DEBUG 19992 --- [nio-8080-exec-2] org.hibernate.SQL                        : 
    select
        u1_0.id,
        u1_0.avatar_url,
        u1_0.email,
        u1_0.password,
        u1_0.username 
    from
        users u1_0 
    where
        u1_0.id=?
Hibernate: 
    select
        u1_0.id,
        u1_0.avatar_url,
        u1_0.email,
        u1_0.password,
        u1_0.username 
    from
        users u1_0 
    where
        u1_0.id=?
2026-05-08T16:01:48.923-07:00 DEBUG 19992 --- [nio-8080-exec-2] org.hibernate.SQL                        : 
    select
        u1_0.id,
        u1_0.avatar_url,
        u1_0.email,
        u1_0.password,
        u1_0.username 
    from
        users u1_0 
    where
        u1_0.id=?
Hibernate: 
    select
        u1_0.id,
        u1_0.avatar_url,
        u1_0.email,
        u1_0.password,
        u1_0.username 
    from
        users u1_0 
    where
        u1_0.id=?
2026-05-08T16:01:48.926-07:00 DEBUG 19992 --- [nio-8080-exec-2] o.s.w.s.m.m.a.HttpEntityMethodProcessor  : Using 'application/json', given [application/json, text/plain, */*] and supported [application/json, application/*+json]
2026-05-08T16:01:48.926-07:00 DEBUG 19992 --- [nio-8080-exec-2] o.s.w.s.m.m.a.HttpEntityMethodProcessor  : Writing [[MessageDto.Response(id=10, content=hello, sentAt=2026-05-08T15:58:57, senderId=1, senderUsername=jo (truncated)...]
2026-05-08T16:01:48.927-07:00 DEBUG 19992 --- [nio-8080-exec-2] o.s.web.servlet.DispatcherServlet        : Completed 200 OK
2026-05-08T16:01:52.917-07:00 DEBUG 19992 --- [nio-8080-exec-6] o.s.web.servlet.DispatcherServlet        : GET "/api/messages/conversation/1/5", parameters={}
2026-05-08T16:01:52.918-07:00 DEBUG 19992 --- [nio-8080-exec-6] s.w.s.m.m.a.RequestMappingHandlerMapping : Mapped to com.example.campconnect_backend.Controllers.MessageController#getConversation(Long, Long)
2026-05-08T16:01:52.921-07:00 DEBUG 19992 --- [nio-8080-exec-6] org.hibernate.SQL                        : 
    select
        m1_0.id,
        m1_0.content,
        m1_0.group_match_id,
        m1_0.is_read,
        m1_0.receiver_id,
        m1_0.sender_id,
        m1_0.sent_at 
    from
        messages m1_0 
    where
        (
            m1_0.sender_id=? 
            and m1_0.receiver_id=?
        ) 
        or (
            m1_0.sender_id=? 
            and m1_0.receiver_id=?
        ) 
    order by
        m1_0.sent_at
Hibernate: 
    select
        m1_0.id,
        m1_0.content,
        m1_0.group_match_id,
        m1_0.is_read,
        m1_0.receiver_id,
        m1_0.sender_id,
        m1_0.sent_at 
    from
        messages m1_0 
    where
        (
            m1_0.sender_id=? 
            and m1_0.receiver_id=?
        ) 
        or (
            m1_0.sender_id=? 
            and m1_0.receiver_id=?
        ) 
    order by
        m1_0.sent_at
2026-05-08T16:01:52.925-07:00 DEBUG 19992 --- [nio-8080-exec-6] org.hibernate.SQL                        : 
    select
        u1_0.id,
        u1_0.avatar_url,
        u1_0.email,
        u1_0.password,
        u1_0.username 
    from
        users u1_0 
    where
        u1_0.id=?
Hibernate: 
    select
        u1_0.id,
        u1_0.avatar_url,
        u1_0.email,
        u1_0.password,
        u1_0.username 
    from
        users u1_0 
    where
        u1_0.id=?
2026-05-08T16:01:52.928-07:00 DEBUG 19992 --- [nio-8080-exec-6] org.hibernate.SQL                        : 
    select
        u1_0.id,
        u1_0.avatar_url,
        u1_0.email,
        u1_0.password,
        u1_0.username 
    from
        users u1_0 
    where
        u1_0.id=?
Hibernate: 
    select
        u1_0.id,
        u1_0.avatar_url,
        u1_0.email,
        u1_0.password,
        u1_0.username 
    from
        users u1_0 
    where
        u1_0.id=?
2026-05-08T16:01:52.932-07:00 DEBUG 19992 --- [nio-8080-exec-6] o.s.w.s.m.m.a.HttpEntityMethodProcessor  : Using 'application/json', given [application/json, text/plain, */*] and supported [application/json, application/*+json]
2026-05-08T16:01:52.933-07:00 DEBUG 19992 --- [nio-8080-exec-6] o.s.w.s.m.m.a.HttpEntityMethodProcessor  : Writing [[MessageDto.Response(id=10, content=hello, sentAt=2026-05-08T15:58:57, senderId=1, senderUsername=jo (truncated)...]
2026-05-08T16:01:52.935-07:00 DEBUG 19992 --- [nio-8080-exec-6] o.s.web.servlet.DispatcherServlet        : Completed 200 OK
2026-05-08T16:01:56.909-07:00 DEBUG 19992 --- [nio-8080-exec-4] o.s.web.servlet.DispatcherServlet        : GET "/api/messages/conversation/1/5", parameters={}
2026-05-08T16:01:56.910-07:00 DEBUG 19992 --- [nio-8080-exec-4] s.w.s.m.m.a.RequestMappingHandlerMapping : Mapped to com.example.campconnect_backend.Controllers.MessageController#getConversation(Long, Long)
2026-05-08T16:01:56.912-07:00 DEBUG 19992 --- [nio-8080-exec-4] org.hibernate.SQL                        : 
    select
        m1_0.id,
        m1_0.content,
        m1_0.group_match_id,
        m1_0.is_read,
        m1_0.receiver_id,
        m1_0.sender_id,
        m1_0.sent_at 
    from
        messages m1_0 
    where
        (
            m1_0.sender_id=? 
            and m1_0.receiver_id=?
        ) 
        or (
            m1_0.sender_id=? 
            and m1_0.receiver_id=?
        ) 
    order by
        m1_0.sent_at
Hibernate: 
    select
        m1_0.id,
        m1_0.content,
        m1_0.group_match_id,
        m1_0.is_read,
        m1_0.receiver_id,
        m1_0.sender_id,
        m1_0.sent_at 
    from
        messages m1_0 
    where
        (
            m1_0.sender_id=? 
            and m1_0.receiver_id=?
        ) 
        or (
            m1_0.sender_id=? 
            and m1_0.receiver_id=?
        ) 
    order by
        m1_0.sent_at
2026-05-08T16:01:56.915-07:00 DEBUG 19992 --- [nio-8080-exec-4] org.hibernate.SQL                        : 
    select
        u1_0.id,
        u1_0.avatar_url,
        u1_0.email,
        u1_0.password,
        u1_0.username 
    from
        users u1_0 
    where
        u1_0.id=?
Hibernate: 
    select
        u1_0.id,
        u1_0.avatar_url,
        u1_0.email,
        u1_0.password,
        u1_0.username 
    from
        users u1_0 
    where
        u1_0.id=?
2026-05-08T16:01:56.917-07:00 DEBUG 19992 --- [nio-8080-exec-4] org.hibernate.SQL                        : 
    select
        u1_0.id,
        u1_0.avatar_url,
        u1_0.email,
        u1_0.password,
        u1_0.username 
    from
        users u1_0 
    where
        u1_0.id=?
Hibernate: 
    select
        u1_0.id,
        u1_0.avatar_url,
        u1_0.email,
        u1_0.password,
        u1_0.username 
    from
        users u1_0 
    where
        u1_0.id=?
2026-05-08T16:01:56.920-07:00 DEBUG 19992 --- [nio-8080-exec-4] o.s.w.s.m.m.a.HttpEntityMethodProcessor  : Using 'application/json', given [application/json, text/plain, */*] and supported [application/json, application/*+json]
2026-05-08T16:01:56.921-07:00 DEBUG 19992 --- [nio-8080-exec-4] o.s.w.s.m.m.a.HttpEntityMethodProcessor  : Writing [[MessageDto.Response(id=10, content=hello, sentAt=2026-05-08T15:58:57, senderId=1, senderUsername=jo (truncated)...]
2026-05-08T16:01:56.922-07:00 DEBUG 19992 --- [nio-8080-exec-4] o.s.web.servlet.DispatcherServlet        : Completed 200 OK
2026-05-08T16:02:00.914-07:00 DEBUG 19992 --- [nio-8080-exec-9] o.s.web.servlet.DispatcherServlet        : GET "/api/messages/conversation/1/5", parameters={}
2026-05-08T16:02:00.915-07:00 DEBUG 19992 --- [nio-8080-exec-9] s.w.s.m.m.a.RequestMappingHandlerMapping : Mapped to com.example.campconnect_backend.Controllers.MessageController#getConversation(Long, Long)
2026-05-08T16:02:00.918-07:00 DEBUG 19992 --- [nio-8080-exec-9] org.hibernate.SQL                        : 
    select
        m1_0.id,
        m1_0.content,
        m1_0.group_match_id,
        m1_0.is_read,
        m1_0.receiver_id,
        m1_0.sender_id,
        m1_0.sent_at 
    from
        messages m1_0 
    where
        (
            m1_0.sender_id=? 
            and m1_0.receiver_id=?
        ) 
        or (
            m1_0.sender_id=? 
            and m1_0.receiver_id=?
        ) 
    order by
        m1_0.sent_at
Hibernate: 
    select
        m1_0.id,
        m1_0.content,
        m1_0.group_match_id,
        m1_0.is_read,
        m1_0.receiver_id,
        m1_0.sender_id,
        m1_0.sent_at 
    from
        messages m1_0 
    where
        (
            m1_0.sender_id=? 
            and m1_0.receiver_id=?
        ) 
        or (
            m1_0.sender_id=? 
            and m1_0.receiver_id=?
        ) 
    order by
        m1_0.sent_at
2026-05-08T16:02:00.920-07:00 DEBUG 19992 --- [nio-8080-exec-9] org.hibernate.SQL                        : 
    select
        u1_0.id,
        u1_0.avatar_url,
        u1_0.email,
        u1_0.password,
        u1_0.username 
    from
        users u1_0 
    where
        u1_0.id=?
Hibernate: 
    select
        u1_0.id,
        u1_0.avatar_url,
        u1_0.email,
        u1_0.password,
        u1_0.username 
    from
        users u1_0 
    where
        u1_0.id=?
2026-05-08T16:02:00.922-07:00 DEBUG 19992 --- [nio-8080-exec-9] org.hibernate.SQL                        : 
    select
        u1_0.id,
        u1_0.avatar_url,
        u1_0.email,
        u1_0.password,
        u1_0.username 
    from
        users u1_0 
    where
        u1_0.id=?
Hibernate: 
    select
        u1_0.id,
        u1_0.avatar_url,
        u1_0.email,
        u1_0.password,
        u1_0.username 
    from
        users u1_0 
    where
        u1_0.id=?
2026-05-08T16:02:00.925-07:00 DEBUG 19992 --- [nio-8080-exec-9] o.s.w.s.m.m.a.HttpEntityMethodProcessor  : Using 'application/json', given [application/json, text/plain, */*] and supported [application/json, application/*+json]
2026-05-08T16:02:00.925-07:00 DEBUG 19992 --- [nio-8080-exec-9] o.s.w.s.m.m.a.HttpEntityMethodProcessor  : Writing [[MessageDto.Response(id=10, content=hello, sentAt=2026-05-08T15:58:57, senderId=1, senderUsername=jo (truncated)...]
2026-05-08T16:02:00.927-07:00 DEBUG 19992 --- [nio-8080-exec-9] o.s.web.servlet.DispatcherServlet        : Completed 200 OK
2026-05-08T16:02:04.919-07:00 DEBUG 19992 --- [nio-8080-exec-7] o.s.web.servlet.DispatcherServlet        : GET "/api/messages/conversation/1/5", parameters={}
2026-05-08T16:02:04.920-07:00 DEBUG 19992 --- [nio-8080-exec-7] s.w.s.m.m.a.RequestMappingHandlerMapping : Mapped to com.example.campconnect_backend.Controllers.MessageController#getConversation(Long, Long)
2026-05-08T16:02:04.923-07:00 DEBUG 19992 --- [nio-8080-exec-7] org.hibernate.SQL                        : 
    select
        m1_0.id,
        m1_0.content,
        m1_0.group_match_id,
        m1_0.is_read,
        m1_0.receiver_id,
        m1_0.sender_id,
        m1_0.sent_at 
    from
        messages m1_0 
    where
        (
            m1_0.sender_id=? 
            and m1_0.receiver_id=?
        ) 
        or (
            m1_0.sender_id=? 
            and m1_0.receiver_id=?
        ) 
    order by
        m1_0.sent_at
Hibernate: 
    select
        m1_0.id,
        m1_0.content,
        m1_0.group_match_id,
        m1_0.is_read,
        m1_0.receiver_id,
        m1_0.sender_id,
        m1_0.sent_at 
    from
        messages m1_0 
    where
        (
            m1_0.sender_id=? 
            and m1_0.receiver_id=?
        ) 
        or (
            m1_0.sender_id=? 
            and m1_0.receiver_id=?
        ) 
    order by
        m1_0.sent_at
2026-05-08T16:02:04.927-07:00 DEBUG 19992 --- [nio-8080-exec-7] org.hibernate.SQL                        : 
    select
        u1_0.id,
        u1_0.avatar_url,
        u1_0.email,
        u1_0.password,
        u1_0.username 
    from
        users u1_0 
    where
        u1_0.id=?
Hibernate: 
    select
        u1_0.id,
        u1_0.avatar_url,
        u1_0.email,
        u1_0.password,
        u1_0.username 
    from
        users u1_0 
    where
        u1_0.id=?
2026-05-08T16:02:04.931-07:00 DEBUG 19992 --- [nio-8080-exec-7] org.hibernate.SQL                        : 
    select
        u1_0.id,
        u1_0.avatar_url,
        u1_0.email,
        u1_0.password,
        u1_0.username 
    from
        users u1_0 
    where
        u1_0.id=?
Hibernate: 
    select
        u1_0.id,
        u1_0.avatar_url,
        u1_0.email,
        u1_0.password,
        u1_0.username 
    from
        users u1_0 
    where
        u1_0.id=?
2026-05-08T16:02:04.933-07:00 DEBUG 19992 --- [nio-8080-exec-7] o.s.w.s.m.m.a.HttpEntityMethodProcessor  : Using 'application/json', given [application/json, text/plain, */*] and supported [application/json, application/*+json]
2026-05-08T16:02:04.934-07:00 DEBUG 19992 --- [nio-8080-exec-7] o.s.w.s.m.m.a.HttpEntityMethodProcessor  : Writing [[MessageDto.Response(id=10, content=hello, sentAt=2026-05-08T15:58:57, senderId=1, senderUsername=jo (truncated)...]
2026-05-08T16:02:04.935-07:00 DEBUG 19992 --- [nio-8080-exec-7] o.s.web.servlet.DispatcherServlet        : Completed 200 OK
2026-05-08T16:02:08.928-07:00 DEBUG 19992 --- [nio-8080-exec-8] o.s.web.servlet.DispatcherServlet        : GET "/api/messages/conversation/1/5", parameters={}
2026-05-08T16:02:08.929-07:00 DEBUG 19992 --- [nio-8080-exec-8] s.w.s.m.m.a.RequestMappingHandlerMapping : Mapped to com.example.campconnect_backend.Controllers.MessageController#getConversation(Long, Long)
2026-05-08T16:02:08.930-07:00 DEBUG 19992 --- [nio-8080-exec-8] org.hibernate.SQL                        : 
    select
        m1_0.id,
        m1_0.content,
        m1_0.group_match_id,
        m1_0.is_read,
        m1_0.receiver_id,
        m1_0.sender_id,
        m1_0.sent_at 
    from
        messages m1_0 
    where
        (
            m1_0.sender_id=? 
            and m1_0.receiver_id=?
        ) 
        or (
            m1_0.sender_id=? 
            and m1_0.receiver_id=?
        ) 
    order by
        m1_0.sent_at
Hibernate: 
    select
        m1_0.id,
        m1_0.content,
        m1_0.group_match_id,
        m1_0.is_read,
        m1_0.receiver_id,
        m1_0.sender_id,
        m1_0.sent_at 
    from
        messages m1_0 
    where
        (
            m1_0.sender_id=? 
            and m1_0.receiver_id=?
        ) 
        or (
            m1_0.sender_id=? 
            and m1_0.receiver_id=?
        ) 
    order by
        m1_0.sent_at
2026-05-08T16:02:08.933-07:00 DEBUG 19992 --- [nio-8080-exec-8] org.hibernate.SQL                        : 
    select
        u1_0.id,
        u1_0.avatar_url,
        u1_0.email,
        u1_0.password,
        u1_0.username 
    from
        users u1_0 
    where
        u1_0.id=?
Hibernate: 
    select
        u1_0.id,
        u1_0.avatar_url,
        u1_0.email,
        u1_0.password,
        u1_0.username 
    from
        users u1_0 
    where
        u1_0.id=?
2026-05-08T16:02:08.934-07:00 DEBUG 19992 --- [nio-8080-exec-8] org.hibernate.SQL                        : 
    select
        u1_0.id,
        u1_0.avatar_url,
        u1_0.email,
        u1_0.password,
        u1_0.username 
    from
        users u1_0 
    where
        u1_0.id=?
Hibernate: 
    select
        u1_0.id,
        u1_0.avatar_url,
        u1_0.email,
        u1_0.password,
        u1_0.username 
    from
        users u1_0 
    where
        u1_0.id=?
2026-05-08T16:02:08.937-07:00 DEBUG 19992 --- [nio-8080-exec-8] o.s.w.s.m.m.a.HttpEntityMethodProcessor  : Using 'application/json', given [application/json, text/plain, */*] and supported [application/json, application/*+json]
2026-05-08T16:02:08.937-07:00 DEBUG 19992 --- [nio-8080-exec-8] o.s.w.s.m.m.a.HttpEntityMethodProcessor  : Writing [[MessageDto.Response(id=10, content=hello, sentAt=2026-05-08T15:58:57, senderId=1, senderUsername=jo (truncated)...]
2026-05-08T16:02:08.938-07:00 DEBUG 19992 --- [nio-8080-exec-8] o.s.web.servlet.DispatcherServlet        : Completed 200 OK
2026-05-08T16:02:12.911-07:00 DEBUG 19992 --- [nio-8080-exec-5] o.s.web.servlet.DispatcherServlet        : GET "/api/messages/conversation/1/5", parameters={}
2026-05-08T16:02:12.912-07:00 DEBUG 19992 --- [nio-8080-exec-5] s.w.s.m.m.a.RequestMappingHandlerMapping : Mapped to com.example.campconnect_backend.Controllers.MessageController#getConversation(Long, Long)
2026-05-08T16:02:12.914-07:00 DEBUG 19992 --- [nio-8080-exec-5] org.hibernate.SQL                        : 
    select
        m1_0.id,
        m1_0.content,
        m1_0.group_match_id,
        m1_0.is_read,
        m1_0.receiver_id,
        m1_0.sender_id,
        m1_0.sent_at 
    from
        messages m1_0 
    where
        (
            m1_0.sender_id=? 
            and m1_0.receiver_id=?
        ) 
        or (
            m1_0.sender_id=? 
            and m1_0.receiver_id=?
        ) 
    order by
        m1_0.sent_at
Hibernate: 
    select
        m1_0.id,
        m1_0.content,
        m1_0.group_match_id,
        m1_0.is_read,
        m1_0.receiver_id,
        m1_0.sender_id,
        m1_0.sent_at 
    from
        messages m1_0 
    where
        (
            m1_0.sender_id=? 
            and m1_0.receiver_id=?
        ) 
        or (
            m1_0.sender_id=? 
            and m1_0.receiver_id=?
        ) 
    order by
        m1_0.sent_at
2026-05-08T16:02:12.918-07:00 DEBUG 19992 --- [nio-8080-exec-5] org.hibernate.SQL                        : 
    select
        u1_0.id,
        u1_0.avatar_url,
        u1_0.email,
        u1_0.password,
        u1_0.username 
    from
        users u1_0 
    where
        u1_0.id=?
Hibernate: 
    select
        u1_0.id,
        u1_0.avatar_url,
        u1_0.email,
        u1_0.password,
        u1_0.username 
    from
        users u1_0 
    where
        u1_0.id=?
2026-05-08T16:02:12.920-07:00 DEBUG 19992 --- [nio-8080-exec-5] org.hibernate.SQL                        : 
    select
        u1_0.id,
        u1_0.avatar_url,
        u1_0.email,
        u1_0.password,
        u1_0.username 
    from
        users u1_0 
    where
        u1_0.id=?
Hibernate: 
    select
        u1_0.id,
        u1_0.avatar_url,
        u1_0.email,
        u1_0.password,
        u1_0.username 
    from
        users u1_0 
    where
        u1_0.id=?
2026-05-08T16:02:12.924-07:00 DEBUG 19992 --- [nio-8080-exec-5] o.s.w.s.m.m.a.HttpEntityMethodProcessor  : Using 'application/json', given [application/json, text/plain, */*] and supported [application/json, application/*+json]
2026-05-08T16:02:12.924-07:00 DEBUG 19992 --- [nio-8080-exec-5] o.s.w.s.m.m.a.HttpEntityMethodProcessor  : Writing [[MessageDto.Response(id=10, content=hello, sentAt=2026-05-08T15:58:57, senderId=1, senderUsername=jo (truncated)...]
2026-05-08T16:02:12.926-07:00 DEBUG 19992 --- [nio-8080-exec-5] o.s.web.servlet.DispatcherServlet        : Completed 200 OK
2026-05-08T16:02:16.919-07:00 DEBUG 19992 --- [io-8080-exec-10] o.s.web.servlet.DispatcherServlet        : GET "/api/messages/conversation/1/5", parameters={}
2026-05-08T16:02:16.931-07:00 DEBUG 19992 --- [io-8080-exec-10] s.w.s.m.m.a.RequestMappingHandlerMapping : Mapped to com.example.campconnect_backend.Controllers.MessageController#getConversation(Long, Long)
2026-05-08T16:02:16.944-07:00 DEBUG 19992 --- [io-8080-exec-10] org.hibernate.SQL                        : 
    select
        m1_0.id,
        m1_0.content,
        m1_0.group_match_id,
        m1_0.is_read,
        m1_0.receiver_id,
        m1_0.sender_id,
        m1_0.sent_at 
    from
        messages m1_0 
    where
        (
            m1_0.sender_id=? 
            and m1_0.receiver_id=?
        ) 
        or (
            m1_0.sender_id=? 
            and m1_0.receiver_id=?
        ) 
    order by
        m1_0.sent_at
Hibernate: 
    select
        m1_0.id,
        m1_0.content,
        m1_0.group_match_id,
        m1_0.is_read,
        m1_0.receiver_id,
        m1_0.sender_id,
        m1_0.sent_at 
    from
        messages m1_0 
    where
        (
            m1_0.sender_id=? 
            and m1_0.receiver_id=?
        ) 
        or (
            m1_0.sender_id=? 
            and m1_0.receiver_id=?
        ) 
    order by
        m1_0.sent_at
2026-05-08T16:02:16.956-07:00 DEBUG 19992 --- [io-8080-exec-10] org.hibernate.SQL                        : 
    select
        u1_0.id,
        u1_0.avatar_url,
        u1_0.email,
        u1_0.password,
        u1_0.username 
    from
        users u1_0 
    where
        u1_0.id=?
Hibernate: 
    select
        u1_0.id,
        u1_0.avatar_url,
        u1_0.email,
        u1_0.password,
        u1_0.username 
    from
        users u1_0 
    where
        u1_0.id=?
2026-05-08T16:02:16.965-07:00 DEBUG 19992 --- [io-8080-exec-10] org.hibernate.SQL                        : 
    select
        u1_0.id,
        u1_0.avatar_url,
        u1_0.email,
        u1_0.password,
        u1_0.username 
    from
        users u1_0 
    where
        u1_0.id=?
Hibernate: 
    select
        u1_0.id,
        u1_0.avatar_url,
        u1_0.email,
        u1_0.password,
        u1_0.username 
    from
        users u1_0 
    where
        u1_0.id=?
2026-05-08T16:02:16.987-07:00 DEBUG 19992 --- [io-8080-exec-10] o.s.w.s.m.m.a.HttpEntityMethodProcessor  : Using 'application/json', given [application/json, text/plain, */*] and supported [application/json, application/*+json]
2026-05-08T16:02:16.996-07:00 DEBUG 19992 --- [io-8080-exec-10] o.s.w.s.m.m.a.HttpEntityMethodProcessor  : Writing [[MessageDto.Response(id=10, content=hello, sentAt=2026-05-08T15:58:57, senderId=1, senderUsername=jo (truncated)...]
2026-05-08T16:02:16.997-07:00 DEBUG 19992 --- [io-8080-exec-10] o.s.web.servlet.DispatcherServlet        : Completed 200 OK
2026-05-08T16:02:20.912-07:00 DEBUG 19992 --- [nio-8080-exec-1] o.s.web.servlet.DispatcherServlet        : GET "/api/messages/conversation/1/5", parameters={}
2026-05-08T16:02:20.912-07:00 DEBUG 19992 --- [nio-8080-exec-1] s.w.s.m.m.a.RequestMappingHandlerMapping : Mapped to com.example.campconnect_backend.Controllers.MessageController#getConversation(Long, Long)
2026-05-08T16:02:20.914-07:00 DEBUG 19992 --- [nio-8080-exec-1] org.hibernate.SQL                        : 
    select
        m1_0.id,
        m1_0.content,
        m1_0.group_match_id,
        m1_0.is_read,
        m1_0.receiver_id,
        m1_0.sender_id,
        m1_0.sent_at 
    from
        messages m1_0 
    where
        (
            m1_0.sender_id=? 
            and m1_0.receiver_id=?
        ) 
        or (
            m1_0.sender_id=? 
            and m1_0.receiver_id=?
        ) 
    order by
        m1_0.sent_at
Hibernate: 
    select
        m1_0.id,
        m1_0.content,
        m1_0.group_match_id,
        m1_0.is_read,
        m1_0.receiver_id,
        m1_0.sender_id,
        m1_0.sent_at 
    from
        messages m1_0 
    where
        (
            m1_0.sender_id=? 
            and m1_0.receiver_id=?
        ) 
        or (
            m1_0.sender_id=? 
            and m1_0.receiver_id=?
        ) 
    order by
        m1_0.sent_at
2026-05-08T16:02:20.917-07:00 DEBUG 19992 --- [nio-8080-exec-1] org.hibernate.SQL                        : 
    select
        u1_0.id,
        u1_0.avatar_url,
        u1_0.email,
        u1_0.password,
        u1_0.username 
    from
        users u1_0 
    where
        u1_0.id=?
Hibernate: 
    select
        u1_0.id,
        u1_0.avatar_url,
        u1_0.email,
        u1_0.password,
        u1_0.username 
    from
        users u1_0 
    where
        u1_0.id=?
2026-05-08T16:02:20.918-07:00 DEBUG 19992 --- [nio-8080-exec-1] org.hibernate.SQL                        : 
    select
        u1_0.id,
        u1_0.avatar_url,
        u1_0.email,
        u1_0.password,
        u1_0.username 
    from
        users u1_0 
    where
        u1_0.id=?
Hibernate: 
    select
        u1_0.id,
        u1_0.avatar_url,
        u1_0.email,
        u1_0.password,
        u1_0.username 
    from
        users u1_0 
    where
        u1_0.id=?
2026-05-08T16:02:20.921-07:00 DEBUG 19992 --- [nio-8080-exec-1] o.s.w.s.m.m.a.HttpEntityMethodProcessor  : Using 'application/json', given [application/json, text/plain, */*] and supported [application/json, application/*+json]
2026-05-08T16:02:20.921-07:00 DEBUG 19992 --- [nio-8080-exec-1] o.s.w.s.m.m.a.HttpEntityMethodProcessor  : Writing [[MessageDto.Response(id=10, content=hello, sentAt=2026-05-08T15:58:57, senderId=1, senderUsername=jo (truncated)...]
2026-05-08T16:02:20.923-07:00 DEBUG 19992 --- [nio-8080-exec-1] o.s.web.servlet.DispatcherServlet        : Completed 200 OK
2026-05-08T16:02:24.910-07:00 DEBUG 19992 --- [nio-8080-exec-3] o.s.web.servlet.DispatcherServlet        : GET "/api/messages/conversation/1/5", parameters={}
2026-05-08T16:02:24.912-07:00 DEBUG 19992 --- [nio-8080-exec-3] s.w.s.m.m.a.RequestMappingHandlerMapping : Mapped to com.example.campconnect_backend.Controllers.MessageController#getConversation(Long, Long)
2026-05-08T16:02:24.915-07:00 DEBUG 19992 --- [nio-8080-exec-3] org.hibernate.SQL                        : 
    select
        m1_0.id,
        m1_0.content,
        m1_0.group_match_id,
        m1_0.is_read,
        m1_0.receiver_id,
        m1_0.sender_id,
        m1_0.sent_at 
    from
        messages m1_0 
    where
        (
            m1_0.sender_id=? 
            and m1_0.receiver_id=?
        ) 
        or (
            m1_0.sender_id=? 
            and m1_0.receiver_id=?
        ) 
    order by
        m1_0.sent_at
Hibernate: 
    select
        m1_0.id,
        m1_0.content,
        m1_0.group_match_id,
        m1_0.is_read,
        m1_0.receiver_id,
        m1_0.sender_id,
        m1_0.sent_at 
    from
        messages m1_0 
    where
        (
            m1_0.sender_id=? 
            and m1_0.receiver_id=?
        ) 
        or (
            m1_0.sender_id=? 
            and m1_0.receiver_id=?
        ) 
    order by
        m1_0.sent_at
2026-05-08T16:02:24.918-07:00 DEBUG 19992 --- [nio-8080-exec-3] org.hibernate.SQL                        : 
    select
        u1_0.id,
        u1_0.avatar_url,
        u1_0.email,
        u1_0.password,
        u1_0.username 
    from
        users u1_0 
    where
        u1_0.id=?
Hibernate: 
    select
        u1_0.id,
        u1_0.avatar_url,
        u1_0.email,
        u1_0.password,
        u1_0.username 
    from
        users u1_0 
    where
        u1_0.id=?
2026-05-08T16:02:24.924-07:00 DEBUG 19992 --- [nio-8080-exec-3] org.hibernate.SQL                        : 
    select
        u1_0.id,
        u1_0.avatar_url,
        u1_0.email,
        u1_0.password,
        u1_0.username 
    from
        users u1_0 
    where
        u1_0.id=?
Hibernate: 
    select
        u1_0.id,
        u1_0.avatar_url,
        u1_0.email,
        u1_0.password,
        u1_0.username 
    from
        users u1_0 
    where
        u1_0.id=?
2026-05-08T16:02:24.928-07:00 DEBUG 19992 --- [nio-8080-exec-3] o.s.w.s.m.m.a.HttpEntityMethodProcessor  : Using 'application/json', given [application/json, text/plain, */*] and supported [application/json, application/*+json]
2026-05-08T16:02:24.930-07:00 DEBUG 19992 --- [nio-8080-exec-3] o.s.w.s.m.m.a.HttpEntityMethodProcessor  : Writing [[MessageDto.Response(id=10, content=hello, sentAt=2026-05-08T15:58:57, senderId=1, senderUsername=jo (truncated)...]
2026-05-08T16:02:24.932-07:00 DEBUG 19992 --- [nio-8080-exec-3] o.s.web.servlet.DispatcherServlet        : Completed 200 OK
2026-05-08T16:02:28.913-07:00 DEBUG 19992 --- [nio-8080-exec-2] o.s.web.servlet.DispatcherServlet        : GET "/api/messages/conversation/1/5", parameters={}
2026-05-08T16:02:28.914-07:00 DEBUG 19992 --- [nio-8080-exec-2] s.w.s.m.m.a.RequestMappingHandlerMapping : Mapped to com.example.campconnect_backend.Controllers.MessageController#getConversation(Long, Long)
2026-05-08T16:02:28.918-07:00 DEBUG 19992 --- [nio-8080-exec-2] org.hibernate.SQL                        : 
    select
        m1_0.id,
        m1_0.content,
        m1_0.group_match_id,
        m1_0.is_read,
        m1_0.receiver_id,
        m1_0.sender_id,
        m1_0.sent_at 
    from
        messages m1_0 
    where
        (
            m1_0.sender_id=? 
            and m1_0.receiver_id=?
        ) 
        or (
            m1_0.sender_id=? 
            and m1_0.receiver_id=?
        ) 
    order by
        m1_0.sent_at
Hibernate: 
    select
        m1_0.id,
        m1_0.content,
        m1_0.group_match_id,
        m1_0.is_read,
        m1_0.receiver_id,
        m1_0.sender_id,
        m1_0.sent_at 
    from
        messages m1_0 
    where
        (
            m1_0.sender_id=? 
            and m1_0.receiver_id=?
        ) 
        or (
            m1_0.sender_id=? 
            and m1_0.receiver_id=?
        ) 
    order by
        m1_0.sent_at
2026-05-08T16:02:28.919-07:00 DEBUG 19992 --- [nio-8080-exec-2] org.hibernate.SQL                        : 
    select
        u1_0.id,
        u1_0.avatar_url,
        u1_0.email,
        u1_0.password,
        u1_0.username 
    from
        users u1_0 
    where
        u1_0.id=?
Hibernate: 
    select
        u1_0.id,
        u1_0.avatar_url,
        u1_0.email,
        u1_0.password,
        u1_0.username 
    from
        users u1_0 
    where
        u1_0.id=?
2026-05-08T16:02:28.921-07:00 DEBUG 19992 --- [nio-8080-exec-2] org.hibernate.SQL                        : 
    select
        u1_0.id,
        u1_0.avatar_url,
        u1_0.email,
        u1_0.password,
        u1_0.username 
    from
        users u1_0 
    where
        u1_0.id=?
Hibernate: 
    select
        u1_0.id,
        u1_0.avatar_url,
        u1_0.email,
        u1_0.password,
        u1_0.username 
    from
        users u1_0 
    where
        u1_0.id=?
2026-05-08T16:02:28.925-07:00 DEBUG 19992 --- [nio-8080-exec-2] o.s.w.s.m.m.a.HttpEntityMethodProcessor  : Using 'application/json', given [application/json, text/plain, */*] and supported [application/json, application/*+json]
2026-05-08T16:02:28.925-07:00 DEBUG 19992 --- [nio-8080-exec-2] o.s.w.s.m.m.a.HttpEntityMethodProcessor  : Writing [[MessageDto.Response(id=10, content=hello, sentAt=2026-05-08T15:58:57, senderId=1, senderUsername=jo (truncated)...]
2026-05-08T16:02:28.928-07:00 DEBUG 19992 --- [nio-8080-exec-2] o.s.web.servlet.DispatcherServlet        : Completed 200 OK
2026-05-08T16:02:32.920-07:00 DEBUG 19992 --- [nio-8080-exec-4] o.s.web.servlet.DispatcherServlet        : GET "/api/messages/conversation/1/5", parameters={}
2026-05-08T16:02:32.921-07:00 DEBUG 19992 --- [nio-8080-exec-4] s.w.s.m.m.a.RequestMappingHandlerMapping : Mapped to com.example.campconnect_backend.Controllers.MessageController#getConversation(Long, Long)
2026-05-08T16:02:32.922-07:00 DEBUG 19992 --- [nio-8080-exec-4] org.hibernate.SQL                        : 
    select
        m1_0.id,
        m1_0.content,
        m1_0.group_match_id,
        m1_0.is_read,
        m1_0.receiver_id,
        m1_0.sender_id,
        m1_0.sent_at 
    from
        messages m1_0 
    where
        (
            m1_0.sender_id=? 
            and m1_0.receiver_id=?
        ) 
        or (
            m1_0.sender_id=? 
            and m1_0.receiver_id=?
        ) 
    order by
        m1_0.sent_at
Hibernate: 
    select
        m1_0.id,
        m1_0.content,
        m1_0.group_match_id,
        m1_0.is_read,
        m1_0.receiver_id,
        m1_0.sender_id,
        m1_0.sent_at 
    from
        messages m1_0 
    where
        (
            m1_0.sender_id=? 
            and m1_0.receiver_id=?
        ) 
        or (
            m1_0.sender_id=? 
            and m1_0.receiver_id=?
        ) 
    order by
        m1_0.sent_at
2026-05-08T16:02:32.924-07:00 DEBUG 19992 --- [nio-8080-exec-4] org.hibernate.SQL                        : 
    select
        u1_0.id,
        u1_0.avatar_url,
        u1_0.email,
        u1_0.password,
        u1_0.username 
    from
        users u1_0 
    where
        u1_0.id=?
Hibernate: 
    select
        u1_0.id,
        u1_0.avatar_url,
        u1_0.email,
        u1_0.password,
        u1_0.username 
    from
        users u1_0 
    where
        u1_0.id=?
2026-05-08T16:02:32.926-07:00 DEBUG 19992 --- [nio-8080-exec-4] org.hibernate.SQL                        : 
    select
        u1_0.id,
        u1_0.avatar_url,
        u1_0.email,
        u1_0.password,
        u1_0.username 
    from
        users u1_0 
    where
        u1_0.id=?
Hibernate: 
    select
        u1_0.id,
        u1_0.avatar_url,
        u1_0.email,
        u1_0.password,
        u1_0.username 
    from
        users u1_0 
    where
        u1_0.id=?
2026-05-08T16:02:32.928-07:00 DEBUG 19992 --- [nio-8080-exec-4] o.s.w.s.m.m.a.HttpEntityMethodProcessor  : Using 'application/json', given [application/json, text/plain, */*] and supported [application/json, application/*+json]
2026-05-08T16:02:32.929-07:00 DEBUG 19992 --- [nio-8080-exec-4] o.s.w.s.m.m.a.HttpEntityMethodProcessor  : Writing [[MessageDto.Response(id=10, content=hello, sentAt=2026-05-08T15:58:57, senderId=1, senderUsername=jo (truncated)...]
2026-05-08T16:02:32.930-07:00 DEBUG 19992 --- [nio-8080-exec-4] o.s.web.servlet.DispatcherServlet        : Completed 200 OK
2026-05-08T16:02:36.920-07:00 DEBUG 19992 --- [nio-8080-exec-9] o.s.web.servlet.DispatcherServlet        : GET "/api/messages/conversation/1/5", parameters={}
2026-05-08T16:02:36.921-07:00 DEBUG 19992 --- [nio-8080-exec-9] s.w.s.m.m.a.RequestMappingHandlerMapping : Mapped to com.example.campconnect_backend.Controllers.MessageController#getConversation(Long, Long)
2026-05-08T16:02:36.923-07:00 DEBUG 19992 --- [nio-8080-exec-9] org.hibernate.SQL                        : 
    select
        m1_0.id,
        m1_0.content,
        m1_0.group_match_id,
        m1_0.is_read,
        m1_0.receiver_id,
        m1_0.sender_id,
        m1_0.sent_at 
    from
        messages m1_0 
    where
        (
            m1_0.sender_id=? 
            and m1_0.receiver_id=?
        ) 
        or (
            m1_0.sender_id=? 
            and m1_0.receiver_id=?
        ) 
    order by
        m1_0.sent_at
Hibernate: 
    select
        m1_0.id,
        m1_0.content,
        m1_0.group_match_id,
        m1_0.is_read,
        m1_0.receiver_id,
        m1_0.sender_id,
        m1_0.sent_at 
    from
        messages m1_0 
    where
        (
            m1_0.sender_id=? 
            and m1_0.receiver_id=?
        ) 
        or (
            m1_0.sender_id=? 
            and m1_0.receiver_id=?
        ) 
    order by
        m1_0.sent_at
2026-05-08T16:02:36.926-07:00 DEBUG 19992 --- [nio-8080-exec-9] org.hibernate.SQL                        : 
    select
        u1_0.id,
        u1_0.avatar_url,
        u1_0.email,
        u1_0.password,
        u1_0.username 
    from
        users u1_0 
    where
        u1_0.id=?
Hibernate: 
    select
        u1_0.id,
        u1_0.avatar_url,
        u1_0.email,
        u1_0.password,
        u1_0.username 
    from
        users u1_0 
    where
        u1_0.id=?
2026-05-08T16:02:36.932-07:00 DEBUG 19992 --- [nio-8080-exec-9] org.hibernate.SQL                        : 
    select
        u1_0.id,
        u1_0.avatar_url,
        u1_0.email,
        u1_0.password,
        u1_0.username 
    from
        users u1_0 
    where
        u1_0.id=?
Hibernate: 
    select
        u1_0.id,
        u1_0.avatar_url,
        u1_0.email,
        u1_0.password,
        u1_0.username 
    from
        users u1_0 
    where
        u1_0.id=?
2026-05-08T16:02:36.934-07:00 DEBUG 19992 --- [nio-8080-exec-9] o.s.w.s.m.m.a.HttpEntityMethodProcessor  : Using 'application/json', given [application/json, text/plain, */*] and supported [application/json, application/*+json]
2026-05-08T16:02:36.935-07:00 DEBUG 19992 --- [nio-8080-exec-9] o.s.w.s.m.m.a.HttpEntityMethodProcessor  : Writing [[MessageDto.Response(id=10, content=hello, sentAt=2026-05-08T15:58:57, senderId=1, senderUsername=jo (truncated)...]
2026-05-08T16:02:36.936-07:00 DEBUG 19992 --- [nio-8080-exec-9] o.s.web.servlet.DispatcherServlet        : Completed 200 OK
2026-05-08T16:02:40.913-07:00 DEBUG 19992 --- [nio-8080-exec-7] o.s.web.servlet.DispatcherServlet        : GET "/api/messages/conversation/1/5", parameters={}
2026-05-08T16:02:40.914-07:00 DEBUG 19992 --- [nio-8080-exec-7] s.w.s.m.m.a.RequestMappingHandlerMapping : Mapped to com.example.campconnect_backend.Controllers.MessageController#getConversation(Long, Long)
2026-05-08T16:02:40.917-07:00 DEBUG 19992 --- [nio-8080-exec-7] org.hibernate.SQL                        : 
    select
        m1_0.id,
        m1_0.content,
        m1_0.group_match_id,
        m1_0.is_read,
        m1_0.receiver_id,
        m1_0.sender_id,
        m1_0.sent_at 
    from
        messages m1_0 
    where
        (
            m1_0.sender_id=? 
            and m1_0.receiver_id=?
        ) 
        or (
            m1_0.sender_id=? 
            and m1_0.receiver_id=?
        ) 
    order by
        m1_0.sent_at
Hibernate: 
    select
        m1_0.id,
        m1_0.content,
        m1_0.group_match_id,
        m1_0.is_read,
        m1_0.receiver_id,
        m1_0.sender_id,
        m1_0.sent_at 
    from
        messages m1_0 
    where
        (
            m1_0.sender_id=? 
            and m1_0.receiver_id=?
        ) 
        or (
            m1_0.sender_id=? 
            and m1_0.receiver_id=?
        ) 
    order by
        m1_0.sent_at
2026-05-08T16:02:40.920-07:00 DEBUG 19992 --- [nio-8080-exec-7] org.hibernate.SQL                        : 
    select
        u1_0.id,
        u1_0.avatar_url,
        u1_0.email,
        u1_0.password,
        u1_0.username 
    from
        users u1_0 
    where
        u1_0.id=?
Hibernate: 
    select
        u1_0.id,
        u1_0.avatar_url,
        u1_0.email,
        u1_0.password,
        u1_0.username 
    from
        users u1_0 
    where
        u1_0.id=?
2026-05-08T16:02:40.923-07:00 DEBUG 19992 --- [nio-8080-exec-7] org.hibernate.SQL                        : 
    select
        u1_0.id,
        u1_0.avatar_url,
        u1_0.email,
        u1_0.password,
        u1_0.username 
    from
        users u1_0 
    where
        u1_0.id=?
Hibernate: 
    select
        u1_0.id,
        u1_0.avatar_url,
        u1_0.email,
        u1_0.password,
        u1_0.username 
    from
        users u1_0 
    where
        u1_0.id=?
2026-05-08T16:02:40.927-07:00 DEBUG 19992 --- [nio-8080-exec-7] o.s.w.s.m.m.a.HttpEntityMethodProcessor  : Using 'application/json', given [application/json, text/plain, */*] and supported [application/json, application/*+json]
2026-05-08T16:02:40.928-07:00 DEBUG 19992 --- [nio-8080-exec-7] o.s.w.s.m.m.a.HttpEntityMethodProcessor  : Writing [[MessageDto.Response(id=10, content=hello, sentAt=2026-05-08T15:58:57, senderId=1, senderUsername=jo (truncated)...]
2026-05-08T16:02:40.930-07:00 DEBUG 19992 --- [nio-8080-exec-7] o.s.web.servlet.DispatcherServlet        : Completed 200 OK
2026-05-08T16:02:44.918-07:00 DEBUG 19992 --- [nio-8080-exec-8] o.s.web.servlet.DispatcherServlet        : GET "/api/messages/conversation/1/5", parameters={}
2026-05-08T16:02:44.920-07:00 DEBUG 19992 --- [nio-8080-exec-8] s.w.s.m.m.a.RequestMappingHandlerMapping : Mapped to com.example.campconnect_backend.Controllers.MessageController#getConversation(Long, Long)
2026-05-08T16:02:44.923-07:00 DEBUG 19992 --- [nio-8080-exec-8] org.hibernate.SQL                        : 
    select
        m1_0.id,
        m1_0.content,
        m1_0.group_match_id,
        m1_0.is_read,
        m1_0.receiver_id,
        m1_0.sender_id,
        m1_0.sent_at 
    from
        messages m1_0 
    where
        (
            m1_0.sender_id=? 
            and m1_0.receiver_id=?
        ) 
        or (
            m1_0.sender_id=? 
            and m1_0.receiver_id=?
        ) 
    order by
        m1_0.sent_at
Hibernate: 
    select
        m1_0.id,
        m1_0.content,
        m1_0.group_match_id,
        m1_0.is_read,
        m1_0.receiver_id,
        m1_0.sender_id,
        m1_0.sent_at 
    from
        messages m1_0 
    where
        (
            m1_0.sender_id=? 
            and m1_0.receiver_id=?
        ) 
        or (
            m1_0.sender_id=? 
            and m1_0.receiver_id=?
        ) 
    order by
        m1_0.sent_at
2026-05-08T16:02:44.926-07:00 DEBUG 19992 --- [nio-8080-exec-8] org.hibernate.SQL                        : 
    select
        u1_0.id,
        u1_0.avatar_url,
        u1_0.email,
        u1_0.password,
        u1_0.username 
    from
        users u1_0 
    where
        u1_0.id=?
Hibernate: 
    select
        u1_0.id,
        u1_0.avatar_url,
        u1_0.email,
        u1_0.password,
        u1_0.username 
    from
        users u1_0 
    where
        u1_0.id=?
2026-05-08T16:02:44.930-07:00 DEBUG 19992 --- [nio-8080-exec-8] org.hibernate.SQL                        : 
    select
        u1_0.id,
        u1_0.avatar_url,
        u1_0.email,
        u1_0.password,
        u1_0.username 
    from
        users u1_0 
    where
        u1_0.id=?
Hibernate: 
    select
        u1_0.id,
        u1_0.avatar_url,
        u1_0.email,
        u1_0.password,
        u1_0.username 
    from
        users u1_0 
    where
        u1_0.id=?
2026-05-08T16:02:44.934-07:00 DEBUG 19992 --- [nio-8080-exec-8] o.s.w.s.m.m.a.HttpEntityMethodProcessor  : Using 'application/json', given [application/json, text/plain, */*] and supported [application/json, application/*+json]
2026-05-08T16:02:44.935-07:00 DEBUG 19992 --- [nio-8080-exec-8] o.s.w.s.m.m.a.HttpEntityMethodProcessor  : Writing [[MessageDto.Response(id=10, content=hello, sentAt=2026-05-08T15:58:57, senderId=1, senderUsername=jo (truncated)...]
2026-05-08T16:02:44.937-07:00 DEBUG 19992 --- [nio-8080-exec-8] o.s.web.servlet.DispatcherServlet        : Completed 200 OK
2026-05-08T16:03:44.918-07:00 DEBUG 19992 --- [nio-8080-exec-5] o.s.web.servlet.DispatcherServlet        : GET "/api/messages/conversation/1/5", parameters={}
2026-05-08T16:03:44.919-07:00 DEBUG 19992 --- [nio-8080-exec-5] s.w.s.m.m.a.RequestMappingHandlerMapping : Mapped to com.example.campconnect_backend.Controllers.MessageController#getConversation(Long, Long)
2026-05-08T16:03:44.921-07:00 DEBUG 19992 --- [nio-8080-exec-5] org.hibernate.SQL                        : 
    select
        m1_0.id,
        m1_0.content,
        m1_0.group_match_id,
        m1_0.is_read,
        m1_0.receiver_id,
        m1_0.sender_id,
        m1_0.sent_at 
    from
        messages m1_0 
    where
        (
            m1_0.sender_id=? 
            and m1_0.receiver_id=?
        ) 
        or (
            m1_0.sender_id=? 
            and m1_0.receiver_id=?
        ) 
    order by
        m1_0.sent_at
Hibernate: 
    select
        m1_0.id,
        m1_0.content,
        m1_0.group_match_id,
        m1_0.is_read,
        m1_0.receiver_id,
        m1_0.sender_id,
        m1_0.sent_at 
    from
        messages m1_0 
    where
        (
            m1_0.sender_id=? 
            and m1_0.receiver_id=?
        ) 
        or (
            m1_0.sender_id=? 
            and m1_0.receiver_id=?
        ) 
    order by
        m1_0.sent_at
2026-05-08T16:03:44.924-07:00 DEBUG 19992 --- [nio-8080-exec-5] org.hibernate.SQL                        : 
    select
        u1_0.id,
        u1_0.avatar_url,
        u1_0.email,
        u1_0.password,
        u1_0.username 
    from
        users u1_0 
    where
        u1_0.id=?
Hibernate: 
    select
        u1_0.id,
        u1_0.avatar_url,
        u1_0.email,
        u1_0.password,
        u1_0.username 
    from
        users u1_0 
    where
        u1_0.id=?
2026-05-08T16:03:44.927-07:00 DEBUG 19992 --- [nio-8080-exec-5] org.hibernate.SQL                        : 
    select
        u1_0.id,
        u1_0.avatar_url,
        u1_0.email,
        u1_0.password,
        u1_0.username 
    from
        users u1_0 
    where
        u1_0.id=?
Hibernate: 
    select
        u1_0.id,
        u1_0.avatar_url,
        u1_0.email,
        u1_0.password,
        u1_0.username 
    from
        users u1_0 
    where
        u1_0.id=?
2026-05-08T16:03:44.930-07:00 DEBUG 19992 --- [nio-8080-exec-5] o.s.w.s.m.m.a.HttpEntityMethodProcessor  : Using 'application/json', given [application/json, text/plain, */*] and supported [application/json, application/*+json]
2026-05-08T16:03:44.930-07:00 DEBUG 19992 --- [nio-8080-exec-5] o.s.w.s.m.m.a.HttpEntityMethodProcessor  : Writing [[MessageDto.Response(id=10, content=hello, sentAt=2026-05-08T15:58:57, senderId=1, senderUsername=jo (truncated)...]
2026-05-08T16:03:44.931-07:00 DEBUG 19992 --- [nio-8080-exec-5] o.s.web.servlet.DispatcherServlet        : Completed 200 OK
2026-05-08T16:04:44.915-07:00 DEBUG 19992 --- [io-8080-exec-10] o.s.web.servlet.DispatcherServlet        : GET "/api/messages/conversation/1/5", parameters={}
2026-05-08T16:04:44.916-07:00 DEBUG 19992 --- [io-8080-exec-10] s.w.s.m.m.a.RequestMappingHandlerMapping : Mapped to com.example.campconnect_backend.Controllers.MessageController#getConversation(Long, Long)
2026-05-08T16:04:44.919-07:00 DEBUG 19992 --- [io-8080-exec-10] org.hibernate.SQL                        : 
    select
        m1_0.id,
        m1_0.content,
        m1_0.group_match_id,
        m1_0.is_read,
        m1_0.receiver_id,
        m1_0.sender_id,
        m1_0.sent_at 
    from
        messages m1_0 
    where
        (
            m1_0.sender_id=? 
            and m1_0.receiver_id=?
        ) 
        or (
            m1_0.sender_id=? 
            and m1_0.receiver_id=?
        ) 
    order by
        m1_0.sent_at
Hibernate: 
    select
        m1_0.id,
        m1_0.content,
        m1_0.group_match_id,
        m1_0.is_read,
        m1_0.receiver_id,
        m1_0.sender_id,
        m1_0.sent_at 
    from
        messages m1_0 
    where
        (
            m1_0.sender_id=? 
            and m1_0.receiver_id=?
        ) 
        or (
            m1_0.sender_id=? 
            and m1_0.receiver_id=?
        ) 
    order by
        m1_0.sent_at
2026-05-08T16:04:44.922-07:00 DEBUG 19992 --- [io-8080-exec-10] org.hibernate.SQL                        : 
    select
        u1_0.id,
        u1_0.avatar_url,
        u1_0.email,
        u1_0.password,
        u1_0.username 
    from
        users u1_0 
    where
        u1_0.id=?
Hibernate: 
    select
        u1_0.id,
        u1_0.avatar_url,
        u1_0.email,
        u1_0.password,
        u1_0.username 
    from
        users u1_0 
    where
        u1_0.id=?
2026-05-08T16:04:44.924-07:00 DEBUG 19992 --- [io-8080-exec-10] org.hibernate.SQL                        : 
    select
        u1_0.id,
        u1_0.avatar_url,
        u1_0.email,
        u1_0.password,
        u1_0.username 
    from
        users u1_0 
    where
        u1_0.id=?
Hibernate: 
    select
        u1_0.id,
        u1_0.avatar_url,
        u1_0.email,
        u1_0.password,
        u1_0.username 
    from
        users u1_0 
    where
        u1_0.id=?
2026-05-08T16:04:44.927-07:00 DEBUG 19992 --- [io-8080-exec-10] o.s.w.s.m.m.a.HttpEntityMethodProcessor  : Using 'application/json', given [application/json, text/plain, */*] and supported [application/json, application/*+json]
2026-05-08T16:04:44.928-07:00 DEBUG 19992 --- [io-8080-exec-10] o.s.w.s.m.m.a.HttpEntityMethodProcessor  : Writing [[MessageDto.Response(id=10, content=hello, sentAt=2026-05-08T15:58:57, senderId=1, senderUsername=jo (truncated)...]
2026-05-08T16:04:44.929-07:00 DEBUG 19992 --- [io-8080-exec-10] o.s.web.servlet.DispatcherServlet        : Completed 200 OK
2026-05-08T16:05:44.927-07:00 DEBUG 19992 --- [nio-8080-exec-1] o.s.web.servlet.DispatcherServlet        : GET "/api/messages/conversation/1/5", parameters={}
2026-05-08T16:05:44.929-07:00 DEBUG 19992 --- [nio-8080-exec-1] s.w.s.m.m.a.RequestMappingHandlerMapping : Mapped to com.example.campconnect_backend.Controllers.MessageController#getConversation(Long, Long)
2026-05-08T16:05:44.933-07:00 DEBUG 19992 --- [nio-8080-exec-1] org.hibernate.SQL                        : 
    select
        m1_0.id,
        m1_0.content,
        m1_0.group_match_id,
        m1_0.is_read,
        m1_0.receiver_id,
        m1_0.sender_id,
        m1_0.sent_at 
    from
        messages m1_0 
    where
        (
            m1_0.sender_id=? 
            and m1_0.receiver_id=?
        ) 
        or (
            m1_0.sender_id=? 
            and m1_0.receiver_id=?
        ) 
    order by
        m1_0.sent_at
Hibernate: 
    select
        m1_0.id,
        m1_0.content,
        m1_0.group_match_id,
        m1_0.is_read,
        m1_0.receiver_id,
        m1_0.sender_id,
        m1_0.sent_at 
    from
        messages m1_0 
    where
        (
            m1_0.sender_id=? 
            and m1_0.receiver_id=?
        ) 
        or (
            m1_0.sender_id=? 
            and m1_0.receiver_id=?
        ) 
    order by
        m1_0.sent_at
2026-05-08T16:05:44.938-07:00 DEBUG 19992 --- [nio-8080-exec-1] org.hibernate.SQL                        : 
    select
        u1_0.id,
        u1_0.avatar_url,
        u1_0.email,
        u1_0.password,
        u1_0.username 
    from
        users u1_0 
    where
        u1_0.id=?
Hibernate: 
    select
        u1_0.id,
        u1_0.avatar_url,
        u1_0.email,
        u1_0.password,
        u1_0.username 
    from
        users u1_0 
    where
        u1_0.id=?
2026-05-08T16:05:44.941-07:00 DEBUG 19992 --- [nio-8080-exec-1] org.hibernate.SQL                        : 
    select
        u1_0.id,
        u1_0.avatar_url,
        u1_0.email,
        u1_0.password,
        u1_0.username 
    from
        users u1_0 
    where
        u1_0.id=?
Hibernate: 
    select
        u1_0.id,
        u1_0.avatar_url,
        u1_0.email,
        u1_0.password,
        u1_0.username 
    from
        users u1_0 
    where
        u1_0.id=?
2026-05-08T16:05:44.944-07:00 DEBUG 19992 --- [nio-8080-exec-1] o.s.w.s.m.m.a.HttpEntityMethodProcessor  : Using 'application/json', given [application/json, text/plain, */*] and supported [application/json, application/*+json]
2026-05-08T16:05:44.946-07:00 DEBUG 19992 --- [nio-8080-exec-1] o.s.w.s.m.m.a.HttpEntityMethodProcessor  : Writing [[MessageDto.Response(id=10, content=hello, sentAt=2026-05-08T15:58:57, senderId=1, senderUsername=jo (truncated)...]
2026-05-08T16:05:44.947-07:00 DEBUG 19992 --- [nio-8080-exec-1] o.s.web.servlet.DispatcherServlet        : Completed 200 OK
2026-05-08T16:06:38.555-07:00 DEBUG 19992 --- [nio-8080-exec-3] o.s.web.servlet.DispatcherServlet        : GET "/api/messages/conversation/1/5", parameters={}
2026-05-08T16:06:38.573-07:00 DEBUG 19992 --- [nio-8080-exec-3] s.w.s.m.m.a.RequestMappingHandlerMapping : Mapped to com.example.campconnect_backend.Controllers.MessageController#getConversation(Long, Long)
2026-05-08T16:06:38.584-07:00 DEBUG 19992 --- [nio-8080-exec-3] org.hibernate.SQL                        : 
    select
        m1_0.id,
        m1_0.content,
        m1_0.group_match_id,
        m1_0.is_read,
        m1_0.receiver_id,
        m1_0.sender_id,
        m1_0.sent_at 
    from
        messages m1_0 
    where
        (
            m1_0.sender_id=? 
            and m1_0.receiver_id=?
        ) 
        or (
            m1_0.sender_id=? 
            and m1_0.receiver_id=?
        ) 
    order by
        m1_0.sent_at
Hibernate: 
    select
        m1_0.id,
        m1_0.content,
        m1_0.group_match_id,
        m1_0.is_read,
        m1_0.receiver_id,
        m1_0.sender_id,
        m1_0.sent_at 
    from
        messages m1_0 
    where
        (
            m1_0.sender_id=? 
            and m1_0.receiver_id=?
        ) 
        or (
            m1_0.sender_id=? 
            and m1_0.receiver_id=?
        ) 
    order by
        m1_0.sent_at
2026-05-08T16:06:38.598-07:00 DEBUG 19992 --- [nio-8080-exec-3] org.hibernate.SQL                        : 
    select
        u1_0.id,
        u1_0.avatar_url,
        u1_0.email,
        u1_0.password,
        u1_0.username 
    from
        users u1_0 
    where
        u1_0.id=?
Hibernate: 
    select
        u1_0.id,
        u1_0.avatar_url,
        u1_0.email,
        u1_0.password,
        u1_0.username 
    from
        users u1_0 
    where
        u1_0.id=?
2026-05-08T16:06:38.607-07:00 DEBUG 19992 --- [nio-8080-exec-3] org.hibernate.SQL                        : 
    select
        u1_0.id,
        u1_0.avatar_url,
        u1_0.email,
        u1_0.password,
        u1_0.username 
    from
        users u1_0 
    where
        u1_0.id=?
Hibernate: 
    select
        u1_0.id,
        u1_0.avatar_url,
        u1_0.email,
        u1_0.password,
        u1_0.username 
    from
        users u1_0 
    where
        u1_0.id=?
2026-05-08T16:06:38.620-07:00 DEBUG 19992 --- [nio-8080-exec-3] o.s.w.s.m.m.a.HttpEntityMethodProcessor  : Using 'application/json', given [application/json, text/plain, */*] and supported [application/json, application/*+json]
2026-05-08T16:06:38.623-07:00 DEBUG 19992 --- [nio-8080-exec-3] o.s.w.s.m.m.a.HttpEntityMethodProcessor  : Writing [[MessageDto.Response(id=10, content=hello, sentAt=2026-05-08T15:58:57, senderId=1, senderUsername=jo (truncated)...]
2026-05-08T16:06:38.624-07:00 DEBUG 19992 --- [nio-8080-exec-3] o.s.web.servlet.DispatcherServlet        : Completed 200 OK
2026-05-08T16:06:40.917-07:00 DEBUG 19992 --- [nio-8080-exec-2] o.s.web.servlet.DispatcherServlet        : GET "/api/messages/conversation/1/5", parameters={}
2026-05-08T16:06:40.918-07:00 DEBUG 19992 --- [nio-8080-exec-2] s.w.s.m.m.a.RequestMappingHandlerMapping : Mapped to com.example.campconnect_backend.Controllers.MessageController#getConversation(Long, Long)
2026-05-08T16:06:40.920-07:00 DEBUG 19992 --- [nio-8080-exec-2] org.hibernate.SQL                        : 
    select
        m1_0.id,
        m1_0.content,
        m1_0.group_match_id,
        m1_0.is_read,
        m1_0.receiver_id,
        m1_0.sender_id,
        m1_0.sent_at 
    from
        messages m1_0 
    where
        (
            m1_0.sender_id=? 
            and m1_0.receiver_id=?
        ) 
        or (
            m1_0.sender_id=? 
            and m1_0.receiver_id=?
        ) 
    order by
        m1_0.sent_at
Hibernate: 
    select
        m1_0.id,
        m1_0.content,
        m1_0.group_match_id,
        m1_0.is_read,
        m1_0.receiver_id,
        m1_0.sender_id,
        m1_0.sent_at 
    from
        messages m1_0 
    where
        (
            m1_0.sender_id=? 
            and m1_0.receiver_id=?
        ) 
        or (
            m1_0.sender_id=? 
            and m1_0.receiver_id=?
        ) 
    order by
        m1_0.sent_at
2026-05-08T16:06:40.923-07:00 DEBUG 19992 --- [nio-8080-exec-2] org.hibernate.SQL                        : 
    select
        u1_0.id,
        u1_0.avatar_url,
        u1_0.email,
        u1_0.password,
        u1_0.username 
    from
        users u1_0 
    where
        u1_0.id=?
Hibernate: 
    select
        u1_0.id,
        u1_0.avatar_url,
        u1_0.email,
        u1_0.password,
        u1_0.username 
    from
        users u1_0 
    where
        u1_0.id=?
2026-05-08T16:06:40.926-07:00 DEBUG 19992 --- [nio-8080-exec-2] org.hibernate.SQL                        : 
    select
        u1_0.id,
        u1_0.avatar_url,
        u1_0.email,
        u1_0.password,
        u1_0.username 
    from
        users u1_0 
    where
        u1_0.id=?
Hibernate: 
    select
        u1_0.id,
        u1_0.avatar_url,
        u1_0.email,
        u1_0.password,
        u1_0.username 
    from
        users u1_0 
    where
        u1_0.id=?
2026-05-08T16:06:40.928-07:00 DEBUG 19992 --- [nio-8080-exec-2] o.s.w.s.m.m.a.HttpEntityMethodProcessor  : Using 'application/json', given [application/json, text/plain, */*] and supported [application/json, application/*+json]
2026-05-08T16:06:40.929-07:00 DEBUG 19992 --- [nio-8080-exec-2] o.s.w.s.m.m.a.HttpEntityMethodProcessor  : Writing [[MessageDto.Response(id=10, content=hello, sentAt=2026-05-08T15:58:57, senderId=1, senderUsername=jo (truncated)...]
2026-05-08T16:06:40.930-07:00 DEBUG 19992 --- [nio-8080-exec-2] o.s.web.servlet.DispatcherServlet        : Completed 200 OK
2026-05-08T16:06:44.912-07:00 DEBUG 19992 --- [nio-8080-exec-6] o.s.web.servlet.DispatcherServlet        : GET "/api/messages/conversation/1/5", parameters={}
2026-05-08T16:06:44.913-07:00 DEBUG 19992 --- [nio-8080-exec-6] s.w.s.m.m.a.RequestMappingHandlerMapping : Mapped to com.example.campconnect_backend.Controllers.MessageController#getConversation(Long, Long)
2026-05-08T16:06:44.928-07:00 DEBUG 19992 --- [nio-8080-exec-6] org.hibernate.SQL                        : 
    select
        m1_0.id,
        m1_0.content,
        m1_0.group_match_id,
        m1_0.is_read,
        m1_0.receiver_id,
        m1_0.sender_id,
        m1_0.sent_at 
    from
        messages m1_0 
    where
        (
            m1_0.sender_id=? 
            and m1_0.receiver_id=?
        ) 
        or (
            m1_0.sender_id=? 
            and m1_0.receiver_id=?
        ) 
    order by
        m1_0.sent_at
Hibernate: 
    select
        m1_0.id,
        m1_0.content,
        m1_0.group_match_id,
        m1_0.is_read,
        m1_0.receiver_id,
        m1_0.sender_id,
        m1_0.sent_at 
    from
        messages m1_0 
    where
        (
            m1_0.sender_id=? 
            and m1_0.receiver_id=?
        ) 
        or (
            m1_0.sender_id=? 
            and m1_0.receiver_id=?
        ) 
    order by
        m1_0.sent_at
2026-05-08T16:06:44.931-07:00 DEBUG 19992 --- [nio-8080-exec-6] org.hibernate.SQL                        : 
    select
        u1_0.id,
        u1_0.avatar_url,
        u1_0.email,
        u1_0.password,
        u1_0.username 
    from
        users u1_0 
    where
        u1_0.id=?
Hibernate: 
    select
        u1_0.id,
        u1_0.avatar_url,
        u1_0.email,
        u1_0.password,
        u1_0.username 
    from
        users u1_0 
    where
        u1_0.id=?
2026-05-08T16:06:44.933-07:00 DEBUG 19992 --- [nio-8080-exec-6] org.hibernate.SQL                        : 
    select
        u1_0.id,
        u1_0.avatar_url,
        u1_0.email,
        u1_0.password,
        u1_0.username 
    from
        users u1_0 
    where
        u1_0.id=?
Hibernate: 
    select
        u1_0.id,
        u1_0.avatar_url,
        u1_0.email,
        u1_0.password,
        u1_0.username 
    from
        users u1_0 
    where
        u1_0.id=?
2026-05-08T16:06:44.935-07:00 DEBUG 19992 --- [nio-8080-exec-6] o.s.w.s.m.m.a.HttpEntityMethodProcessor  : Using 'application/json', given [application/json, text/plain, */*] and supported [application/json, application/*+json]
2026-05-08T16:06:44.936-07:00 DEBUG 19992 --- [nio-8080-exec-6] o.s.w.s.m.m.a.HttpEntityMethodProcessor  : Writing [[MessageDto.Response(id=10, content=hello, sentAt=2026-05-08T15:58:57, senderId=1, senderUsername=jo (truncated)...]
2026-05-08T16:06:44.938-07:00 DEBUG 19992 --- [nio-8080-exec-6] o.s.web.servlet.DispatcherServlet        : Completed 200 OK
2026-05-08T16:06:48.936-07:00 DEBUG 19992 --- [nio-8080-exec-4] o.s.web.servlet.DispatcherServlet        : GET "/api/messages/conversation/1/5", parameters={}
2026-05-08T16:06:48.939-07:00 DEBUG 19992 --- [nio-8080-exec-4] s.w.s.m.m.a.RequestMappingHandlerMapping : Mapped to com.example.campconnect_backend.Controllers.MessageController#getConversation(Long, Long)
2026-05-08T16:06:48.942-07:00 DEBUG 19992 --- [nio-8080-exec-4] org.hibernate.SQL                        : 
    select
        m1_0.id,
        m1_0.content,
        m1_0.group_match_id,
        m1_0.is_read,
        m1_0.receiver_id,
        m1_0.sender_id,
        m1_0.sent_at 
    from
        messages m1_0 
    where
        (
            m1_0.sender_id=? 
            and m1_0.receiver_id=?
        ) 
        or (
            m1_0.sender_id=? 
            and m1_0.receiver_id=?
        ) 
    order by
        m1_0.sent_at
Hibernate: 
    select
        m1_0.id,
        m1_0.content,
        m1_0.group_match_id,
        m1_0.is_read,
        m1_0.receiver_id,
        m1_0.sender_id,
        m1_0.sent_at 
    from
        messages m1_0 
    where
        (
            m1_0.sender_id=? 
            and m1_0.receiver_id=?
        ) 
        or (
            m1_0.sender_id=? 
            and m1_0.receiver_id=?
        ) 
    order by
        m1_0.sent_at
2026-05-08T16:06:48.946-07:00 DEBUG 19992 --- [nio-8080-exec-4] org.hibernate.SQL                        : 
    select
        u1_0.id,
        u1_0.avatar_url,
        u1_0.email,
        u1_0.password,
        u1_0.username 
    from
        users u1_0 
    where
        u1_0.id=?
Hibernate: 
    select
        u1_0.id,
        u1_0.avatar_url,
        u1_0.email,
        u1_0.password,
        u1_0.username 
    from
        users u1_0 
    where
        u1_0.id=?
2026-05-08T16:06:48.947-07:00 DEBUG 19992 --- [nio-8080-exec-4] org.hibernate.SQL                        : 
    select
        u1_0.id,
        u1_0.avatar_url,
        u1_0.email,
        u1_0.password,
        u1_0.username 
    from
        users u1_0 
    where
        u1_0.id=?
Hibernate: 
    select
        u1_0.id,
        u1_0.avatar_url,
        u1_0.email,
        u1_0.password,
        u1_0.username 
    from
        users u1_0 
    where
        u1_0.id=?
2026-05-08T16:06:48.950-07:00 DEBUG 19992 --- [nio-8080-exec-4] o.s.w.s.m.m.a.HttpEntityMethodProcessor  : Using 'application/json', given [application/json, text/plain, */*] and supported [application/json, application/*+json]
2026-05-08T16:06:48.952-07:00 DEBUG 19992 --- [nio-8080-exec-4] o.s.w.s.m.m.a.HttpEntityMethodProcessor  : Writing [[MessageDto.Response(id=10, content=hello, sentAt=2026-05-08T15:58:57, senderId=1, senderUsername=jo (truncated)...]
2026-05-08T16:06:48.955-07:00 DEBUG 19992 --- [nio-8080-exec-4] o.s.web.servlet.DispatcherServlet        : Completed 200 OK
2026-05-08T16:06:52.910-07:00 DEBUG 19992 --- [nio-8080-exec-9] o.s.web.servlet.DispatcherServlet        : GET "/api/messages/conversation/1/5", parameters={}
2026-05-08T16:06:52.911-07:00 DEBUG 19992 --- [nio-8080-exec-9] s.w.s.m.m.a.RequestMappingHandlerMapping : Mapped to com.example.campconnect_backend.Controllers.MessageController#getConversation(Long, Long)
2026-05-08T16:06:52.916-07:00 DEBUG 19992 --- [nio-8080-exec-9] org.hibernate.SQL                        : 
    select
        m1_0.id,
        m1_0.content,
        m1_0.group_match_id,
        m1_0.is_read,
        m1_0.receiver_id,
        m1_0.sender_id,
        m1_0.sent_at 
    from
        messages m1_0 
    where
        (
            m1_0.sender_id=? 
            and m1_0.receiver_id=?
        ) 
        or (
            m1_0.sender_id=? 
            and m1_0.receiver_id=?
        ) 
    order by
        m1_0.sent_at
Hibernate: 
    select
        m1_0.id,
        m1_0.content,
        m1_0.group_match_id,
        m1_0.is_read,
        m1_0.receiver_id,
        m1_0.sender_id,
        m1_0.sent_at 
    from
        messages m1_0 
    where
        (
            m1_0.sender_id=? 
            and m1_0.receiver_id=?
        ) 
        or (
            m1_0.sender_id=? 
            and m1_0.receiver_id=?
        ) 
    order by
        m1_0.sent_at
2026-05-08T16:06:52.920-07:00 DEBUG 19992 --- [nio-8080-exec-9] org.hibernate.SQL                        : 
    select
        u1_0.id,
        u1_0.avatar_url,
        u1_0.email,
        u1_0.password,
        u1_0.username 
    from
        users u1_0 
    where
        u1_0.id=?
Hibernate: 
    select
        u1_0.id,
        u1_0.avatar_url,
        u1_0.email,
        u1_0.password,
        u1_0.username 
    from
        users u1_0 
    where
        u1_0.id=?
2026-05-08T16:06:52.923-07:00 DEBUG 19992 --- [nio-8080-exec-9] org.hibernate.SQL                        : 
    select
        u1_0.id,
        u1_0.avatar_url,
        u1_0.email,
        u1_0.password,
        u1_0.username 
    from
        users u1_0 
    where
        u1_0.id=?
Hibernate: 
    select
        u1_0.id,
        u1_0.avatar_url,
        u1_0.email,
        u1_0.password,
        u1_0.username 
    from
        users u1_0 
    where
        u1_0.id=?
2026-05-08T16:06:52.927-07:00 DEBUG 19992 --- [nio-8080-exec-9] o.s.w.s.m.m.a.HttpEntityMethodProcessor  : Using 'application/json', given [application/json, text/plain, */*] and supported [application/json, application/*+json]
2026-05-08T16:06:52.927-07:00 DEBUG 19992 --- [nio-8080-exec-9] o.s.w.s.m.m.a.HttpEntityMethodProcessor  : Writing [[MessageDto.Response(id=10, content=hello, sentAt=2026-05-08T15:58:57, senderId=1, senderUsername=jo (truncated)...]
2026-05-08T16:06:52.929-07:00 DEBUG 19992 --- [nio-8080-exec-9] o.s.web.servlet.DispatcherServlet        : Completed 200 OK
2026-05-08T16:06:56.914-07:00 DEBUG 19992 --- [nio-8080-exec-7] o.s.web.servlet.DispatcherServlet        : GET "/api/messages/conversation/1/5", parameters={}
2026-05-08T16:06:56.916-07:00 DEBUG 19992 --- [nio-8080-exec-7] s.w.s.m.m.a.RequestMappingHandlerMapping : Mapped to com.example.campconnect_backend.Controllers.MessageController#getConversation(Long, Long)
2026-05-08T16:06:56.918-07:00 DEBUG 19992 --- [nio-8080-exec-7] org.hibernate.SQL                        : 
    select
        m1_0.id,
        m1_0.content,
        m1_0.group_match_id,
        m1_0.is_read,
        m1_0.receiver_id,
        m1_0.sender_id,
        m1_0.sent_at 
    from
        messages m1_0 
    where
        (
            m1_0.sender_id=? 
            and m1_0.receiver_id=?
        ) 
        or (
            m1_0.sender_id=? 
            and m1_0.receiver_id=?
        ) 
    order by
        m1_0.sent_at
Hibernate: 
    select
        m1_0.id,
        m1_0.content,
        m1_0.group_match_id,
        m1_0.is_read,
        m1_0.receiver_id,
        m1_0.sender_id,
        m1_0.sent_at 
    from
        messages m1_0 
    where
        (
            m1_0.sender_id=? 
            and m1_0.receiver_id=?
        ) 
        or (
            m1_0.sender_id=? 
            and m1_0.receiver_id=?
        ) 
    order by
        m1_0.sent_at
2026-05-08T16:06:56.922-07:00 DEBUG 19992 --- [nio-8080-exec-7] org.hibernate.SQL                        : 
    select
        u1_0.id,
        u1_0.avatar_url,
        u1_0.email,
        u1_0.password,
        u1_0.username 
    from
        users u1_0 
    where
        u1_0.id=?
Hibernate: 
    select
        u1_0.id,
        u1_0.avatar_url,
        u1_0.email,
        u1_0.password,
        u1_0.username 
    from
        users u1_0 
    where
        u1_0.id=?
2026-05-08T16:06:56.924-07:00 DEBUG 19992 --- [nio-8080-exec-7] org.hibernate.SQL                        : 
    select
        u1_0.id,
        u1_0.avatar_url,
        u1_0.email,
        u1_0.password,
        u1_0.username 
    from
        users u1_0 
    where
        u1_0.id=?
Hibernate: 
    select
        u1_0.id,
        u1_0.avatar_url,
        u1_0.email,
        u1_0.password,
        u1_0.username 
    from
        users u1_0 
    where
        u1_0.id=?
2026-05-08T16:06:56.927-07:00 DEBUG 19992 --- [nio-8080-exec-7] o.s.w.s.m.m.a.HttpEntityMethodProcessor  : Using 'application/json', given [application/json, text/plain, */*] and supported [application/json, application/*+json]
2026-05-08T16:06:56.928-07:00 DEBUG 19992 --- [nio-8080-exec-7] o.s.w.s.m.m.a.HttpEntityMethodProcessor  : Writing [[MessageDto.Response(id=10, content=hello, sentAt=2026-05-08T15:58:57, senderId=1, senderUsername=jo (truncated)...]
2026-05-08T16:06:56.929-07:00 DEBUG 19992 --- [nio-8080-exec-7] o.s.web.servlet.DispatcherServlet        : Completed 200 OK
2026-05-08T16:07:00.928-07:00 DEBUG 19992 --- [nio-8080-exec-8] o.s.web.servlet.DispatcherServlet        : GET "/api/messages/conversation/1/5", parameters={}
2026-05-08T16:07:00.929-07:00 DEBUG 19992 --- [nio-8080-exec-8] s.w.s.m.m.a.RequestMappingHandlerMapping : Mapped to com.example.campconnect_backend.Controllers.MessageController#getConversation(Long, Long)
2026-05-08T16:07:00.931-07:00 DEBUG 19992 --- [nio-8080-exec-8] org.hibernate.SQL                        : 
    select
        m1_0.id,
        m1_0.content,
        m1_0.group_match_id,
        m1_0.is_read,
        m1_0.receiver_id,
        m1_0.sender_id,
        m1_0.sent_at 
    from
        messages m1_0 
    where
        (
            m1_0.sender_id=? 
            and m1_0.receiver_id=?
        ) 
        or (
            m1_0.sender_id=? 
            and m1_0.receiver_id=?
        ) 
    order by
        m1_0.sent_at
Hibernate: 
    select
        m1_0.id,
        m1_0.content,
        m1_0.group_match_id,
        m1_0.is_read,
        m1_0.receiver_id,
        m1_0.sender_id,
        m1_0.sent_at 
    from
        messages m1_0 
    where
        (
            m1_0.sender_id=? 
            and m1_0.receiver_id=?
        ) 
        or (
            m1_0.sender_id=? 
            and m1_0.receiver_id=?
        ) 
    order by
        m1_0.sent_at
2026-05-08T16:07:00.934-07:00 DEBUG 19992 --- [nio-8080-exec-8] org.hibernate.SQL                        : 
    select
        u1_0.id,
        u1_0.avatar_url,
        u1_0.email,
        u1_0.password,
        u1_0.username 
    from
        users u1_0 
    where
        u1_0.id=?
Hibernate: 
    select
        u1_0.id,
        u1_0.avatar_url,
        u1_0.email,
        u1_0.password,
        u1_0.username 
    from
        users u1_0 
    where
        u1_0.id=?
2026-05-08T16:07:00.936-07:00 DEBUG 19992 --- [nio-8080-exec-8] org.hibernate.SQL                        : 
    select
        u1_0.id,
        u1_0.avatar_url,
        u1_0.email,
        u1_0.password,
        u1_0.username 
    from
        users u1_0 
    where
        u1_0.id=?
Hibernate: 
    select
        u1_0.id,
        u1_0.avatar_url,
        u1_0.email,
        u1_0.password,
        u1_0.username 
    from
        users u1_0 
    where
        u1_0.id=?
2026-05-08T16:07:00.939-07:00 DEBUG 19992 --- [nio-8080-exec-8] o.s.w.s.m.m.a.HttpEntityMethodProcessor  : Using 'application/json', given [application/json, text/plain, */*] and supported [application/json, application/*+json]
2026-05-08T16:07:00.940-07:00 DEBUG 19992 --- [nio-8080-exec-8] o.s.w.s.m.m.a.HttpEntityMethodProcessor  : Writing [[MessageDto.Response(id=10, content=hello, sentAt=2026-05-08T15:58:57, senderId=1, senderUsername=jo (truncated)...]
2026-05-08T16:07:00.941-07:00 DEBUG 19992 --- [nio-8080-exec-8] o.s.web.servlet.DispatcherServlet        : Completed 200 OK
2026-05-08T16:07:04.918-07:00 DEBUG 19992 --- [nio-8080-exec-5] o.s.web.servlet.DispatcherServlet        : GET "/api/messages/conversation/1/5", parameters={}
2026-05-08T16:07:04.919-07:00 DEBUG 19992 --- [nio-8080-exec-5] s.w.s.m.m.a.RequestMappingHandlerMapping : Mapped to com.example.campconnect_backend.Controllers.MessageController#getConversation(Long, Long)
2026-05-08T16:07:04.922-07:00 DEBUG 19992 --- [nio-8080-exec-5] org.hibernate.SQL                        : 
    select
        m1_0.id,
        m1_0.content,
        m1_0.group_match_id,
        m1_0.is_read,
        m1_0.receiver_id,
        m1_0.sender_id,
        m1_0.sent_at 
    from
        messages m1_0 
    where
        (
            m1_0.sender_id=? 
            and m1_0.receiver_id=?
        ) 
        or (
            m1_0.sender_id=? 
            and m1_0.receiver_id=?
        ) 
    order by
        m1_0.sent_at
Hibernate: 
    select
        m1_0.id,
        m1_0.content,
        m1_0.group_match_id,
        m1_0.is_read,
        m1_0.receiver_id,
        m1_0.sender_id,
        m1_0.sent_at 
    from
        messages m1_0 
    where
        (
            m1_0.sender_id=? 
            and m1_0.receiver_id=?
        ) 
        or (
            m1_0.sender_id=? 
            and m1_0.receiver_id=?
        ) 
    order by
        m1_0.sent_at
2026-05-08T16:07:04.925-07:00 DEBUG 19992 --- [nio-8080-exec-5] org.hibernate.SQL                        : 
    select
        u1_0.id,
        u1_0.avatar_url,
        u1_0.email,
        u1_0.password,
        u1_0.username 
    from
        users u1_0 
    where
        u1_0.id=?
Hibernate: 
    select
        u1_0.id,
        u1_0.avatar_url,
        u1_0.email,
        u1_0.password,
        u1_0.username 
    from
        users u1_0 
    where
        u1_0.id=?
2026-05-08T16:07:04.931-07:00 DEBUG 19992 --- [nio-8080-exec-5] org.hibernate.SQL                        : 
    select
        u1_0.id,
        u1_0.avatar_url,
        u1_0.email,
        u1_0.password,
        u1_0.username 
    from
        users u1_0 
    where
        u1_0.id=?
Hibernate: 
    select
        u1_0.id,
        u1_0.avatar_url,
        u1_0.email,
        u1_0.password,
        u1_0.username 
    from
        users u1_0 
    where
        u1_0.id=?
2026-05-08T16:07:04.934-07:00 DEBUG 19992 --- [nio-8080-exec-5] o.s.w.s.m.m.a.HttpEntityMethodProcessor  : Using 'application/json', given [application/json, text/plain, */*] and supported [application/json, application/*+json]
2026-05-08T16:07:04.934-07:00 DEBUG 19992 --- [nio-8080-exec-5] o.s.w.s.m.m.a.HttpEntityMethodProcessor  : Writing [[MessageDto.Response(id=10, content=hello, sentAt=2026-05-08T15:58:57, senderId=1, senderUsername=jo (truncated)...]
2026-05-08T16:07:04.936-07:00 DEBUG 19992 --- [nio-8080-exec-5] o.s.web.servlet.DispatcherServlet        : Completed 200 OK
2026-05-08T16:07:08.918-07:00 DEBUG 19992 --- [io-8080-exec-10] o.s.web.servlet.DispatcherServlet        : GET "/api/messages/conversation/1/5", parameters={}
2026-05-08T16:07:08.920-07:00 DEBUG 19992 --- [io-8080-exec-10] s.w.s.m.m.a.RequestMappingHandlerMapping : Mapped to com.example.campconnect_backend.Controllers.MessageController#getConversation(Long, Long)
2026-05-08T16:07:08.924-07:00 DEBUG 19992 --- [io-8080-exec-10] org.hibernate.SQL                        : 
    select
        m1_0.id,
        m1_0.content,
        m1_0.group_match_id,
        m1_0.is_read,
        m1_0.receiver_id,
        m1_0.sender_id,
        m1_0.sent_at 
    from
        messages m1_0 
    where
        (
            m1_0.sender_id=? 
            and m1_0.receiver_id=?
        ) 
        or (
            m1_0.sender_id=? 
            and m1_0.receiver_id=?
        ) 
    order by
        m1_0.sent_at
Hibernate: 
    select
        m1_0.id,
        m1_0.content,
        m1_0.group_match_id,
        m1_0.is_read,
        m1_0.receiver_id,
        m1_0.sender_id,
        m1_0.sent_at 
    from
        messages m1_0 
    where
        (
            m1_0.sender_id=? 
            and m1_0.receiver_id=?
        ) 
        or (
            m1_0.sender_id=? 
            and m1_0.receiver_id=?
        ) 
    order by
        m1_0.sent_at
2026-05-08T16:07:08.929-07:00 DEBUG 19992 --- [io-8080-exec-10] org.hibernate.SQL                        : 
    select
        u1_0.id,
        u1_0.avatar_url,
        u1_0.email,
        u1_0.password,
        u1_0.username 
    from
        users u1_0 
    where
        u1_0.id=?
Hibernate: 
    select
        u1_0.id,
        u1_0.avatar_url,
        u1_0.email,
        u1_0.password,
        u1_0.username 
    from
        users u1_0 
    where
        u1_0.id=?
2026-05-08T16:07:08.931-07:00 DEBUG 19992 --- [io-8080-exec-10] org.hibernate.SQL                        : 
    select
        u1_0.id,
        u1_0.avatar_url,
        u1_0.email,
        u1_0.password,
        u1_0.username 
    from
        users u1_0 
    where
        u1_0.id=?
Hibernate: 
    select
        u1_0.id,
        u1_0.avatar_url,
        u1_0.email,
        u1_0.password,
        u1_0.username 
    from
        users u1_0 
    where
        u1_0.id=?
2026-05-08T16:07:08.934-07:00 DEBUG 19992 --- [io-8080-exec-10] o.s.w.s.m.m.a.HttpEntityMethodProcessor  : Using 'application/json', given [application/json, text/plain, */*] and supported [application/json, application/*+json]
2026-05-08T16:07:08.935-07:00 DEBUG 19992 --- [io-8080-exec-10] o.s.w.s.m.m.a.HttpEntityMethodProcessor  : Writing [[MessageDto.Response(id=10, content=hello, sentAt=2026-05-08T15:58:57, senderId=1, senderUsername=jo (truncated)...]
2026-05-08T16:07:08.936-07:00 DEBUG 19992 --- [io-8080-exec-10] o.s.web.servlet.DispatcherServlet        : Completed 200 OK
2026-05-08T16:07:12.926-07:00 DEBUG 19992 --- [nio-8080-exec-1] o.s.web.servlet.DispatcherServlet        : GET "/api/messages/conversation/1/5", parameters={}
2026-05-08T16:07:12.928-07:00 DEBUG 19992 --- [nio-8080-exec-1] s.w.s.m.m.a.RequestMappingHandlerMapping : Mapped to com.example.campconnect_backend.Controllers.MessageController#getConversation(Long, Long)
2026-05-08T16:07:12.932-07:00 DEBUG 19992 --- [nio-8080-exec-1] org.hibernate.SQL                        : 
    select
        m1_0.id,
        m1_0.content,
        m1_0.group_match_id,
        m1_0.is_read,
        m1_0.receiver_id,
        m1_0.sender_id,
        m1_0.sent_at 
    from
        messages m1_0 
    where
        (
            m1_0.sender_id=? 
            and m1_0.receiver_id=?
        ) 
        or (
            m1_0.sender_id=? 
            and m1_0.receiver_id=?
        ) 
    order by
        m1_0.sent_at
Hibernate: 
    select
        m1_0.id,
        m1_0.content,
        m1_0.group_match_id,
        m1_0.is_read,
        m1_0.receiver_id,
        m1_0.sender_id,
        m1_0.sent_at 
    from
        messages m1_0 
    where
        (
            m1_0.sender_id=? 
            and m1_0.receiver_id=?
        ) 
        or (
            m1_0.sender_id=? 
            and m1_0.receiver_id=?
        ) 
    order by
        m1_0.sent_at
2026-05-08T16:07:12.937-07:00 DEBUG 19992 --- [nio-8080-exec-1] org.hibernate.SQL                        : 
    select
        u1_0.id,
        u1_0.avatar_url,
        u1_0.email,
        u1_0.password,
        u1_0.username 
    from
        users u1_0 
    where
        u1_0.id=?
Hibernate: 
    select
        u1_0.id,
        u1_0.avatar_url,
        u1_0.email,
        u1_0.password,
        u1_0.username 
    from
        users u1_0 
    where
        u1_0.id=?
2026-05-08T16:07:12.940-07:00 DEBUG 19992 --- [nio-8080-exec-1] org.hibernate.SQL                        : 
    select
        u1_0.id,
        u1_0.avatar_url,
        u1_0.email,
        u1_0.password,
        u1_0.username 
    from
        users u1_0 
    where
        u1_0.id=?
Hibernate: 
    select
        u1_0.id,
        u1_0.avatar_url,
        u1_0.email,
        u1_0.password,
        u1_0.username 
    from
        users u1_0 
    where
        u1_0.id=?
2026-05-08T16:07:12.944-07:00 DEBUG 19992 --- [nio-8080-exec-1] o.s.w.s.m.m.a.HttpEntityMethodProcessor  : Using 'application/json', given [application/json, text/plain, */*] and supported [application/json, application/*+json]
2026-05-08T16:07:12.945-07:00 DEBUG 19992 --- [nio-8080-exec-1] o.s.w.s.m.m.a.HttpEntityMethodProcessor  : Writing [[MessageDto.Response(id=10, content=hello, sentAt=2026-05-08T15:58:57, senderId=1, senderUsername=jo (truncated)...]
2026-05-08T16:07:12.947-07:00 DEBUG 19992 --- [nio-8080-exec-1] o.s.web.servlet.DispatcherServlet        : Completed 200 OK
2026-05-08T16:07:16.922-07:00 DEBUG 19992 --- [nio-8080-exec-3] o.s.web.servlet.DispatcherServlet        : GET "/api/messages/conversation/1/5", parameters={}
2026-05-08T16:07:16.923-07:00 DEBUG 19992 --- [nio-8080-exec-3] s.w.s.m.m.a.RequestMappingHandlerMapping : Mapped to com.example.campconnect_backend.Controllers.MessageController#getConversation(Long, Long)
2026-05-08T16:07:16.927-07:00 DEBUG 19992 --- [nio-8080-exec-3] org.hibernate.SQL                        : 
    select
        m1_0.id,
        m1_0.content,
        m1_0.group_match_id,
        m1_0.is_read,
        m1_0.receiver_id,
        m1_0.sender_id,
        m1_0.sent_at 
    from
        messages m1_0 
    where
        (
            m1_0.sender_id=? 
            and m1_0.receiver_id=?
        ) 
        or (
            m1_0.sender_id=? 
            and m1_0.receiver_id=?
        ) 
    order by
        m1_0.sent_at
Hibernate: 
    select
        m1_0.id,
        m1_0.content,
        m1_0.group_match_id,
        m1_0.is_read,
        m1_0.receiver_id,
        m1_0.sender_id,
        m1_0.sent_at 
    from
        messages m1_0 
    where
        (
            m1_0.sender_id=? 
            and m1_0.receiver_id=?
        ) 
        or (
            m1_0.sender_id=? 
            and m1_0.receiver_id=?
        ) 
    order by
        m1_0.sent_at
2026-05-08T16:07:16.931-07:00 DEBUG 19992 --- [nio-8080-exec-3] org.hibernate.SQL                        : 
    select
        u1_0.id,
        u1_0.avatar_url,
        u1_0.email,
        u1_0.password,
        u1_0.username 
    from
        users u1_0 
    where
        u1_0.id=?
Hibernate: 
    select
        u1_0.id,
        u1_0.avatar_url,
        u1_0.email,
        u1_0.password,
        u1_0.username 
    from
        users u1_0 
    where
        u1_0.id=?
2026-05-08T16:07:16.935-07:00 DEBUG 19992 --- [nio-8080-exec-3] org.hibernate.SQL                        : 
    select
        u1_0.id,
        u1_0.avatar_url,
        u1_0.email,
        u1_0.password,
        u1_0.username 
    from
        users u1_0 
    where
        u1_0.id=?
Hibernate: 
    select
        u1_0.id,
        u1_0.avatar_url,
        u1_0.email,
        u1_0.password,
        u1_0.username 
    from
        users u1_0 
    where
        u1_0.id=?
2026-05-08T16:07:16.940-07:00 DEBUG 19992 --- [nio-8080-exec-3] o.s.w.s.m.m.a.HttpEntityMethodProcessor  : Using 'application/json', given [application/json, text/plain, */*] and supported [application/json, application/*+json]
2026-05-08T16:07:16.943-07:00 DEBUG 19992 --- [nio-8080-exec-3] o.s.w.s.m.m.a.HttpEntityMethodProcessor  : Writing [[MessageDto.Response(id=10, content=hello, sentAt=2026-05-08T15:58:57, senderId=1, senderUsername=jo (truncated)...]
2026-05-08T16:07:16.945-07:00 DEBUG 19992 --- [nio-8080-exec-3] o.s.web.servlet.DispatcherServlet        : Completed 200 OK
2026-05-08T16:07:20.915-07:00 DEBUG 19992 --- [nio-8080-exec-2] o.s.web.servlet.DispatcherServlet        : GET "/api/messages/conversation/1/5", parameters={}
2026-05-08T16:07:20.915-07:00 DEBUG 19992 --- [nio-8080-exec-2] s.w.s.m.m.a.RequestMappingHandlerMapping : Mapped to com.example.campconnect_backend.Controllers.MessageController#getConversation(Long, Long)
2026-05-08T16:07:20.919-07:00 DEBUG 19992 --- [nio-8080-exec-2] org.hibernate.SQL                        : 
    select
        m1_0.id,
        m1_0.content,
        m1_0.group_match_id,
        m1_0.is_read,
        m1_0.receiver_id,
        m1_0.sender_id,
        m1_0.sent_at 
    from
        messages m1_0 
    where
        (
            m1_0.sender_id=? 
            and m1_0.receiver_id=?
        ) 
        or (
            m1_0.sender_id=? 
            and m1_0.receiver_id=?
        ) 
    order by
        m1_0.sent_at
Hibernate: 
    select
        m1_0.id,
        m1_0.content,
        m1_0.group_match_id,
        m1_0.is_read,
        m1_0.receiver_id,
        m1_0.sender_id,
        m1_0.sent_at 
    from
        messages m1_0 
    where
        (
            m1_0.sender_id=? 
            and m1_0.receiver_id=?
        ) 
        or (
            m1_0.sender_id=? 
            and m1_0.receiver_id=?
        ) 
    order by
        m1_0.sent_at
2026-05-08T16:07:20.922-07:00 DEBUG 19992 --- [nio-8080-exec-2] org.hibernate.SQL                        : 
    select
        u1_0.id,
        u1_0.avatar_url,
        u1_0.email,
        u1_0.password,
        u1_0.username 
    from
        users u1_0 
    where
        u1_0.id=?
Hibernate: 
    select
        u1_0.id,
        u1_0.avatar_url,
        u1_0.email,
        u1_0.password,
        u1_0.username 
    from
        users u1_0 
    where
        u1_0.id=?
2026-05-08T16:07:20.926-07:00 DEBUG 19992 --- [nio-8080-exec-2] org.hibernate.SQL                        : 
    select
        u1_0.id,
        u1_0.avatar_url,
        u1_0.email,
        u1_0.password,
        u1_0.username 
    from
        users u1_0 
    where
        u1_0.id=?
Hibernate: 
    select
        u1_0.id,
        u1_0.avatar_url,
        u1_0.email,
        u1_0.password,
        u1_0.username 
    from
        users u1_0 
    where
        u1_0.id=?
2026-05-08T16:07:20.929-07:00 DEBUG 19992 --- [nio-8080-exec-2] o.s.w.s.m.m.a.HttpEntityMethodProcessor  : Using 'application/json', given [application/json, text/plain, */*] and supported [application/json, application/*+json]
2026-05-08T16:07:20.930-07:00 DEBUG 19992 --- [nio-8080-exec-2] o.s.w.s.m.m.a.HttpEntityMethodProcessor  : Writing [[MessageDto.Response(id=10, content=hello, sentAt=2026-05-08T15:58:57, senderId=1, senderUsername=jo (truncated)...]
2026-05-08T16:07:20.932-07:00 DEBUG 19992 --- [nio-8080-exec-2] o.s.web.servlet.DispatcherServlet        : Completed 200 OK
2026-05-08T16:07:24.908-07:00 DEBUG 19992 --- [nio-8080-exec-6] o.s.web.servlet.DispatcherServlet        : GET "/api/messages/conversation/1/5", parameters={}
2026-05-08T16:07:24.909-07:00 DEBUG 19992 --- [nio-8080-exec-6] s.w.s.m.m.a.RequestMappingHandlerMapping : Mapped to com.example.campconnect_backend.Controllers.MessageController#getConversation(Long, Long)
2026-05-08T16:07:24.911-07:00 DEBUG 19992 --- [nio-8080-exec-6] org.hibernate.SQL                        : 
    select
        m1_0.id,
        m1_0.content,
        m1_0.group_match_id,
        m1_0.is_read,
        m1_0.receiver_id,
        m1_0.sender_id,
        m1_0.sent_at 
    from
        messages m1_0 
    where
        (
            m1_0.sender_id=? 
            and m1_0.receiver_id=?
        ) 
        or (
            m1_0.sender_id=? 
            and m1_0.receiver_id=?
        ) 
    order by
        m1_0.sent_at
Hibernate: 
    select
        m1_0.id,
        m1_0.content,
        m1_0.group_match_id,
        m1_0.is_read,
        m1_0.receiver_id,
        m1_0.sender_id,
        m1_0.sent_at 
    from
        messages m1_0 
    where
        (
            m1_0.sender_id=? 
            and m1_0.receiver_id=?
        ) 
        or (
            m1_0.sender_id=? 
            and m1_0.receiver_id=?
        ) 
    order by
        m1_0.sent_at
2026-05-08T16:07:24.915-07:00 DEBUG 19992 --- [nio-8080-exec-6] org.hibernate.SQL                        : 
    select
        u1_0.id,
        u1_0.avatar_url,
        u1_0.email,
        u1_0.password,
        u1_0.username 
    from
        users u1_0 
    where
        u1_0.id=?
Hibernate: 
    select
        u1_0.id,
        u1_0.avatar_url,
        u1_0.email,
        u1_0.password,
        u1_0.username 
    from
        users u1_0 
    where
        u1_0.id=?
2026-05-08T16:07:24.915-07:00 DEBUG 19992 --- [nio-8080-exec-6] org.hibernate.SQL                        : 
    select
        u1_0.id,
        u1_0.avatar_url,
        u1_0.email,
        u1_0.password,
        u1_0.username 
    from
        users u1_0 
    where
        u1_0.id=?
Hibernate: 
    select
        u1_0.id,
        u1_0.avatar_url,
        u1_0.email,
        u1_0.password,
        u1_0.username 
    from
        users u1_0 
    where
        u1_0.id=?
2026-05-08T16:07:24.917-07:00 DEBUG 19992 --- [nio-8080-exec-6] o.s.w.s.m.m.a.HttpEntityMethodProcessor  : Using 'application/json', given [application/json, text/plain, */*] and supported [application/json, application/*+json]
2026-05-08T16:07:24.918-07:00 DEBUG 19992 --- [nio-8080-exec-6] o.s.w.s.m.m.a.HttpEntityMethodProcessor  : Writing [[MessageDto.Response(id=10, content=hello, sentAt=2026-05-08T15:58:57, senderId=1, senderUsername=jo (truncated)...]
2026-05-08T16:07:24.919-07:00 DEBUG 19992 --- [nio-8080-exec-6] o.s.web.servlet.DispatcherServlet        : Completed 200 OK
2026-05-08T16:07:28.923-07:00 DEBUG 19992 --- [nio-8080-exec-4] o.s.web.servlet.DispatcherServlet        : GET "/api/messages/conversation/1/5", parameters={}
2026-05-08T16:07:28.924-07:00 DEBUG 19992 --- [nio-8080-exec-4] s.w.s.m.m.a.RequestMappingHandlerMapping : Mapped to com.example.campconnect_backend.Controllers.MessageController#getConversation(Long, Long)
2026-05-08T16:07:28.926-07:00 DEBUG 19992 --- [nio-8080-exec-4] org.hibernate.SQL                        : 
    select
        m1_0.id,
        m1_0.content,
        m1_0.group_match_id,
        m1_0.is_read,
        m1_0.receiver_id,
        m1_0.sender_id,
        m1_0.sent_at 
    from
        messages m1_0 
    where
        (
            m1_0.sender_id=? 
            and m1_0.receiver_id=?
        ) 
        or (
            m1_0.sender_id=? 
            and m1_0.receiver_id=?
        ) 
    order by
        m1_0.sent_at
Hibernate: 
    select
        m1_0.id,
        m1_0.content,
        m1_0.group_match_id,
        m1_0.is_read,
        m1_0.receiver_id,
        m1_0.sender_id,
        m1_0.sent_at 
    from
        messages m1_0 
    where
        (
            m1_0.sender_id=? 
            and m1_0.receiver_id=?
        ) 
        or (
            m1_0.sender_id=? 
            and m1_0.receiver_id=?
        ) 
    order by
        m1_0.sent_at
2026-05-08T16:07:28.928-07:00 DEBUG 19992 --- [nio-8080-exec-4] org.hibernate.SQL                        : 
    select
        u1_0.id,
        u1_0.avatar_url,
        u1_0.email,
        u1_0.password,
        u1_0.username 
    from
        users u1_0 
    where
        u1_0.id=?
Hibernate: 
    select
        u1_0.id,
        u1_0.avatar_url,
        u1_0.email,
        u1_0.password,
        u1_0.username 
    from
        users u1_0 
    where
        u1_0.id=?
2026-05-08T16:07:28.930-07:00 DEBUG 19992 --- [nio-8080-exec-4] org.hibernate.SQL                        : 
    select
        u1_0.id,
        u1_0.avatar_url,
        u1_0.email,
        u1_0.password,
        u1_0.username 
    from
        users u1_0 
    where
        u1_0.id=?
Hibernate: 
    select
        u1_0.id,
        u1_0.avatar_url,
        u1_0.email,
        u1_0.password,
        u1_0.username 
    from
        users u1_0 
    where
        u1_0.id=?
2026-05-08T16:07:28.933-07:00 DEBUG 19992 --- [nio-8080-exec-4] o.s.w.s.m.m.a.HttpEntityMethodProcessor  : Using 'application/json', given [application/json, text/plain, */*] and supported [application/json, application/*+json]
2026-05-08T16:07:28.934-07:00 DEBUG 19992 --- [nio-8080-exec-4] o.s.w.s.m.m.a.HttpEntityMethodProcessor  : Writing [[MessageDto.Response(id=10, content=hello, sentAt=2026-05-08T15:58:57, senderId=1, senderUsername=jo (truncated)...]
2026-05-08T16:07:28.935-07:00 DEBUG 19992 --- [nio-8080-exec-4] o.s.web.servlet.DispatcherServlet        : Completed 200 OK
2026-05-08T16:07:32.916-07:00 DEBUG 19992 --- [nio-8080-exec-9] o.s.web.servlet.DispatcherServlet        : GET "/api/messages/conversation/1/5", parameters={}
2026-05-08T16:07:32.917-07:00 DEBUG 19992 --- [nio-8080-exec-9] s.w.s.m.m.a.RequestMappingHandlerMapping : Mapped to com.example.campconnect_backend.Controllers.MessageController#getConversation(Long, Long)
2026-05-08T16:07:32.919-07:00 DEBUG 19992 --- [nio-8080-exec-9] org.hibernate.SQL                        : 
    select
        m1_0.id,
        m1_0.content,
        m1_0.group_match_id,
        m1_0.is_read,
        m1_0.receiver_id,
        m1_0.sender_id,
        m1_0.sent_at 
    from
        messages m1_0 
    where
        (
            m1_0.sender_id=? 
            and m1_0.receiver_id=?
        ) 
        or (
            m1_0.sender_id=? 
            and m1_0.receiver_id=?
        ) 
    order by
        m1_0.sent_at
Hibernate: 
    select
        m1_0.id,
        m1_0.content,
        m1_0.group_match_id,
        m1_0.is_read,
        m1_0.receiver_id,
        m1_0.sender_id,
        m1_0.sent_at 
    from
        messages m1_0 
    where
        (
            m1_0.sender_id=? 
            and m1_0.receiver_id=?
        ) 
        or (
            m1_0.sender_id=? 
            and m1_0.receiver_id=?
        ) 
    order by
        m1_0.sent_at
2026-05-08T16:07:32.922-07:00 DEBUG 19992 --- [nio-8080-exec-9] org.hibernate.SQL                        : 
    select
        u1_0.id,
        u1_0.avatar_url,
        u1_0.email,
        u1_0.password,
        u1_0.username 
    from
        users u1_0 
    where
        u1_0.id=?
Hibernate: 
    select
        u1_0.id,
        u1_0.avatar_url,
        u1_0.email,
        u1_0.password,
        u1_0.username 
    from
        users u1_0 
    where
        u1_0.id=?
2026-05-08T16:07:32.923-07:00 DEBUG 19992 --- [nio-8080-exec-9] org.hibernate.SQL                        : 
    select
        u1_0.id,
        u1_0.avatar_url,
        u1_0.email,
        u1_0.password,
        u1_0.username 
    from
        users u1_0 
    where
        u1_0.id=?
Hibernate: 
    select
        u1_0.id,
        u1_0.avatar_url,
        u1_0.email,
        u1_0.password,
        u1_0.username 
    from
        users u1_0 
    where
        u1_0.id=?
2026-05-08T16:07:32.926-07:00 DEBUG 19992 --- [nio-8080-exec-9] o.s.w.s.m.m.a.HttpEntityMethodProcessor  : Using 'application/json', given [application/json, text/plain, */*] and supported [application/json, application/*+json]
2026-05-08T16:07:32.927-07:00 DEBUG 19992 --- [nio-8080-exec-9] o.s.w.s.m.m.a.HttpEntityMethodProcessor  : Writing [[MessageDto.Response(id=10, content=hello, sentAt=2026-05-08T15:58:57, senderId=1, senderUsername=jo (truncated)...]
2026-05-08T16:07:32.928-07:00 DEBUG 19992 --- [nio-8080-exec-9] o.s.web.servlet.DispatcherServlet        : Completed 200 OK
2026-05-08T16:07:36.978-07:00 DEBUG 19992 --- [nio-8080-exec-7] o.s.web.servlet.DispatcherServlet        : GET "/api/messages/conversation/1/5", parameters={}
2026-05-08T16:07:36.985-07:00 DEBUG 19992 --- [nio-8080-exec-7] s.w.s.m.m.a.RequestMappingHandlerMapping : Mapped to com.example.campconnect_backend.Controllers.MessageController#getConversation(Long, Long)
2026-05-08T16:07:37.008-07:00 DEBUG 19992 --- [nio-8080-exec-7] org.hibernate.SQL                        : 
    select
        m1_0.id,
        m1_0.content,
        m1_0.group_match_id,
        m1_0.is_read,
        m1_0.receiver_id,
        m1_0.sender_id,
        m1_0.sent_at 
    from
        messages m1_0 
    where
        (
            m1_0.sender_id=? 
            and m1_0.receiver_id=?
        ) 
        or (
            m1_0.sender_id=? 
            and m1_0.receiver_id=?
        ) 
    order by
        m1_0.sent_at
Hibernate: 
    select
        m1_0.id,
        m1_0.content,
        m1_0.group_match_id,
        m1_0.is_read,
        m1_0.receiver_id,
        m1_0.sender_id,
        m1_0.sent_at 
    from
        messages m1_0 
    where
        (
            m1_0.sender_id=? 
            and m1_0.receiver_id=?
        ) 
        or (
            m1_0.sender_id=? 
            and m1_0.receiver_id=?
        ) 
    order by
        m1_0.sent_at
2026-05-08T16:07:37.012-07:00 DEBUG 19992 --- [nio-8080-exec-7] org.hibernate.SQL                        : 
    select
        u1_0.id,
        u1_0.avatar_url,
        u1_0.email,
        u1_0.password,
        u1_0.username 
    from
        users u1_0 
    where
        u1_0.id=?
Hibernate: 
    select
        u1_0.id,
        u1_0.avatar_url,
        u1_0.email,
        u1_0.password,
        u1_0.username 
    from
        users u1_0 
    where
        u1_0.id=?
2026-05-08T16:07:37.015-07:00 DEBUG 19992 --- [nio-8080-exec-7] org.hibernate.SQL                        : 
    select
        u1_0.id,
        u1_0.avatar_url,
        u1_0.email,
        u1_0.password,
        u1_0.username 
    from
        users u1_0 
    where
        u1_0.id=?
Hibernate: 
    select
        u1_0.id,
        u1_0.avatar_url,
        u1_0.email,
        u1_0.password,
        u1_0.username 
    from
        users u1_0 
    where
        u1_0.id=?
2026-05-08T16:07:37.018-07:00 DEBUG 19992 --- [nio-8080-exec-7] o.s.w.s.m.m.a.HttpEntityMethodProcessor  : Using 'application/json', given [application/json, text/plain, */*] and supported [application/json, application/*+json]
2026-05-08T16:07:37.018-07:00 DEBUG 19992 --- [nio-8080-exec-7] o.s.w.s.m.m.a.HttpEntityMethodProcessor  : Writing [[MessageDto.Response(id=10, content=hello, sentAt=2026-05-08T15:58:57, senderId=1, senderUsername=jo (truncated)...]
2026-05-08T16:07:37.020-07:00 DEBUG 19992 --- [nio-8080-exec-7] o.s.web.servlet.DispatcherServlet        : Completed 200 OK
2026-05-08T16:07:40.252-07:00 DEBUG 19992 --- [nio-8080-exec-8] o.s.web.servlet.DispatcherServlet        : GET "/api/messages/conversation/1/5", parameters={}
2026-05-08T16:07:40.259-07:00 DEBUG 19992 --- [nio-8080-exec-8] s.w.s.m.m.a.RequestMappingHandlerMapping : Mapped to com.example.campconnect_backend.Controllers.MessageController#getConversation(Long, Long)
2026-05-08T16:07:40.263-07:00 DEBUG 19992 --- [nio-8080-exec-8] org.hibernate.SQL                        : 
    select
        m1_0.id,
        m1_0.content,
        m1_0.group_match_id,
        m1_0.is_read,
        m1_0.receiver_id,
        m1_0.sender_id,
        m1_0.sent_at 
    from
        messages m1_0 
    where
        (
            m1_0.sender_id=? 
            and m1_0.receiver_id=?
        ) 
        or (
            m1_0.sender_id=? 
            and m1_0.receiver_id=?
        ) 
    order by
        m1_0.sent_at
Hibernate: 
    select
        m1_0.id,
        m1_0.content,
        m1_0.group_match_id,
        m1_0.is_read,
        m1_0.receiver_id,
        m1_0.sender_id,
        m1_0.sent_at 
    from
        messages m1_0 
    where
        (
            m1_0.sender_id=? 
            and m1_0.receiver_id=?
        ) 
        or (
            m1_0.sender_id=? 
            and m1_0.receiver_id=?
        ) 
    order by
        m1_0.sent_at
2026-05-08T16:07:40.271-07:00 DEBUG 19992 --- [nio-8080-exec-8] org.hibernate.SQL                        : 
    select
        u1_0.id,
        u1_0.avatar_url,
        u1_0.email,
        u1_0.password,
        u1_0.username 
    from
        users u1_0 
    where
        u1_0.id=?
Hibernate: 
    select
        u1_0.id,
        u1_0.avatar_url,
        u1_0.email,
        u1_0.password,
        u1_0.username 
    from
        users u1_0 
    where
        u1_0.id=?
2026-05-08T16:07:40.283-07:00 DEBUG 19992 --- [nio-8080-exec-8] org.hibernate.SQL                        : 
    select
        u1_0.id,
        u1_0.avatar_url,
        u1_0.email,
        u1_0.password,
        u1_0.username 
    from
        users u1_0 
    where
        u1_0.id=?
Hibernate: 
    select
        u1_0.id,
        u1_0.avatar_url,
        u1_0.email,
        u1_0.password,
        u1_0.username 
    from
        users u1_0 
    where
        u1_0.id=?
2026-05-08T16:07:40.296-07:00 DEBUG 19992 --- [nio-8080-exec-8] o.s.w.s.m.m.a.HttpEntityMethodProcessor  : Using 'application/json', given [application/json, text/plain, */*] and supported [application/json, application/*+json]
2026-05-08T16:07:40.297-07:00 DEBUG 19992 --- [nio-8080-exec-8] o.s.w.s.m.m.a.HttpEntityMethodProcessor  : Writing [[MessageDto.Response(id=10, content=hello, sentAt=2026-05-08T15:58:57, senderId=1, senderUsername=jo (truncated)...]
2026-05-08T16:07:40.309-07:00 DEBUG 19992 --- [nio-8080-exec-8] o.s.web.servlet.DispatcherServlet        : Completed 200 OK
2026-05-08T16:07:44.260-07:00 DEBUG 19992 --- [nio-8080-exec-5] o.s.web.servlet.DispatcherServlet        : GET "/api/messages/conversation/1/5", parameters={}
2026-05-08T16:07:44.289-07:00 DEBUG 19992 --- [nio-8080-exec-5] s.w.s.m.m.a.RequestMappingHandlerMapping : Mapped to com.example.campconnect_backend.Controllers.MessageController#getConversation(Long, Long)
2026-05-08T16:07:44.307-07:00 DEBUG 19992 --- [nio-8080-exec-5] org.hibernate.SQL                        : 
    select
        m1_0.id,
        m1_0.content,
        m1_0.group_match_id,
        m1_0.is_read,
        m1_0.receiver_id,
        m1_0.sender_id,
        m1_0.sent_at 
    from
        messages m1_0 
    where
        (
            m1_0.sender_id=? 
            and m1_0.receiver_id=?
        ) 
        or (
            m1_0.sender_id=? 
            and m1_0.receiver_id=?
        ) 
    order by
        m1_0.sent_at
Hibernate: 
    select
        m1_0.id,
        m1_0.content,
        m1_0.group_match_id,
        m1_0.is_read,
        m1_0.receiver_id,
        m1_0.sender_id,
        m1_0.sent_at 
    from
        messages m1_0 
    where
        (
            m1_0.sender_id=? 
            and m1_0.receiver_id=?
        ) 
        or (
            m1_0.sender_id=? 
            and m1_0.receiver_id=?
        ) 
    order by
        m1_0.sent_at
2026-05-08T16:07:44.336-07:00 DEBUG 19992 --- [nio-8080-exec-5] org.hibernate.SQL                        : 
    select
        u1_0.id,
        u1_0.avatar_url,
        u1_0.email,
        u1_0.password,
        u1_0.username 
    from
        users u1_0 
    where
        u1_0.id=?
Hibernate: 
    select
        u1_0.id,
        u1_0.avatar_url,
        u1_0.email,
        u1_0.password,
        u1_0.username 
    from
        users u1_0 
    where
        u1_0.id=?
2026-05-08T16:07:44.372-07:00 DEBUG 19992 --- [nio-8080-exec-5] org.hibernate.SQL                        : 
    select
        u1_0.id,
        u1_0.avatar_url,
        u1_0.email,
        u1_0.password,
        u1_0.username 
    from
        users u1_0 
    where
        u1_0.id=?
Hibernate: 
    select
        u1_0.id,
        u1_0.avatar_url,
        u1_0.email,
        u1_0.password,
        u1_0.username 
    from
        users u1_0 
    where
        u1_0.id=?
2026-05-08T16:07:44.398-07:00 DEBUG 19992 --- [nio-8080-exec-5] o.s.w.s.m.m.a.HttpEntityMethodProcessor  : Using 'application/json', given [application/json, text/plain, */*] and supported [application/json, application/*+json]
2026-05-08T16:07:44.409-07:00 DEBUG 19992 --- [nio-8080-exec-5] o.s.w.s.m.m.a.HttpEntityMethodProcessor  : Writing [[MessageDto.Response(id=10, content=hello, sentAt=2026-05-08T15:58:57, senderId=1, senderUsername=jo (truncated)...]
2026-05-08T16:07:44.424-07:00 DEBUG 19992 --- [nio-8080-exec-5] o.s.web.servlet.DispatcherServlet        : Completed 200 OK
2026-05-08T16:07:48.238-07:00 DEBUG 19992 --- [io-8080-exec-10] o.s.web.servlet.DispatcherServlet        : GET "/api/messages/conversation/1/5", parameters={}
2026-05-08T16:07:48.239-07:00 DEBUG 19992 --- [io-8080-exec-10] s.w.s.m.m.a.RequestMappingHandlerMapping : Mapped to com.example.campconnect_backend.Controllers.MessageController#getConversation(Long, Long)
2026-05-08T16:07:48.241-07:00 DEBUG 19992 --- [io-8080-exec-10] org.hibernate.SQL                        : 
    select
        m1_0.id,
        m1_0.content,
        m1_0.group_match_id,
        m1_0.is_read,
        m1_0.receiver_id,
        m1_0.sender_id,
        m1_0.sent_at 
    from
        messages m1_0 
    where
        (
            m1_0.sender_id=? 
            and m1_0.receiver_id=?
        ) 
        or (
            m1_0.sender_id=? 
            and m1_0.receiver_id=?
        ) 
    order by
        m1_0.sent_at
Hibernate: 
    select
        m1_0.id,
        m1_0.content,
        m1_0.group_match_id,
        m1_0.is_read,
        m1_0.receiver_id,
        m1_0.sender_id,
        m1_0.sent_at 
    from
        messages m1_0 
    where
        (
            m1_0.sender_id=? 
            and m1_0.receiver_id=?
        ) 
        or (
            m1_0.sender_id=? 
            and m1_0.receiver_id=?
        ) 
    order by
        m1_0.sent_at
2026-05-08T16:07:48.244-07:00 DEBUG 19992 --- [io-8080-exec-10] org.hibernate.SQL                        : 
    select
        u1_0.id,
        u1_0.avatar_url,
        u1_0.email,
        u1_0.password,
        u1_0.username 
    from
        users u1_0 
    where
        u1_0.id=?
Hibernate: 
    select
        u1_0.id,
        u1_0.avatar_url,
        u1_0.email,
        u1_0.password,
        u1_0.username 
    from
        users u1_0 
    where
        u1_0.id=?
2026-05-08T16:07:48.246-07:00 DEBUG 19992 --- [io-8080-exec-10] org.hibernate.SQL                        : 
    select
        u1_0.id,
        u1_0.avatar_url,
        u1_0.email,
        u1_0.password,
        u1_0.username 
    from
        users u1_0 
    where
        u1_0.id=?
Hibernate: 
    select
        u1_0.id,
        u1_0.avatar_url,
        u1_0.email,
        u1_0.password,
        u1_0.username 
    from
        users u1_0 
    where
        u1_0.id=?
2026-05-08T16:07:48.248-07:00 DEBUG 19992 --- [io-8080-exec-10] o.s.w.s.m.m.a.HttpEntityMethodProcessor  : Using 'application/json', given [application/json, text/plain, */*] and supported [application/json, application/*+json]
2026-05-08T16:07:48.249-07:00 DEBUG 19992 --- [io-8080-exec-10] o.s.w.s.m.m.a.HttpEntityMethodProcessor  : Writing [[MessageDto.Response(id=10, content=hello, sentAt=2026-05-08T15:58:57, senderId=1, senderUsername=jo (truncated)...]
2026-05-08T16:07:48.250-07:00 DEBUG 19992 --- [io-8080-exec-10] o.s.web.servlet.DispatcherServlet        : Completed 200 OK
2026-05-08T16:07:49.116-07:00 DEBUG 19992 --- [nio-8080-exec-1] o.s.web.servlet.DispatcherServlet        : GET "/api/messages/conversation/1/3", parameters={}
2026-05-08T16:07:49.180-07:00 DEBUG 19992 --- [nio-8080-exec-1] s.w.s.m.m.a.RequestMappingHandlerMapping : Mapped to com.example.campconnect_backend.Controllers.MessageController#getConversation(Long, Long)
2026-05-08T16:07:49.187-07:00 DEBUG 19992 --- [nio-8080-exec-1] org.hibernate.SQL                        : 
    select
        m1_0.id,
        m1_0.content,
        m1_0.group_match_id,
        m1_0.is_read,
        m1_0.receiver_id,
        m1_0.sender_id,
        m1_0.sent_at 
    from
        messages m1_0 
    where
        (
            m1_0.sender_id=? 
            and m1_0.receiver_id=?
        ) 
        or (
            m1_0.sender_id=? 
            and m1_0.receiver_id=?
        ) 
    order by
        m1_0.sent_at
Hibernate: 
    select
        m1_0.id,
        m1_0.content,
        m1_0.group_match_id,
        m1_0.is_read,
        m1_0.receiver_id,
        m1_0.sender_id,
        m1_0.sent_at 
    from
        messages m1_0 
    where
        (
            m1_0.sender_id=? 
            and m1_0.receiver_id=?
        ) 
        or (
            m1_0.sender_id=? 
            and m1_0.receiver_id=?
        ) 
    order by
        m1_0.sent_at
2026-05-08T16:07:49.193-07:00 DEBUG 19992 --- [nio-8080-exec-1] o.s.w.s.m.m.a.HttpEntityMethodProcessor  : Using 'application/json', given [application/json, text/plain, */*] and supported [application/json, application/*+json]
2026-05-08T16:07:49.195-07:00 DEBUG 19992 --- [nio-8080-exec-1] o.s.w.s.m.m.a.HttpEntityMethodProcessor  : Writing [[]]
2026-05-08T16:07:49.196-07:00 DEBUG 19992 --- [nio-8080-exec-1] o.s.web.servlet.DispatcherServlet        : Completed 200 OK
2026-05-08T16:07:50.142-07:00 DEBUG 19992 --- [nio-8080-exec-3] o.s.web.servlet.DispatcherServlet        : GET "/api/messages/conversation/1/2", parameters={}
2026-05-08T16:07:50.143-07:00 DEBUG 19992 --- [nio-8080-exec-3] s.w.s.m.m.a.RequestMappingHandlerMapping : Mapped to com.example.campconnect_backend.Controllers.MessageController#getConversation(Long, Long)
2026-05-08T16:07:50.157-07:00 DEBUG 19992 --- [nio-8080-exec-3] org.hibernate.SQL                        : 
    select
        m1_0.id,
        m1_0.content,
        m1_0.group_match_id,
        m1_0.is_read,
        m1_0.receiver_id,
        m1_0.sender_id,
        m1_0.sent_at 
    from
        messages m1_0 
    where
        (
            m1_0.sender_id=? 
            and m1_0.receiver_id=?
        ) 
        or (
            m1_0.sender_id=? 
            and m1_0.receiver_id=?
        ) 
    order by
        m1_0.sent_at
Hibernate: 
    select
        m1_0.id,
        m1_0.content,
        m1_0.group_match_id,
        m1_0.is_read,
        m1_0.receiver_id,
        m1_0.sender_id,
        m1_0.sent_at 
    from
        messages m1_0 
    where
        (
            m1_0.sender_id=? 
            and m1_0.receiver_id=?
        ) 
        or (
            m1_0.sender_id=? 
            and m1_0.receiver_id=?
        ) 
    order by
        m1_0.sent_at
2026-05-08T16:07:50.162-07:00 DEBUG 19992 --- [nio-8080-exec-3] org.hibernate.SQL                        : 
    select
        u1_0.id,
        u1_0.avatar_url,
        u1_0.email,
        u1_0.password,
        u1_0.username 
    from
        users u1_0 
    where
        u1_0.id=?
Hibernate: 
    select
        u1_0.id,
        u1_0.avatar_url,
        u1_0.email,
        u1_0.password,
        u1_0.username 
    from
        users u1_0 
    where
        u1_0.id=?
2026-05-08T16:07:50.164-07:00 DEBUG 19992 --- [nio-8080-exec-3] org.hibernate.SQL                        : 
    select
        u1_0.id,
        u1_0.avatar_url,
        u1_0.email,
        u1_0.password,
        u1_0.username 
    from
        users u1_0 
    where
        u1_0.id=?
Hibernate: 
    select
        u1_0.id,
        u1_0.avatar_url,
        u1_0.email,
        u1_0.password,
        u1_0.username 
    from
        users u1_0 
    where
        u1_0.id=?
2026-05-08T16:07:50.167-07:00 DEBUG 19992 --- [nio-8080-exec-3] o.s.w.s.m.m.a.HttpEntityMethodProcessor  : Using 'application/json', given [application/json, text/plain, */*] and supported [application/json, application/*+json]
2026-05-08T16:07:50.168-07:00 DEBUG 19992 --- [nio-8080-exec-3] o.s.w.s.m.m.a.HttpEntityMethodProcessor  : Writing [[MessageDto.Response(id=6, content=Hi John, want to practice together?, sentAt=2026-04-06T08:30, sen (truncated)...]
2026-05-08T16:07:50.170-07:00 DEBUG 19992 --- [nio-8080-exec-3] o.s.web.servlet.DispatcherServlet        : Completed 200 OK
2026-05-08T16:07:55.158-07:00 DEBUG 19992 --- [nio-8080-exec-2] o.s.web.servlet.DispatcherServlet        : GET "/api/users/1/preferences", parameters={}
2026-05-08T16:07:55.177-07:00 DEBUG 19992 --- [nio-8080-exec-2] s.w.s.m.m.a.RequestMappingHandlerMapping : Mapped to com.example.campconnect_backend.Controllers.UserController#getPreferences(Long)
2026-05-08T16:07:55.778-07:00 DEBUG 19992 --- [nio-8080-exec-2] org.hibernate.SQL                        : 
    select
        up1_0.id,
        up1_0.age_max,
        up1_0.age_min,
        up1_0.availability,
        up1_0.city,
        up1_0.engagement_level,
        up1_0.group_size_max,
        up1_0.group_size_min,
        up1_0.languages,
        up1_0.latitude,
        up1_0.longitude,
        up1_0.radius_km,
        up1_0.skill_level,
        up1_0.sports,
        up1_0.user_id 
    from
        user_preferences up1_0 
    left join
        users u1_0 
            on u1_0.id=up1_0.user_id 
    where
        u1_0.id=?
Hibernate: 
    select
        up1_0.id,
        up1_0.age_max,
        up1_0.age_min,
        up1_0.availability,
        up1_0.city,
        up1_0.engagement_level,
        up1_0.group_size_max,
        up1_0.group_size_min,
        up1_0.languages,
        up1_0.latitude,
        up1_0.longitude,
        up1_0.radius_km,
        up1_0.skill_level,
        up1_0.sports,
        up1_0.user_id 
    from
        user_preferences up1_0 
    left join
        users u1_0 
            on u1_0.id=up1_0.user_id 
    where
        u1_0.id=?
2026-05-08T16:07:55.835-07:00 DEBUG 19992 --- [nio-8080-exec-2] o.s.w.s.m.m.a.HttpEntityMethodProcessor  : Using 'application/json', given [application/json, text/plain, */*] and supported [application/json, application/*+json]
2026-05-08T16:07:55.840-07:00 DEBUG 19992 --- [nio-8080-exec-2] o.s.w.s.m.m.a.HttpEntityMethodProcessor  : Writing [UserPreferenceDto.Response(id=1, userId=1, sports=football,soccer,Badminton,Cricket, skillLevel=INTE (truncated)...]
2026-05-08T16:07:55.848-07:00 DEBUG 19992 --- [nio-8080-exec-2] o.s.web.servlet.DispatcherServlet        : Completed 200 OK
2026-05-08T16:08:40.641-07:00 DEBUG 19992 --- [nio-8080-exec-9] o.s.web.servlet.DispatcherServlet        : POST "/api/users/1/preferences", parameters={}
2026-05-08T16:08:40.642-07:00 DEBUG 19992 --- [nio-8080-exec-9] s.w.s.m.m.a.RequestMappingHandlerMapping : Mapped to com.example.campconnect_backend.Controllers.UserController#savePreferences(Long, Request)
2026-05-08T16:08:40.662-07:00 DEBUG 19992 --- [nio-8080-exec-9] m.m.a.RequestResponseBodyMethodProcessor : Read "application/json;charset=UTF-8" to [UserPreferenceDto.Request(userId=null, sports=football,soccer,Football, skillLevel=BEGINNER, ageMin= (truncated)...]
2026-05-08T16:08:40.678-07:00 DEBUG 19992 --- [nio-8080-exec-9] org.hibernate.SQL                        : 
    select
        u1_0.id,
        u1_0.avatar_url,
        u1_0.email,
        u1_0.password,
        u1_0.username 
    from
        users u1_0 
    where
        u1_0.id=?
Hibernate: 
    select
        u1_0.id,
        u1_0.avatar_url,
        u1_0.email,
        u1_0.password,
        u1_0.username 
    from
        users u1_0 
    where
        u1_0.id=?
2026-05-08T16:08:40.693-07:00 DEBUG 19992 --- [nio-8080-exec-9] org.hibernate.SQL                        : 
    select
        up1_0.id,
        up1_0.age_max,
        up1_0.age_min,
        up1_0.availability,
        up1_0.city,
        up1_0.engagement_level,
        up1_0.group_size_max,
        up1_0.group_size_min,
        up1_0.languages,
        up1_0.latitude,
        up1_0.longitude,
        up1_0.radius_km,
        up1_0.skill_level,
        up1_0.sports,
        up1_0.user_id 
    from
        user_preferences up1_0 
    left join
        users u1_0 
            on u1_0.id=up1_0.user_id 
    where
        u1_0.id=?
Hibernate: 
    select
        up1_0.id,
        up1_0.age_max,
        up1_0.age_min,
        up1_0.availability,
        up1_0.city,
        up1_0.engagement_level,
        up1_0.group_size_max,
        up1_0.group_size_min,
        up1_0.languages,
        up1_0.latitude,
        up1_0.longitude,
        up1_0.radius_km,
        up1_0.skill_level,
        up1_0.sports,
        up1_0.user_id 
    from
        user_preferences up1_0 
    left join
        users u1_0 
            on u1_0.id=up1_0.user_id 
    where
        u1_0.id=?
2026-05-08T16:08:40.714-07:00 DEBUG 19992 --- [nio-8080-exec-9] org.hibernate.SQL                        : 
    update
        user_preferences 
    set
        age_max=?,
        age_min=?,
        availability=?,
        city=?,
        engagement_level=?,
        group_size_max=?,
        group_size_min=?,
        languages=?,
        latitude=?,
        longitude=?,
        radius_km=?,
        skill_level=?,
        sports=?,
        user_id=? 
    where
        id=?
Hibernate: 
    update
        user_preferences 
    set
        age_max=?,
        age_min=?,
        availability=?,
        city=?,
        engagement_level=?,
        group_size_max=?,
        group_size_min=?,
        languages=?,
        latitude=?,
        longitude=?,
        radius_km=?,
        skill_level=?,
        sports=?,
        user_id=? 
    where
        id=?
2026-05-08T16:08:40.753-07:00 DEBUG 19992 --- [nio-8080-exec-9] o.s.w.s.m.m.a.HttpEntityMethodProcessor  : Using 'application/json', given [application/json, text/plain, */*] and supported [application/json, application/*+json]
2026-05-08T16:08:40.753-07:00 DEBUG 19992 --- [nio-8080-exec-9] o.s.w.s.m.m.a.HttpEntityMethodProcessor  : Writing [UserPreferenceDto.Response(id=1, userId=1, sports=football,soccer,Football, skillLevel=BEGINNER, age (truncated)...]
2026-05-08T16:08:40.756-07:00 DEBUG 19992 --- [nio-8080-exec-9] o.s.web.servlet.DispatcherServlet        : Completed 201 CREATED
2026-05-08T16:08:47.127-07:00 DEBUG 19992 --- [nio-8080-exec-7] o.s.web.servlet.DispatcherServlet        : GET "/api/users", parameters={}
2026-05-08T16:08:47.131-07:00 DEBUG 19992 --- [nio-8080-exec-7] s.w.s.m.m.a.RequestMappingHandlerMapping : Mapped to com.example.campconnect_backend.Controllers.UserController#getAll()
2026-05-08T16:08:47.145-07:00 DEBUG 19992 --- [nio-8080-exec-7] org.hibernate.SQL                        : 
    select
        u1_0.id,
        u1_0.avatar_url,
        u1_0.email,
        u1_0.password,
        u1_0.username 
    from
        users u1_0
Hibernate: 
    select
        u1_0.id,
        u1_0.avatar_url,
        u1_0.email,
        u1_0.password,
        u1_0.username 
    from
        users u1_0
2026-05-08T16:08:47.149-07:00 DEBUG 19992 --- [nio-8080-exec-7] o.s.w.s.m.m.a.HttpEntityMethodProcessor  : Using 'application/json', given [application/json, text/plain, */*] and supported [application/json, application/*+json]
2026-05-08T16:08:47.150-07:00 DEBUG 19992 --- [nio-8080-exec-7] o.s.w.s.m.m.a.HttpEntityMethodProcessor  : Writing [[UserDto.Response(id=1, username=john_doe, email=john@example.com, avatarUrl=https://example.com/ava (truncated)...]
2026-05-08T16:08:47.151-07:00 DEBUG 19992 --- [nio-8080-exec-7] o.s.web.servlet.DispatcherServlet        : Completed 200 OK
2026-05-08T16:08:47.157-07:00 DEBUG 19992 --- [nio-8080-exec-8] o.s.web.servlet.DispatcherServlet        : GET "/api/messages/conversation/1/2", parameters={}
2026-05-08T16:08:47.158-07:00 DEBUG 19992 --- [nio-8080-exec-8] s.w.s.m.m.a.RequestMappingHandlerMapping : Mapped to com.example.campconnect_backend.Controllers.MessageController#getConversation(Long, Long)
2026-05-08T16:08:47.160-07:00 DEBUG 19992 --- [nio-8080-exec-8] org.hibernate.SQL                        : 
    select
        m1_0.id,
        m1_0.content,
        m1_0.group_match_id,
        m1_0.is_read,
        m1_0.receiver_id,
        m1_0.sender_id,
        m1_0.sent_at 
    from
        messages m1_0 
    where
        (
            m1_0.sender_id=? 
            and m1_0.receiver_id=?
        ) 
        or (
            m1_0.sender_id=? 
            and m1_0.receiver_id=?
        ) 
    order by
        m1_0.sent_at
Hibernate: 
    select
        m1_0.id,
        m1_0.content,
        m1_0.group_match_id,
        m1_0.is_read,
        m1_0.receiver_id,
        m1_0.sender_id,
        m1_0.sent_at 
    from
        messages m1_0 
    where
        (
            m1_0.sender_id=? 
            and m1_0.receiver_id=?
        ) 
        or (
            m1_0.sender_id=? 
            and m1_0.receiver_id=?
        ) 
    order by
        m1_0.sent_at
2026-05-08T16:08:47.162-07:00 DEBUG 19992 --- [nio-8080-exec-8] org.hibernate.SQL                        : 
    select
        u1_0.id,
        u1_0.avatar_url,
        u1_0.email,
        u1_0.password,
        u1_0.username 
    from
        users u1_0 
    where
        u1_0.id=?
Hibernate: 
    select
        u1_0.id,
        u1_0.avatar_url,
        u1_0.email,
        u1_0.password,
        u1_0.username 
    from
        users u1_0 
    where
        u1_0.id=?
2026-05-08T16:08:47.165-07:00 DEBUG 19992 --- [nio-8080-exec-8] org.hibernate.SQL                        : 
    select
        u1_0.id,
        u1_0.avatar_url,
        u1_0.email,
        u1_0.password,
        u1_0.username 
    from
        users u1_0 
    where
        u1_0.id=?
Hibernate: 
    select
        u1_0.id,
        u1_0.avatar_url,
        u1_0.email,
        u1_0.password,
        u1_0.username 
    from
        users u1_0 
    where
        u1_0.id=?
2026-05-08T16:08:47.167-07:00 DEBUG 19992 --- [nio-8080-exec-8] o.s.w.s.m.m.a.HttpEntityMethodProcessor  : Using 'application/json', given [application/json, text/plain, */*] and supported [application/json, application/*+json]
2026-05-08T16:08:47.168-07:00 DEBUG 19992 --- [nio-8080-exec-8] o.s.w.s.m.m.a.HttpEntityMethodProcessor  : Writing [[MessageDto.Response(id=6, content=Hi John, want to practice together?, sentAt=2026-04-06T08:30, sen (truncated)...]
2026-05-08T16:08:47.170-07:00 DEBUG 19992 --- [nio-8080-exec-8] o.s.web.servlet.DispatcherServlet        : Completed 200 OK
2026-05-08T16:08:50.771-07:00 DEBUG 19992 --- [nio-8080-exec-5] o.s.web.servlet.DispatcherServlet        : GET "/api/messages/conversation/1/3", parameters={}
2026-05-08T16:08:50.772-07:00 DEBUG 19992 --- [nio-8080-exec-5] s.w.s.m.m.a.RequestMappingHandlerMapping : Mapped to com.example.campconnect_backend.Controllers.MessageController#getConversation(Long, Long)
2026-05-08T16:08:50.774-07:00 DEBUG 19992 --- [nio-8080-exec-5] org.hibernate.SQL                        : 
    select
        m1_0.id,
        m1_0.content,
        m1_0.group_match_id,
        m1_0.is_read,
        m1_0.receiver_id,
        m1_0.sender_id,
        m1_0.sent_at 
    from
        messages m1_0 
    where
        (
            m1_0.sender_id=? 
            and m1_0.receiver_id=?
        ) 
        or (
            m1_0.sender_id=? 
            and m1_0.receiver_id=?
        ) 
    order by
        m1_0.sent_at
Hibernate: 
    select
        m1_0.id,
        m1_0.content,
        m1_0.group_match_id,
        m1_0.is_read,
        m1_0.receiver_id,
        m1_0.sender_id,
        m1_0.sent_at 
    from
        messages m1_0 
    where
        (
            m1_0.sender_id=? 
            and m1_0.receiver_id=?
        ) 
        or (
            m1_0.sender_id=? 
            and m1_0.receiver_id=?
        ) 
    order by
        m1_0.sent_at
2026-05-08T16:08:50.778-07:00 DEBUG 19992 --- [nio-8080-exec-5] o.s.w.s.m.m.a.HttpEntityMethodProcessor  : Using 'application/json', given [application/json, text/plain, */*] and supported [application/json, application/*+json]
2026-05-08T16:08:50.779-07:00 DEBUG 19992 --- [nio-8080-exec-5] o.s.w.s.m.m.a.HttpEntityMethodProcessor  : Writing [[]]
2026-05-08T16:08:50.780-07:00 DEBUG 19992 --- [nio-8080-exec-5] o.s.web.servlet.DispatcherServlet        : Completed 200 OK
2026-05-08T16:08:51.120-07:00 DEBUG 19992 --- [io-8080-exec-10] o.s.web.servlet.DispatcherServlet        : GET "/api/messages/conversation/1/3", parameters={}
2026-05-08T16:08:51.121-07:00 DEBUG 19992 --- [io-8080-exec-10] s.w.s.m.m.a.RequestMappingHandlerMapping : Mapped to com.example.campconnect_backend.Controllers.MessageController#getConversation(Long, Long)
2026-05-08T16:08:51.124-07:00 DEBUG 19992 --- [io-8080-exec-10] org.hibernate.SQL                        : 
    select
        m1_0.id,
        m1_0.content,
        m1_0.group_match_id,
        m1_0.is_read,
        m1_0.receiver_id,
        m1_0.sender_id,
        m1_0.sent_at 
    from
        messages m1_0 
    where
        (
            m1_0.sender_id=? 
            and m1_0.receiver_id=?
        ) 
        or (
            m1_0.sender_id=? 
            and m1_0.receiver_id=?
        ) 
    order by
        m1_0.sent_at
Hibernate: 
    select
        m1_0.id,
        m1_0.content,
        m1_0.group_match_id,
        m1_0.is_read,
        m1_0.receiver_id,
        m1_0.sender_id,
        m1_0.sent_at 
    from
        messages m1_0 
    where
        (
            m1_0.sender_id=? 
            and m1_0.receiver_id=?
        ) 
        or (
            m1_0.sender_id=? 
            and m1_0.receiver_id=?
        ) 
    order by
        m1_0.sent_at
2026-05-08T16:08:51.127-07:00 DEBUG 19992 --- [io-8080-exec-10] o.s.w.s.m.m.a.HttpEntityMethodProcessor  : Using 'application/json', given [application/json, text/plain, */*] and supported [application/json, application/*+json]
2026-05-08T16:08:51.128-07:00 DEBUG 19992 --- [io-8080-exec-10] o.s.w.s.m.m.a.HttpEntityMethodProcessor  : Writing [[]]
2026-05-08T16:08:51.129-07:00 DEBUG 19992 --- [io-8080-exec-10] o.s.web.servlet.DispatcherServlet        : Completed 200 OK
2026-05-08T16:08:51.747-07:00 DEBUG 19992 --- [nio-8080-exec-1] o.s.web.servlet.DispatcherServlet        : GET "/api/messages/conversation/1/4", parameters={}
2026-05-08T16:08:51.748-07:00 DEBUG 19992 --- [nio-8080-exec-1] s.w.s.m.m.a.RequestMappingHandlerMapping : Mapped to com.example.campconnect_backend.Controllers.MessageController#getConversation(Long, Long)
2026-05-08T16:08:51.751-07:00 DEBUG 19992 --- [nio-8080-exec-1] org.hibernate.SQL                        : 
    select
        m1_0.id,
        m1_0.content,
        m1_0.group_match_id,
        m1_0.is_read,
        m1_0.receiver_id,
        m1_0.sender_id,
        m1_0.sent_at 
    from
        messages m1_0 
    where
        (
            m1_0.sender_id=? 
            and m1_0.receiver_id=?
        ) 
        or (
            m1_0.sender_id=? 
            and m1_0.receiver_id=?
        ) 
    order by
        m1_0.sent_at
Hibernate: 
    select
        m1_0.id,
        m1_0.content,
        m1_0.group_match_id,
        m1_0.is_read,
        m1_0.receiver_id,
        m1_0.sender_id,
        m1_0.sent_at 
    from
        messages m1_0 
    where
        (
            m1_0.sender_id=? 
            and m1_0.receiver_id=?
        ) 
        or (
            m1_0.sender_id=? 
            and m1_0.receiver_id=?
        ) 
    order by
        m1_0.sent_at
2026-05-08T16:08:51.754-07:00 DEBUG 19992 --- [nio-8080-exec-1] o.s.w.s.m.m.a.HttpEntityMethodProcessor  : Using 'application/json', given [application/json, text/plain, */*] and supported [application/json, application/*+json]
2026-05-08T16:08:51.755-07:00 DEBUG 19992 --- [nio-8080-exec-1] o.s.w.s.m.m.a.HttpEntityMethodProcessor  : Writing [[]]
2026-05-08T16:08:51.756-07:00 DEBUG 19992 --- [nio-8080-exec-1] o.s.web.servlet.DispatcherServlet        : Completed 200 OK
2026-05-08T16:08:52.501-07:00 DEBUG 19992 --- [nio-8080-exec-3] o.s.web.servlet.DispatcherServlet        : GET "/api/messages/conversation/1/5", parameters={}
2026-05-08T16:08:52.502-07:00 DEBUG 19992 --- [nio-8080-exec-3] s.w.s.m.m.a.RequestMappingHandlerMapping : Mapped to com.example.campconnect_backend.Controllers.MessageController#getConversation(Long, Long)
2026-05-08T16:08:52.505-07:00 DEBUG 19992 --- [nio-8080-exec-3] org.hibernate.SQL                        : 
    select
        m1_0.id,
        m1_0.content,
        m1_0.group_match_id,
        m1_0.is_read,
        m1_0.receiver_id,
        m1_0.sender_id,
        m1_0.sent_at 
    from
        messages m1_0 
    where
        (
            m1_0.sender_id=? 
            and m1_0.receiver_id=?
        ) 
        or (
            m1_0.sender_id=? 
            and m1_0.receiver_id=?
        ) 
    order by
        m1_0.sent_at
Hibernate: 
    select
        m1_0.id,
        m1_0.content,
        m1_0.group_match_id,
        m1_0.is_read,
        m1_0.receiver_id,
        m1_0.sender_id,
        m1_0.sent_at 
    from
        messages m1_0 
    where
        (
            m1_0.sender_id=? 
            and m1_0.receiver_id=?
        ) 
        or (
            m1_0.sender_id=? 
            and m1_0.receiver_id=?
        ) 
    order by
        m1_0.sent_at
2026-05-08T16:08:52.508-07:00 DEBUG 19992 --- [nio-8080-exec-3] org.hibernate.SQL                        : 
    select
        u1_0.id,
        u1_0.avatar_url,
        u1_0.email,
        u1_0.password,
        u1_0.username 
    from
        users u1_0 
    where
        u1_0.id=?
Hibernate: 
    select
        u1_0.id,
        u1_0.avatar_url,
        u1_0.email,
        u1_0.password,
        u1_0.username 
    from
        users u1_0 
    where
        u1_0.id=?
2026-05-08T16:08:52.510-07:00 DEBUG 19992 --- [nio-8080-exec-3] org.hibernate.SQL                        : 
    select
        u1_0.id,
        u1_0.avatar_url,
        u1_0.email,
        u1_0.password,
        u1_0.username 
    from
        users u1_0 
    where
        u1_0.id=?
Hibernate: 
    select
        u1_0.id,
        u1_0.avatar_url,
        u1_0.email,
        u1_0.password,
        u1_0.username 
    from
        users u1_0 
    where
        u1_0.id=?
2026-05-08T16:08:52.513-07:00 DEBUG 19992 --- [nio-8080-exec-3] o.s.w.s.m.m.a.HttpEntityMethodProcessor  : Using 'application/json', given [application/json, text/plain, */*] and supported [application/json, application/*+json]
2026-05-08T16:08:52.514-07:00 DEBUG 19992 --- [nio-8080-exec-3] o.s.w.s.m.m.a.HttpEntityMethodProcessor  : Writing [[MessageDto.Response(id=10, content=hello, sentAt=2026-05-08T15:58:57, senderId=1, senderUsername=jo (truncated)...]
2026-05-08T16:08:52.515-07:00 DEBUG 19992 --- [nio-8080-exec-3] o.s.web.servlet.DispatcherServlet        : Completed 200 OK
2026-05-08T16:08:55.120-07:00 DEBUG 19992 --- [nio-8080-exec-2] o.s.web.servlet.DispatcherServlet        : GET "/api/messages/conversation/1/5", parameters={}
2026-05-08T16:08:55.121-07:00 DEBUG 19992 --- [nio-8080-exec-2] s.w.s.m.m.a.RequestMappingHandlerMapping : Mapped to com.example.campconnect_backend.Controllers.MessageController#getConversation(Long, Long)
2026-05-08T16:08:55.125-07:00 DEBUG 19992 --- [nio-8080-exec-2] org.hibernate.SQL                        : 
    select
        m1_0.id,
        m1_0.content,
        m1_0.group_match_id,
        m1_0.is_read,
        m1_0.receiver_id,
        m1_0.sender_id,
        m1_0.sent_at 
    from
        messages m1_0 
    where
        (
            m1_0.sender_id=? 
            and m1_0.receiver_id=?
        ) 
        or (
            m1_0.sender_id=? 
            and m1_0.receiver_id=?
        ) 
    order by
        m1_0.sent_at
Hibernate: 
    select
        m1_0.id,
        m1_0.content,
        m1_0.group_match_id,
        m1_0.is_read,
        m1_0.receiver_id,
        m1_0.sender_id,
        m1_0.sent_at 
    from
        messages m1_0 
    where
        (
            m1_0.sender_id=? 
            and m1_0.receiver_id=?
        ) 
        or (
            m1_0.sender_id=? 
            and m1_0.receiver_id=?
        ) 
    order by
        m1_0.sent_at
2026-05-08T16:08:55.129-07:00 DEBUG 19992 --- [nio-8080-exec-2] org.hibernate.SQL                        : 
    select
        u1_0.id,
        u1_0.avatar_url,
        u1_0.email,
        u1_0.password,
        u1_0.username 
    from
        users u1_0 
    where
        u1_0.id=?
Hibernate: 
    select
        u1_0.id,
        u1_0.avatar_url,
        u1_0.email,
        u1_0.password,
        u1_0.username 
    from
        users u1_0 
    where
        u1_0.id=?
2026-05-08T16:08:55.132-07:00 DEBUG 19992 --- [nio-8080-exec-2] org.hibernate.SQL                        : 
    select
        u1_0.id,
        u1_0.avatar_url,
        u1_0.email,
        u1_0.password,
        u1_0.username 
    from
        users u1_0 
    where
        u1_0.id=?
Hibernate: 
    select
        u1_0.id,
        u1_0.avatar_url,
        u1_0.email,
        u1_0.password,
        u1_0.username 
    from
        users u1_0 
    where
        u1_0.id=?
2026-05-08T16:08:55.136-07:00 DEBUG 19992 --- [nio-8080-exec-2] o.s.w.s.m.m.a.HttpEntityMethodProcessor  : Using 'application/json', given [application/json, text/plain, */*] and supported [application/json, application/*+json]
2026-05-08T16:08:55.137-07:00 DEBUG 19992 --- [nio-8080-exec-2] o.s.w.s.m.m.a.HttpEntityMethodProcessor  : Writing [[MessageDto.Response(id=10, content=hello, sentAt=2026-05-08T15:58:57, senderId=1, senderUsername=jo (truncated)...]
2026-05-08T16:08:55.139-07:00 DEBUG 19992 --- [nio-8080-exec-2] o.s.web.servlet.DispatcherServlet        : Completed 200 OK
2026-05-08T16:08:58.400-07:00 DEBUG 19992 --- [nio-8080-exec-4] o.s.web.servlet.DispatcherServlet        : GET "/api/users/1/match-by-preferences", parameters={}
2026-05-08T16:08:58.401-07:00 DEBUG 19992 --- [nio-8080-exec-6] o.s.web.servlet.DispatcherServlet        : GET "/api/users/1/preferences", parameters={}
2026-05-08T16:08:58.402-07:00 DEBUG 19992 --- [nio-8080-exec-6] s.w.s.m.m.a.RequestMappingHandlerMapping : Mapped to com.example.campconnect_backend.Controllers.UserController#getPreferences(Long)
2026-05-08T16:08:58.472-07:00 DEBUG 19992 --- [nio-8080-exec-4] o.s.w.s.handler.SimpleUrlHandlerMapping  : Mapped to ResourceHttpRequestHandler [classpath [META-INF/resources/], classpath [resources/], classpath [static/], classpath [public/], ServletContext [/]]
2026-05-08T16:08:58.494-07:00 DEBUG 19992 --- [nio-8080-exec-6] org.hibernate.SQL                        : 
    select
        up1_0.id,
        up1_0.age_max,
        up1_0.age_min,
        up1_0.availability,
        up1_0.city,
        up1_0.engagement_level,
        up1_0.group_size_max,
        up1_0.group_size_min,
        up1_0.languages,
        up1_0.latitude,
        up1_0.longitude,
        up1_0.radius_km,
        up1_0.skill_level,
        up1_0.sports,
        up1_0.user_id 
    from
        user_preferences up1_0 
    left join
        users u1_0 
            on u1_0.id=up1_0.user_id 
    where
        u1_0.id=?
Hibernate: 
    select
        up1_0.id,
        up1_0.age_max,
        up1_0.age_min,
        up1_0.availability,
        up1_0.city,
        up1_0.engagement_level,
        up1_0.group_size_max,
        up1_0.group_size_min,
        up1_0.languages,
        up1_0.latitude,
        up1_0.longitude,
        up1_0.radius_km,
        up1_0.skill_level,
        up1_0.sports,
        up1_0.user_id 
    from
        user_preferences up1_0 
    left join
        users u1_0 
            on u1_0.id=up1_0.user_id 
    where
        u1_0.id=?
2026-05-08T16:08:58.497-07:00 DEBUG 19992 --- [nio-8080-exec-6] o.s.w.s.m.m.a.HttpEntityMethodProcessor  : Using 'application/json', given [application/json, text/plain, */*] and supported [application/json, application/*+json]
2026-05-08T16:08:58.498-07:00 DEBUG 19992 --- [nio-8080-exec-6] o.s.w.s.m.m.a.HttpEntityMethodProcessor  : Writing [UserPreferenceDto.Response(id=1, userId=1, sports=football,soccer,Football, skillLevel=BEGINNER, age (truncated)...]
2026-05-08T16:08:58.499-07:00 DEBUG 19992 --- [nio-8080-exec-6] o.s.web.servlet.DispatcherServlet        : Completed 200 OK
2026-05-08T16:08:58.517-07:00 DEBUG 19992 --- [nio-8080-exec-4] o.s.w.s.r.ResourceHttpRequestHandler     : Resource not found
2026-05-08T16:08:58.521-07:00 DEBUG 19992 --- [nio-8080-exec-4] .w.s.m.s.DefaultHandlerExceptionResolver : Resolved [org.springframework.web.servlet.resource.NoResourceFoundException: No static resource api/users/1/match-by-preferences.]
2026-05-08T16:08:58.521-07:00 DEBUG 19992 --- [nio-8080-exec-4] o.s.web.servlet.DispatcherServlet        : Completed 404 NOT_FOUND
2026-05-08T16:08:58.523-07:00 DEBUG 19992 --- [nio-8080-exec-4] o.s.web.servlet.DispatcherServlet        : "ERROR" dispatch for GET "/error", parameters={}
2026-05-08T16:08:58.525-07:00 DEBUG 19992 --- [nio-8080-exec-4] s.w.s.m.m.a.RequestMappingHandlerMapping : Mapped to org.springframework.boot.autoconfigure.web.servlet.error.BasicErrorController#error(HttpServletRequest)
2026-05-08T16:08:58.528-07:00 DEBUG 19992 --- [nio-8080-exec-4] o.s.w.s.m.m.a.HttpEntityMethodProcessor  : Using 'application/json', given [application/json, text/plain, */*] and supported [application/json, application/*+json]
2026-05-08T16:08:58.529-07:00 DEBUG 19992 --- [nio-8080-exec-4] o.s.w.s.m.m.a.HttpEntityMethodProcessor  : Writing [{timestamp=Fri May 08 16:08:58 PDT 2026, status=404, error=Not Found, path=/api/users/1/match-by-pre (truncated)...]
2026-05-08T16:08:58.534-07:00 DEBUG 19992 --- [nio-8080-exec-4] o.s.web.servlet.DispatcherServlet        : Exiting from "ERROR" dispatch, status 404
2026-05-08T16:08:58.540-07:00 DEBUG 19992 --- [nio-8080-exec-9] o.s.web.servlet.DispatcherServlet        : GET "/api/users/1/preferences", parameters={}
2026-05-08T16:08:58.540-07:00 DEBUG 19992 --- [nio-8080-exec-9] s.w.s.m.m.a.RequestMappingHandlerMapping : Mapped to com.example.campconnect_backend.Controllers.UserController#getPreferences(Long)
2026-05-08T16:08:58.541-07:00 DEBUG 19992 --- [nio-8080-exec-7] o.s.web.servlet.DispatcherServlet        : GET "/api/groups", parameters={}
2026-05-08T16:08:58.542-07:00 DEBUG 19992 --- [nio-8080-exec-7] s.w.s.m.m.a.RequestMappingHandlerMapping : Mapped to com.example.campconnect_backend.Controllers.GroupMatchController#getAll()
2026-05-08T16:08:58.546-07:00 DEBUG 19992 --- [nio-8080-exec-9] org.hibernate.SQL                        : 
    select
        up1_0.id,
        up1_0.age_max,
        up1_0.age_min,
        up1_0.availability,
        up1_0.city,
        up1_0.engagement_level,
        up1_0.group_size_max,
        up1_0.group_size_min,
        up1_0.languages,
        up1_0.latitude,
        up1_0.longitude,
        up1_0.radius_km,
        up1_0.skill_level,
        up1_0.sports,
        up1_0.user_id 
    from
        user_preferences up1_0 
    left join
        users u1_0 
            on u1_0.id=up1_0.user_id 
    where
        u1_0.id=?
Hibernate: 
    select
        up1_0.id,
        up1_0.age_max,
        up1_0.age_min,
        up1_0.availability,
        up1_0.city,
        up1_0.engagement_level,
        up1_0.group_size_max,
        up1_0.group_size_min,
        up1_0.languages,
        up1_0.latitude,
        up1_0.longitude,
        up1_0.radius_km,
        up1_0.skill_level,
        up1_0.sports,
        up1_0.user_id 
    from
        user_preferences up1_0 
    left join
        users u1_0 
            on u1_0.id=up1_0.user_id 
    where
        u1_0.id=?
2026-05-08T16:08:58.550-07:00 DEBUG 19992 --- [nio-8080-exec-7] org.hibernate.SQL                        : 
    select
        gm1_0.id,
        gm1_0.created_at,
        gm1_0.description,
        gm1_0.latitude,
        gm1_0.location,
        gm1_0.longitude,
        gm1_0.max_participants,
        gm1_0.name,
        gm1_0.scheduled_at,
        gm1_0.skill_level,
        gm1_0.sport 
    from
        group_match gm1_0
Hibernate: 
    select
        gm1_0.id,
        gm1_0.created_at,
        gm1_0.description,
        gm1_0.latitude,
        gm1_0.location,
        gm1_0.longitude,
        gm1_0.max_participants,
        gm1_0.name,
        gm1_0.scheduled_at,
        gm1_0.skill_level,
        gm1_0.sport 
    from
        group_match gm1_0
2026-05-08T16:08:58.551-07:00 DEBUG 19992 --- [nio-8080-exec-9] o.s.w.s.m.m.a.HttpEntityMethodProcessor  : Using 'application/json', given [application/json, text/plain, */*] and supported [application/json, application/*+json]
2026-05-08T16:08:58.554-07:00 DEBUG 19992 --- [nio-8080-exec-9] o.s.w.s.m.m.a.HttpEntityMethodProcessor  : Writing [UserPreferenceDto.Response(id=1, userId=1, sports=football,soccer,Football, skillLevel=BEGINNER, age (truncated)...]
2026-05-08T16:08:58.556-07:00 DEBUG 19992 --- [nio-8080-exec-9] o.s.web.servlet.DispatcherServlet        : Completed 200 OK
2026-05-08T16:08:58.569-07:00 DEBUG 19992 --- [nio-8080-exec-7] org.hibernate.SQL                        : 
    select
        count(*) 
    from
        user_participant up1_0 
    where
        up1_0.group_match_id=? 
        and up1_0.status='ACCEPTED'
Hibernate: 
    select
        count(*) 
    from
        user_participant up1_0 
    where
        up1_0.group_match_id=? 
        and up1_0.status='ACCEPTED'
2026-05-08T16:08:58.676-07:00 DEBUG 19992 --- [nio-8080-exec-7] org.hibernate.SQL                        : 
    select
        count(*) 
    from
        user_participant up1_0 
    where
        up1_0.group_match_id=? 
        and up1_0.status='ACCEPTED'
Hibernate: 
    select
        count(*) 
    from
        user_participant up1_0 
    where
        up1_0.group_match_id=? 
        and up1_0.status='ACCEPTED'
2026-05-08T16:08:58.679-07:00 DEBUG 19992 --- [nio-8080-exec-7] org.hibernate.SQL                        : 
    select
        count(*) 
    from
        user_participant up1_0 
    where
        up1_0.group_match_id=? 
        and up1_0.status='ACCEPTED'
Hibernate: 
    select
        count(*) 
    from
        user_participant up1_0 
    where
        up1_0.group_match_id=? 
        and up1_0.status='ACCEPTED'
2026-05-08T16:08:58.688-07:00 DEBUG 19992 --- [nio-8080-exec-7] org.hibernate.SQL                        : 
    select
        count(*) 
    from
        user_participant up1_0 
    where
        up1_0.group_match_id=? 
        and up1_0.status='ACCEPTED'
Hibernate: 
    select
        count(*) 
    from
        user_participant up1_0 
    where
        up1_0.group_match_id=? 
        and up1_0.status='ACCEPTED'
2026-05-08T16:08:58.690-07:00 DEBUG 19992 --- [nio-8080-exec-7] org.hibernate.SQL                        : 
    select
        count(*) 
    from
        user_participant up1_0 
    where
        up1_0.group_match_id=? 
        and up1_0.status='ACCEPTED'
Hibernate: 
    select
        count(*) 
    from
        user_participant up1_0 
    where
        up1_0.group_match_id=? 
        and up1_0.status='ACCEPTED'
2026-05-08T16:08:58.693-07:00 DEBUG 19992 --- [nio-8080-exec-7] o.s.w.s.m.m.a.HttpEntityMethodProcessor  : Using 'application/json', given [application/json, text/plain, */*] and supported [application/json, application/*+json]
2026-05-08T16:08:58.694-07:00 DEBUG 19992 --- [nio-8080-exec-7] o.s.w.s.m.m.a.HttpEntityMethodProcessor  : Writing [[GroupMatchDto.Response(id=1, name=Football Match Downtown, description=Casual football game in the  (truncated)...]
2026-05-08T16:08:58.696-07:00 DEBUG 19992 --- [nio-8080-exec-7] o.s.web.servlet.DispatcherServlet        : Completed 200 OK
2026-05-08T16:09:10.001-07:00 DEBUG 19992 --- [nio-8080-exec-8] o.s.web.servlet.DispatcherServlet        : GET "/api/groups", parameters={}
2026-05-08T16:09:10.001-07:00 DEBUG 19992 --- [nio-8080-exec-8] s.w.s.m.m.a.RequestMappingHandlerMapping : Mapped to com.example.campconnect_backend.Controllers.GroupMatchController#getAll()
2026-05-08T16:09:10.006-07:00 DEBUG 19992 --- [nio-8080-exec-8] org.hibernate.SQL                        : 
    select
        gm1_0.id,
        gm1_0.created_at,
        gm1_0.description,
        gm1_0.latitude,
        gm1_0.location,
        gm1_0.longitude,
        gm1_0.max_participants,
        gm1_0.name,
        gm1_0.scheduled_at,
        gm1_0.skill_level,
        gm1_0.sport 
    from
        group_match gm1_0
Hibernate: 
    select
        gm1_0.id,
        gm1_0.created_at,
        gm1_0.description,
        gm1_0.latitude,
        gm1_0.location,
        gm1_0.longitude,
        gm1_0.max_participants,
        gm1_0.name,
        gm1_0.scheduled_at,
        gm1_0.skill_level,
        gm1_0.sport 
    from
        group_match gm1_0
2026-05-08T16:09:10.011-07:00 DEBUG 19992 --- [nio-8080-exec-8] org.hibernate.SQL                        : 
    select
        count(*) 
    from
        user_participant up1_0 
    where
        up1_0.group_match_id=? 
        and up1_0.status='ACCEPTED'
Hibernate: 
    select
        count(*) 
    from
        user_participant up1_0 
    where
        up1_0.group_match_id=? 
        and up1_0.status='ACCEPTED'
2026-05-08T16:09:10.013-07:00 DEBUG 19992 --- [nio-8080-exec-8] org.hibernate.SQL                        : 
    select
        count(*) 
    from
        user_participant up1_0 
    where
        up1_0.group_match_id=? 
        and up1_0.status='ACCEPTED'
Hibernate: 
    select
        count(*) 
    from
        user_participant up1_0 
    where
        up1_0.group_match_id=? 
        and up1_0.status='ACCEPTED'
2026-05-08T16:09:10.016-07:00 DEBUG 19992 --- [nio-8080-exec-8] org.hibernate.SQL                        : 
    select
        count(*) 
    from
        user_participant up1_0 
    where
        up1_0.group_match_id=? 
        and up1_0.status='ACCEPTED'
Hibernate: 
    select
        count(*) 
    from
        user_participant up1_0 
    where
        up1_0.group_match_id=? 
        and up1_0.status='ACCEPTED'
2026-05-08T16:09:10.018-07:00 DEBUG 19992 --- [nio-8080-exec-8] org.hibernate.SQL                        : 
    select
        count(*) 
    from
        user_participant up1_0 
    where
        up1_0.group_match_id=? 
        and up1_0.status='ACCEPTED'
Hibernate: 
    select
        count(*) 
    from
        user_participant up1_0 
    where
        up1_0.group_match_id=? 
        and up1_0.status='ACCEPTED'
2026-05-08T16:09:10.022-07:00 DEBUG 19992 --- [nio-8080-exec-8] org.hibernate.SQL                        : 
    select
        count(*) 
    from
        user_participant up1_0 
    where
        up1_0.group_match_id=? 
        and up1_0.status='ACCEPTED'
Hibernate: 
    select
        count(*) 
    from
        user_participant up1_0 
    where
        up1_0.group_match_id=? 
        and up1_0.status='ACCEPTED'
2026-05-08T16:09:10.025-07:00 DEBUG 19992 --- [nio-8080-exec-8] o.s.w.s.m.m.a.HttpEntityMethodProcessor  : Using 'application/json', given [application/json, text/plain, */*] and supported [application/json, application/*+json]
2026-05-08T16:09:10.025-07:00 DEBUG 19992 --- [nio-8080-exec-8] o.s.w.s.m.m.a.HttpEntityMethodProcessor  : Writing [[GroupMatchDto.Response(id=1, name=Football Match Downtown, description=Casual football game in the  (truncated)...]
2026-05-08T16:09:10.027-07:00 DEBUG 19992 --- [nio-8080-exec-8] o.s.web.servlet.DispatcherServlet        : Completed 200 OK
2026-05-08T16:09:13.412-07:00 DEBUG 19992 --- [nio-8080-exec-5] o.s.web.servlet.DispatcherServlet        : GET "/api/users", parameters={}
2026-05-08T16:09:13.413-07:00 DEBUG 19992 --- [nio-8080-exec-5] s.w.s.m.m.a.RequestMappingHandlerMapping : Mapped to com.example.campconnect_backend.Controllers.UserController#getAll()
2026-05-08T16:09:13.417-07:00 DEBUG 19992 --- [nio-8080-exec-5] org.hibernate.SQL                        : 
    select
        u1_0.id,
        u1_0.avatar_url,
        u1_0.email,
        u1_0.password,
        u1_0.username 
    from
        users u1_0
Hibernate: 
    select
        u1_0.id,
        u1_0.avatar_url,
        u1_0.email,
        u1_0.password,
        u1_0.username 
    from
        users u1_0
2026-05-08T16:09:13.422-07:00 DEBUG 19992 --- [nio-8080-exec-5] o.s.w.s.m.m.a.HttpEntityMethodProcessor  : Using 'application/json', given [application/json, text/plain, */*] and supported [application/json, application/*+json]
2026-05-08T16:09:13.423-07:00 DEBUG 19992 --- [nio-8080-exec-5] o.s.w.s.m.m.a.HttpEntityMethodProcessor  : Writing [[UserDto.Response(id=1, username=john_doe, email=john@example.com, avatarUrl=https://example.com/ava (truncated)...]
2026-05-08T16:09:13.426-07:00 DEBUG 19992 --- [nio-8080-exec-5] o.s.web.servlet.DispatcherServlet        : Completed 200 OK
2026-05-08T16:09:24.882-07:00 DEBUG 19992 --- [io-8080-exec-10] o.s.web.servlet.DispatcherServlet        : GET "/api/users", parameters={}
2026-05-08T16:09:24.885-07:00 DEBUG 19992 --- [io-8080-exec-10] s.w.s.m.m.a.RequestMappingHandlerMapping : Mapped to com.example.campconnect_backend.Controllers.UserController#getAll()
2026-05-08T16:09:24.890-07:00 DEBUG 19992 --- [io-8080-exec-10] org.hibernate.SQL                        : 
    select
        u1_0.id,
        u1_0.avatar_url,
        u1_0.email,
        u1_0.password,
        u1_0.username 
    from
        users u1_0
Hibernate: 
    select
        u1_0.id,
        u1_0.avatar_url,
        u1_0.email,
        u1_0.password,
        u1_0.username 
    from
        users u1_0
2026-05-08T16:09:24.893-07:00 DEBUG 19992 --- [io-8080-exec-10] o.s.w.s.m.m.a.HttpEntityMethodProcessor  : Using 'application/json', given [application/json, text/plain, */*] and supported [application/json, application/*+json]
2026-05-08T16:09:24.894-07:00 DEBUG 19992 --- [io-8080-exec-10] o.s.w.s.m.m.a.HttpEntityMethodProcessor  : Writing [[UserDto.Response(id=1, username=john_doe, email=john@example.com, avatarUrl=https://example.com/ava (truncated)...]
2026-05-08T16:09:24.895-07:00 DEBUG 19992 --- [io-8080-exec-10] o.s.web.servlet.DispatcherServlet        : Completed 200 OK
2026-05-08T16:09:24.910-07:00 DEBUG 19992 --- [nio-8080-exec-1] o.s.web.servlet.DispatcherServlet        : GET "/api/groups", parameters={}
2026-05-08T16:09:24.912-07:00 DEBUG 19992 --- [nio-8080-exec-1] s.w.s.m.m.a.RequestMappingHandlerMapping : Mapped to com.example.campconnect_backend.Controllers.GroupMatchController#getAll()
2026-05-08T16:09:24.915-07:00 DEBUG 19992 --- [nio-8080-exec-1] org.hibernate.SQL                        : 
    select
        gm1_0.id,
        gm1_0.created_at,
        gm1_0.description,
        gm1_0.latitude,
        gm1_0.location,
        gm1_0.longitude,
        gm1_0.max_participants,
        gm1_0.name,
        gm1_0.scheduled_at,
        gm1_0.skill_level,
        gm1_0.sport 
    from
        group_match gm1_0
Hibernate: 
    select
        gm1_0.id,
        gm1_0.created_at,
        gm1_0.description,
        gm1_0.latitude,
        gm1_0.location,
        gm1_0.longitude,
        gm1_0.max_participants,
        gm1_0.name,
        gm1_0.scheduled_at,
        gm1_0.skill_level,
        gm1_0.sport 
    from
        group_match gm1_0
2026-05-08T16:09:24.923-07:00 DEBUG 19992 --- [nio-8080-exec-1] org.hibernate.SQL                        : 
    select
        count(*) 
    from
        user_participant up1_0 
    where
        up1_0.group_match_id=? 
        and up1_0.status='ACCEPTED'
Hibernate: 
    select
        count(*) 
    from
        user_participant up1_0 
    where
        up1_0.group_match_id=? 
        and up1_0.status='ACCEPTED'
2026-05-08T16:09:24.925-07:00 DEBUG 19992 --- [nio-8080-exec-1] org.hibernate.SQL                        : 
    select
        count(*) 
    from
        user_participant up1_0 
    where
        up1_0.group_match_id=? 
        and up1_0.status='ACCEPTED'
Hibernate: 
    select
        count(*) 
    from
        user_participant up1_0 
    where
        up1_0.group_match_id=? 
        and up1_0.status='ACCEPTED'
2026-05-08T16:09:24.927-07:00 DEBUG 19992 --- [nio-8080-exec-1] org.hibernate.SQL                        : 
    select
        count(*) 
    from
        user_participant up1_0 
    where
        up1_0.group_match_id=? 
        and up1_0.status='ACCEPTED'
Hibernate: 
    select
        count(*) 
    from
        user_participant up1_0 
    where
        up1_0.group_match_id=? 
        and up1_0.status='ACCEPTED'
2026-05-08T16:09:24.929-07:00 DEBUG 19992 --- [nio-8080-exec-1] org.hibernate.SQL                        : 
    select
        count(*) 
    from
        user_participant up1_0 
    where
        up1_0.group_match_id=? 
        and up1_0.status='ACCEPTED'
Hibernate: 
    select
        count(*) 
    from
        user_participant up1_0 
    where
        up1_0.group_match_id=? 
        and up1_0.status='ACCEPTED'
2026-05-08T16:09:24.931-07:00 DEBUG 19992 --- [nio-8080-exec-1] org.hibernate.SQL                        : 
    select
        count(*) 
    from
        user_participant up1_0 
    where
        up1_0.group_match_id=? 
        and up1_0.status='ACCEPTED'
Hibernate: 
    select
        count(*) 
    from
        user_participant up1_0 
    where
        up1_0.group_match_id=? 
        and up1_0.status='ACCEPTED'
2026-05-08T16:09:24.933-07:00 DEBUG 19992 --- [nio-8080-exec-1] o.s.w.s.m.m.a.HttpEntityMethodProcessor  : Using 'application/json', given [application/json, text/plain, */*] and supported [application/json, application/*+json]
2026-05-08T16:09:24.934-07:00 DEBUG 19992 --- [nio-8080-exec-1] o.s.w.s.m.m.a.HttpEntityMethodProcessor  : Writing [[GroupMatchDto.Response(id=1, name=Football Match Downtown, description=Casual football game in the  (truncated)...]
2026-05-08T16:09:24.936-07:00 DEBUG 19992 --- [nio-8080-exec-1] o.s.web.servlet.DispatcherServlet        : Completed 200 OK
2026-05-08T16:09:30.195-07:00 DEBUG 19992 --- [nio-8080-exec-3] o.s.web.servlet.DispatcherServlet        : GET "/api/groups/1", parameters={}
2026-05-08T16:09:30.196-07:00 DEBUG 19992 --- [nio-8080-exec-3] s.w.s.m.m.a.RequestMappingHandlerMapping : Mapped to com.example.campconnect_backend.Controllers.GroupMatchController#getById(Long)
2026-05-08T16:09:30.198-07:00 DEBUG 19992 --- [nio-8080-exec-3] org.hibernate.SQL                        : 
    select
        gm1_0.id,
        gm1_0.created_at,
        gm1_0.description,
        gm1_0.latitude,
        gm1_0.location,
        gm1_0.longitude,
        gm1_0.max_participants,
        gm1_0.name,
        gm1_0.scheduled_at,
        gm1_0.skill_level,
        gm1_0.sport 
    from
        group_match gm1_0 
    where
        gm1_0.id=?
Hibernate: 
    select
        gm1_0.id,
        gm1_0.created_at,
        gm1_0.description,
        gm1_0.latitude,
        gm1_0.location,
        gm1_0.longitude,
        gm1_0.max_participants,
        gm1_0.name,
        gm1_0.scheduled_at,
        gm1_0.skill_level,
        gm1_0.sport 
    from
        group_match gm1_0 
    where
        gm1_0.id=?
2026-05-08T16:09:30.203-07:00 DEBUG 19992 --- [nio-8080-exec-3] org.hibernate.SQL                        : 
    select
        count(*) 
    from
        user_participant up1_0 
    where
        up1_0.group_match_id=? 
        and up1_0.status='ACCEPTED'
Hibernate: 
    select
        count(*) 
    from
        user_participant up1_0 
    where
        up1_0.group_match_id=? 
        and up1_0.status='ACCEPTED'
2026-05-08T16:09:30.205-07:00 DEBUG 19992 --- [nio-8080-exec-3] o.s.w.s.m.m.a.HttpEntityMethodProcessor  : Using 'application/json', given [application/json, text/plain, */*] and supported [application/json, application/*+json]
2026-05-08T16:09:30.205-07:00 DEBUG 19992 --- [nio-8080-exec-3] o.s.w.s.m.m.a.HttpEntityMethodProcessor  : Writing [GroupMatchDto.Response(id=1, name=Football Match Downtown, description=Casual football game in the c (truncated)...]
2026-05-08T16:09:30.208-07:00 DEBUG 19992 --- [nio-8080-exec-3] o.s.web.servlet.DispatcherServlet        : Completed 200 OK
2026-05-08T16:09:30.214-07:00 DEBUG 19992 --- [nio-8080-exec-2] o.s.web.servlet.DispatcherServlet        : GET "/api/participants/group/1", parameters={}
2026-05-08T16:09:30.214-07:00 DEBUG 19992 --- [nio-8080-exec-2] s.w.s.m.m.a.RequestMappingHandlerMapping : Mapped to com.example.campconnect_backend.Controllers.UserParticipantController#getByGroup(Long)
2026-05-08T16:09:30.221-07:00 DEBUG 19992 --- [nio-8080-exec-2] org.hibernate.SQL                        : 
    select
        up1_0.group_match_id,
        up1_0.user_id,
        up1_0.joined_at,
        up1_0.role,
        up1_0.score,
        up1_0.status 
    from
        user_participant up1_0 
    left join
        group_match gm1_0 
            on gm1_0.id=up1_0.group_match_id 
    where
        gm1_0.id=?
Hibernate: 
    select
        up1_0.group_match_id,
        up1_0.user_id,
        up1_0.joined_at,
        up1_0.role,
        up1_0.score,
        up1_0.status 
    from
        user_participant up1_0 
    left join
        group_match gm1_0 
            on gm1_0.id=up1_0.group_match_id 
    where
        gm1_0.id=?
2026-05-08T16:09:30.228-07:00 DEBUG 19992 --- [nio-8080-exec-2] org.hibernate.SQL                        : 
    select
        u1_0.id,
        u1_0.avatar_url,
        u1_0.email,
        u1_0.password,
        u1_0.username 
    from
        users u1_0 
    where
        u1_0.id=?
Hibernate: 
    select
        u1_0.id,
        u1_0.avatar_url,
        u1_0.email,
        u1_0.password,
        u1_0.username 
    from
        users u1_0 
    where
        u1_0.id=?
2026-05-08T16:09:30.230-07:00 DEBUG 19992 --- [nio-8080-exec-2] org.hibernate.SQL                        : 
    select
        gm1_0.id,
        gm1_0.created_at,
        gm1_0.description,
        gm1_0.latitude,
        gm1_0.location,
        gm1_0.longitude,
        gm1_0.max_participants,
        gm1_0.name,
        gm1_0.scheduled_at,
        gm1_0.skill_level,
        gm1_0.sport 
    from
        group_match gm1_0 
    where
        gm1_0.id=?
Hibernate: 
    select
        gm1_0.id,
        gm1_0.created_at,
        gm1_0.description,
        gm1_0.latitude,
        gm1_0.location,
        gm1_0.longitude,
        gm1_0.max_participants,
        gm1_0.name,
        gm1_0.scheduled_at,
        gm1_0.skill_level,
        gm1_0.sport 
    from
        group_match gm1_0 
    where
        gm1_0.id=?
2026-05-08T16:09:30.233-07:00 DEBUG 19992 --- [nio-8080-exec-2] org.hibernate.SQL                        : 
    select
        u1_0.id,
        u1_0.avatar_url,
        u1_0.email,
        u1_0.password,
        u1_0.username 
    from
        users u1_0 
    where
        u1_0.id=?
Hibernate: 
    select
        u1_0.id,
        u1_0.avatar_url,
        u1_0.email,
        u1_0.password,
        u1_0.username 
    from
        users u1_0 
    where
        u1_0.id=?
2026-05-08T16:09:30.236-07:00 DEBUG 19992 --- [nio-8080-exec-2] o.s.w.s.m.m.a.HttpEntityMethodProcessor  : Using 'application/json', given [application/json, text/plain, */*] and supported [application/json, application/*+json]
2026-05-08T16:09:30.237-07:00 DEBUG 19992 --- [nio-8080-exec-2] o.s.w.s.m.m.a.HttpEntityMethodProcessor  : Writing [[UserParticipantDto.Response(userId=1, username=john_doe, avatarUrl=https://example.com/avatar1.jpg, (truncated)...]
2026-05-08T16:09:30.238-07:00 DEBUG 19992 --- [nio-8080-exec-2] o.s.web.servlet.DispatcherServlet        : Completed 200 OK
2026-05-08T16:09:37.198-07:00 DEBUG 19992 --- [nio-8080-exec-6] o.s.web.servlet.DispatcherServlet        : GET "/api/users/2/match-by-preferences", parameters={}
2026-05-08T16:09:37.200-07:00 DEBUG 19992 --- [nio-8080-exec-6] o.s.w.s.handler.SimpleUrlHandlerMapping  : Mapped to ResourceHttpRequestHandler [classpath [META-INF/resources/], classpath [resources/], classpath [static/], classpath [public/], ServletContext [/]]
2026-05-08T16:09:37.200-07:00 DEBUG 19992 --- [nio-8080-exec-4] o.s.web.servlet.DispatcherServlet        : GET "/api/users/2/preferences", parameters={}
2026-05-08T16:09:37.201-07:00 DEBUG 19992 --- [nio-8080-exec-4] s.w.s.m.m.a.RequestMappingHandlerMapping : Mapped to com.example.campconnect_backend.Controllers.UserController#getPreferences(Long)
2026-05-08T16:09:37.223-07:00 DEBUG 19992 --- [nio-8080-exec-4] org.hibernate.SQL                        : 
    select
        up1_0.id,
        up1_0.age_max,
        up1_0.age_min,
        up1_0.availability,
        up1_0.city,
        up1_0.engagement_level,
        up1_0.group_size_max,
        up1_0.group_size_min,
        up1_0.languages,
        up1_0.latitude,
        up1_0.longitude,
        up1_0.radius_km,
        up1_0.skill_level,
        up1_0.sports,
        up1_0.user_id 
    from
        user_preferences up1_0 
    left join
        users u1_0 
            on u1_0.id=up1_0.user_id 
    where
        u1_0.id=?
Hibernate: 
    select
        up1_0.id,
        up1_0.age_max,
        up1_0.age_min,
        up1_0.availability,
        up1_0.city,
        up1_0.engagement_level,
        up1_0.group_size_max,
        up1_0.group_size_min,
        up1_0.languages,
        up1_0.latitude,
        up1_0.longitude,
        up1_0.radius_km,
        up1_0.skill_level,
        up1_0.sports,
        up1_0.user_id 
    from
        user_preferences up1_0 
    left join
        users u1_0 
            on u1_0.id=up1_0.user_id 
    where
        u1_0.id=?
2026-05-08T16:09:37.240-07:00 DEBUG 19992 --- [nio-8080-exec-4] o.s.w.s.m.m.a.HttpEntityMethodProcessor  : Using 'application/json', given [application/json, text/plain, */*] and supported [application/json, application/*+json]
2026-05-08T16:09:37.250-07:00 DEBUG 19992 --- [nio-8080-exec-4] o.s.w.s.m.m.a.HttpEntityMethodProcessor  : Writing [UserPreferenceDto.Response(id=2, userId=2, sports=tennis,badminton, skillLevel=ADVANCED, ageMin=25,  (truncated)...]
2026-05-08T16:09:37.262-07:00 DEBUG 19992 --- [nio-8080-exec-4] o.s.web.servlet.DispatcherServlet        : Completed 200 OK
2026-05-08T16:09:37.372-07:00 DEBUG 19992 --- [nio-8080-exec-6] o.s.w.s.r.ResourceHttpRequestHandler     : Resource not found
2026-05-08T16:09:37.373-07:00 DEBUG 19992 --- [nio-8080-exec-6] .w.s.m.s.DefaultHandlerExceptionResolver : Resolved [org.springframework.web.servlet.resource.NoResourceFoundException: No static resource api/users/2/match-by-preferences.]
2026-05-08T16:09:37.373-07:00 DEBUG 19992 --- [nio-8080-exec-6] o.s.web.servlet.DispatcherServlet        : Completed 404 NOT_FOUND
2026-05-08T16:09:37.374-07:00 DEBUG 19992 --- [nio-8080-exec-6] o.s.web.servlet.DispatcherServlet        : "ERROR" dispatch for GET "/error", parameters={}
2026-05-08T16:09:37.374-07:00 DEBUG 19992 --- [nio-8080-exec-6] s.w.s.m.m.a.RequestMappingHandlerMapping : Mapped to org.springframework.boot.autoconfigure.web.servlet.error.BasicErrorController#error(HttpServletRequest)
2026-05-08T16:09:37.375-07:00 DEBUG 19992 --- [nio-8080-exec-6] o.s.w.s.m.m.a.HttpEntityMethodProcessor  : Using 'application/json', given [application/json, text/plain, */*] and supported [application/json, application/*+json]
2026-05-08T16:09:37.376-07:00 DEBUG 19992 --- [nio-8080-exec-6] o.s.w.s.m.m.a.HttpEntityMethodProcessor  : Writing [{timestamp=Fri May 08 16:09:37 PDT 2026, status=404, error=Not Found, path=/api/users/2/match-by-pre (truncated)...]
2026-05-08T16:09:37.377-07:00 DEBUG 19992 --- [nio-8080-exec-6] o.s.web.servlet.DispatcherServlet        : Exiting from "ERROR" dispatch, status 404
2026-05-08T16:09:37.381-07:00 DEBUG 19992 --- [nio-8080-exec-7] o.s.web.servlet.DispatcherServlet        : GET "/api/groups", parameters={}
2026-05-08T16:09:37.381-07:00 DEBUG 19992 --- [nio-8080-exec-9] o.s.web.servlet.DispatcherServlet        : GET "/api/users/2/preferences", parameters={}
2026-05-08T16:09:37.381-07:00 DEBUG 19992 --- [nio-8080-exec-7] s.w.s.m.m.a.RequestMappingHandlerMapping : Mapped to com.example.campconnect_backend.Controllers.GroupMatchController#getAll()
2026-05-08T16:09:37.381-07:00 DEBUG 19992 --- [nio-8080-exec-9] s.w.s.m.m.a.RequestMappingHandlerMapping : Mapped to com.example.campconnect_backend.Controllers.UserController#getPreferences(Long)
2026-05-08T16:09:37.384-07:00 DEBUG 19992 --- [nio-8080-exec-7] org.hibernate.SQL                        : 
    select
        gm1_0.id,
        gm1_0.created_at,
        gm1_0.description,
        gm1_0.latitude,
        gm1_0.location,
        gm1_0.longitude,
        gm1_0.max_participants,
        gm1_0.name,
        gm1_0.scheduled_at,
        gm1_0.skill_level,
        gm1_0.sport 
    from
        group_match gm1_0
Hibernate: 
    select
        gm1_0.id,
        gm1_0.created_at,
        gm1_0.description,
        gm1_0.latitude,
        gm1_0.location,
        gm1_0.longitude,
        gm1_0.max_participants,
        gm1_0.name,
        gm1_0.scheduled_at,
        gm1_0.skill_level,
        gm1_0.sport 
    from
        group_match gm1_0
2026-05-08T16:09:37.384-07:00 DEBUG 19992 --- [nio-8080-exec-9] org.hibernate.SQL                        : 
    select
        up1_0.id,
        up1_0.age_max,
        up1_0.age_min,
        up1_0.availability,
        up1_0.city,
        up1_0.engagement_level,
        up1_0.group_size_max,
        up1_0.group_size_min,
        up1_0.languages,
        up1_0.latitude,
        up1_0.longitude,
        up1_0.radius_km,
        up1_0.skill_level,
        up1_0.sports,
        up1_0.user_id 
    from
        user_preferences up1_0 
    left join
        users u1_0 
            on u1_0.id=up1_0.user_id 
    where
        u1_0.id=?
Hibernate: 
    select
        up1_0.id,
        up1_0.age_max,
        up1_0.age_min,
        up1_0.availability,
        up1_0.city,
        up1_0.engagement_level,
        up1_0.group_size_max,
        up1_0.group_size_min,
        up1_0.languages,
        up1_0.latitude,
        up1_0.longitude,
        up1_0.radius_km,
        up1_0.skill_level,
        up1_0.sports,
        up1_0.user_id 
    from
        user_preferences up1_0 
    left join
        users u1_0 
            on u1_0.id=up1_0.user_id 
    where
        u1_0.id=?
2026-05-08T16:09:37.389-07:00 DEBUG 19992 --- [nio-8080-exec-7] org.hibernate.SQL                        : 
    select
        count(*) 
    from
        user_participant up1_0 
    where
        up1_0.group_match_id=? 
        and up1_0.status='ACCEPTED'
Hibernate: 
    select
        count(*) 
    from
        user_participant up1_0 
    where
        up1_0.group_match_id=? 
        and up1_0.status='ACCEPTED'
2026-05-08T16:09:37.389-07:00 DEBUG 19992 --- [nio-8080-exec-9] o.s.w.s.m.m.a.HttpEntityMethodProcessor  : Using 'application/json', given [application/json, text/plain, */*] and supported [application/json, application/*+json]
2026-05-08T16:09:37.391-07:00 DEBUG 19992 --- [nio-8080-exec-9] o.s.w.s.m.m.a.HttpEntityMethodProcessor  : Writing [UserPreferenceDto.Response(id=2, userId=2, sports=tennis,badminton, skillLevel=ADVANCED, ageMin=25,  (truncated)...]
2026-05-08T16:09:37.391-07:00 DEBUG 19992 --- [nio-8080-exec-7] org.hibernate.SQL                        : 
    select
        count(*) 
    from
        user_participant up1_0 
    where
        up1_0.group_match_id=? 
        and up1_0.status='ACCEPTED'
Hibernate: 
    select
        count(*) 
    from
        user_participant up1_0 
    where
        up1_0.group_match_id=? 
        and up1_0.status='ACCEPTED'
2026-05-08T16:09:37.392-07:00 DEBUG 19992 --- [nio-8080-exec-9] o.s.web.servlet.DispatcherServlet        : Completed 200 OK
2026-05-08T16:09:37.393-07:00 DEBUG 19992 --- [nio-8080-exec-7] org.hibernate.SQL                        : 
    select
        count(*) 
    from
        user_participant up1_0 
    where
        up1_0.group_match_id=? 
        and up1_0.status='ACCEPTED'
Hibernate: 
    select
        count(*) 
    from
        user_participant up1_0 
    where
        up1_0.group_match_id=? 
        and up1_0.status='ACCEPTED'
2026-05-08T16:09:37.396-07:00 DEBUG 19992 --- [nio-8080-exec-7] org.hibernate.SQL                        : 
    select
        count(*) 
    from
        user_participant up1_0 
    where
        up1_0.group_match_id=? 
        and up1_0.status='ACCEPTED'
Hibernate: 
    select
        count(*) 
    from
        user_participant up1_0 
    where
        up1_0.group_match_id=? 
        and up1_0.status='ACCEPTED'
2026-05-08T16:09:37.398-07:00 DEBUG 19992 --- [nio-8080-exec-7] org.hibernate.SQL                        : 
    select
        count(*) 
    from
        user_participant up1_0 
    where
        up1_0.group_match_id=? 
        and up1_0.status='ACCEPTED'
Hibernate: 
    select
        count(*) 
    from
        user_participant up1_0 
    where
        up1_0.group_match_id=? 
        and up1_0.status='ACCEPTED'
2026-05-08T16:09:37.403-07:00 DEBUG 19992 --- [nio-8080-exec-7] o.s.w.s.m.m.a.HttpEntityMethodProcessor  : Using 'application/json', given [application/json, text/plain, */*] and supported [application/json, application/*+json]
2026-05-08T16:09:37.403-07:00 DEBUG 19992 --- [nio-8080-exec-7] o.s.w.s.m.m.a.HttpEntityMethodProcessor  : Writing [[GroupMatchDto.Response(id=1, name=Football Match Downtown, description=Casual football game in the  (truncated)...]
2026-05-08T16:09:37.404-07:00 DEBUG 19992 --- [nio-8080-exec-7] o.s.web.servlet.DispatcherServlet        : Completed 200 OK
2026-05-08T16:09:46.332-07:00 DEBUG 19992 --- [nio-8080-exec-5] o.s.web.servlet.DispatcherServlet        : GET "/api/users/2/preferences", parameters={}
2026-05-08T16:09:46.333-07:00 DEBUG 19992 --- [nio-8080-exec-8] o.s.web.servlet.DispatcherServlet        : GET "/api/users/groups-by-distance?userId=2", parameters={masked}
2026-05-08T16:09:46.333-07:00 DEBUG 19992 --- [nio-8080-exec-5] s.w.s.m.m.a.RequestMappingHandlerMapping : Mapped to com.example.campconnect_backend.Controllers.UserController#getPreferences(Long)
2026-05-08T16:09:46.333-07:00 DEBUG 19992 --- [nio-8080-exec-8] s.w.s.m.m.a.RequestMappingHandlerMapping : Mapped to com.example.campconnect_backend.Controllers.UserController#getById(Long)
2026-05-08T16:09:46.337-07:00 DEBUG 19992 --- [nio-8080-exec-5] org.hibernate.SQL                        : 
    select
        up1_0.id,
        up1_0.age_max,
        up1_0.age_min,
        up1_0.availability,
        up1_0.city,
        up1_0.engagement_level,
        up1_0.group_size_max,
        up1_0.group_size_min,
        up1_0.languages,
        up1_0.latitude,
        up1_0.longitude,
        up1_0.radius_km,
        up1_0.skill_level,
        up1_0.sports,
        up1_0.user_id 
    from
        user_preferences up1_0 
    left join
        users u1_0 
            on u1_0.id=up1_0.user_id 
    where
        u1_0.id=?
Hibernate: 
    select
        up1_0.id,
        up1_0.age_max,
        up1_0.age_min,
        up1_0.availability,
        up1_0.city,
        up1_0.engagement_level,
        up1_0.group_size_max,
        up1_0.group_size_min,
        up1_0.languages,
        up1_0.latitude,
        up1_0.longitude,
        up1_0.radius_km,
        up1_0.skill_level,
        up1_0.sports,
        up1_0.user_id 
    from
        user_preferences up1_0 
    left join
        users u1_0 
            on u1_0.id=up1_0.user_id 
    where
        u1_0.id=?
2026-05-08T16:09:46.343-07:00 DEBUG 19992 --- [nio-8080-exec-5] o.s.w.s.m.m.a.HttpEntityMethodProcessor  : Using 'application/json', given [application/json, text/plain, */*] and supported [application/json, application/*+json]
2026-05-08T16:09:46.344-07:00 DEBUG 19992 --- [nio-8080-exec-5] o.s.w.s.m.m.a.HttpEntityMethodProcessor  : Writing [UserPreferenceDto.Response(id=2, userId=2, sports=tennis,badminton, skillLevel=ADVANCED, ageMin=25,  (truncated)...]
2026-05-08T16:09:46.345-07:00 DEBUG 19992 --- [nio-8080-exec-5] o.s.web.servlet.DispatcherServlet        : Completed 200 OK
2026-05-08T16:09:46.347-07:00 DEBUG 19992 --- [nio-8080-exec-8] o.s.web.method.HandlerMethod             : Could not resolve parameter [0] in public org.springframework.http.ResponseEntity<com.example.campconnect_backend.Dto.UserDto$Response> com.example.campconnect_backend.Controllers.UserController.getById(java.lang.Long): Method parameter 'id': Failed to convert value of type 'java.lang.String' to required type 'java.lang.Long'; For input string: "groups-by-distance"
2026-05-08T16:09:46.350-07:00  WARN 19992 --- [nio-8080-exec-8] .w.s.m.s.DefaultHandlerExceptionResolver : Resolved [org.springframework.web.method.annotation.MethodArgumentTypeMismatchException: Method parameter 'id': Failed to convert value of type 'java.lang.String' to required type 'java.lang.Long'; For input string: "groups-by-distance"]
2026-05-08T16:09:46.351-07:00 DEBUG 19992 --- [nio-8080-exec-8] o.s.web.servlet.DispatcherServlet        : Completed 400 BAD_REQUEST
2026-05-08T16:09:46.352-07:00 DEBUG 19992 --- [nio-8080-exec-8] o.s.web.servlet.DispatcherServlet        : "ERROR" dispatch for GET "/error?userId=2", parameters={masked}
2026-05-08T16:09:46.353-07:00 DEBUG 19992 --- [nio-8080-exec-8] s.w.s.m.m.a.RequestMappingHandlerMapping : Mapped to org.springframework.boot.autoconfigure.web.servlet.error.BasicErrorController#error(HttpServletRequest)
2026-05-08T16:09:46.354-07:00 DEBUG 19992 --- [nio-8080-exec-8] o.s.w.s.m.m.a.HttpEntityMethodProcessor  : Using 'application/json', given [application/json, text/plain, */*] and supported [application/json, application/*+json]
2026-05-08T16:09:46.355-07:00 DEBUG 19992 --- [nio-8080-exec-8] o.s.w.s.m.m.a.HttpEntityMethodProcessor  : Writing [{timestamp=Fri May 08 16:09:46 PDT 2026, status=400, error=Bad Request, path=/api/users/groups-by-di (truncated)...]
2026-05-08T16:09:46.357-07:00 DEBUG 19992 --- [nio-8080-exec-8] o.s.web.servlet.DispatcherServlet        : Exiting from "ERROR" dispatch, status 400
2026-05-08T16:09:46.361-07:00 DEBUG 19992 --- [nio-8080-exec-1] o.s.web.servlet.DispatcherServlet        : GET "/api/groups", parameters={}
2026-05-08T16:09:46.361-07:00 DEBUG 19992 --- [io-8080-exec-10] o.s.web.servlet.DispatcherServlet        : GET "/api/users/2/preferences", parameters={}
2026-05-08T16:09:46.362-07:00 DEBUG 19992 --- [nio-8080-exec-1] s.w.s.m.m.a.RequestMappingHandlerMapping : Mapped to com.example.campconnect_backend.Controllers.GroupMatchController#getAll()
2026-05-08T16:09:46.363-07:00 DEBUG 19992 --- [io-8080-exec-10] s.w.s.m.m.a.RequestMappingHandlerMapping : Mapped to com.example.campconnect_backend.Controllers.UserController#getPreferences(Long)
2026-05-08T16:09:46.376-07:00 DEBUG 19992 --- [nio-8080-exec-1] org.hibernate.SQL                        : 
    select
        gm1_0.id,
        gm1_0.created_at,
        gm1_0.description,
        gm1_0.latitude,
        gm1_0.location,
        gm1_0.longitude,
        gm1_0.max_participants,
        gm1_0.name,
        gm1_0.scheduled_at,
        gm1_0.skill_level,
        gm1_0.sport 
    from
        group_match gm1_0
Hibernate: 
    select
        gm1_0.id,
        gm1_0.created_at,
        gm1_0.description,
        gm1_0.latitude,
        gm1_0.location,
        gm1_0.longitude,
        gm1_0.max_participants,
        gm1_0.name,
        gm1_0.scheduled_at,
        gm1_0.skill_level,
        gm1_0.sport 
    from
        group_match gm1_0
2026-05-08T16:09:46.376-07:00 DEBUG 19992 --- [io-8080-exec-10] org.hibernate.SQL                        : 
    select
        up1_0.id,
        up1_0.age_max,
        up1_0.age_min,
        up1_0.availability,
        up1_0.city,
        up1_0.engagement_level,
        up1_0.group_size_max,
        up1_0.group_size_min,
        up1_0.languages,
        up1_0.latitude,
        up1_0.longitude,
        up1_0.radius_km,
        up1_0.skill_level,
        up1_0.sports,
        up1_0.user_id 
    from
        user_preferences up1_0 
    left join
        users u1_0 
            on u1_0.id=up1_0.user_id 
    where
        u1_0.id=?
Hibernate: 
    select
        up1_0.id,
        up1_0.age_max,
        up1_0.age_min,
        up1_0.availability,
        up1_0.city,
        up1_0.engagement_level,
        up1_0.group_size_max,
        up1_0.group_size_min,
        up1_0.languages,
        up1_0.latitude,
        up1_0.longitude,
        up1_0.radius_km,
        up1_0.skill_level,
        up1_0.sports,
        up1_0.user_id 
    from
        user_preferences up1_0 
    left join
        users u1_0 
            on u1_0.id=up1_0.user_id 
    where
        u1_0.id=?
2026-05-08T16:09:46.382-07:00 DEBUG 19992 --- [nio-8080-exec-1] org.hibernate.SQL                        : 
    select
        count(*) 
    from
        user_participant up1_0 
    where
        up1_0.group_match_id=? 
        and up1_0.status='ACCEPTED'
Hibernate: 
    select
        count(*) 
    from
        user_participant up1_0 
    where
        up1_0.group_match_id=? 
        and up1_0.status='ACCEPTED'
2026-05-08T16:09:46.382-07:00 DEBUG 19992 --- [io-8080-exec-10] o.s.w.s.m.m.a.HttpEntityMethodProcessor  : Using 'application/json', given [application/json, text/plain, */*] and supported [application/json, application/*+json]
2026-05-08T16:09:46.385-07:00 DEBUG 19992 --- [nio-8080-exec-1] org.hibernate.SQL                        : 
    select
        count(*) 
    from
        user_participant up1_0 
    where
        up1_0.group_match_id=? 
        and up1_0.status='ACCEPTED'
Hibernate: 
    select
        count(*) 
    from
        user_participant up1_0 
    where
        up1_0.group_match_id=? 
        and up1_0.status='ACCEPTED'
2026-05-08T16:09:46.385-07:00 DEBUG 19992 --- [io-8080-exec-10] o.s.w.s.m.m.a.HttpEntityMethodProcessor  : Writing [UserPreferenceDto.Response(id=2, userId=2, sports=tennis,badminton, skillLevel=ADVANCED, ageMin=25,  (truncated)...]
2026-05-08T16:09:46.392-07:00 DEBUG 19992 --- [nio-8080-exec-1] org.hibernate.SQL                        : 
    select
        count(*) 
    from
        user_participant up1_0 
    where
        up1_0.group_match_id=? 
        and up1_0.status='ACCEPTED'
Hibernate: 
    select
        count(*) 
    from
        user_participant up1_0 
    where
        up1_0.group_match_id=? 
        and up1_0.status='ACCEPTED'
2026-05-08T16:09:46.393-07:00 DEBUG 19992 --- [io-8080-exec-10] o.s.web.servlet.DispatcherServlet        : Completed 200 OK
2026-05-08T16:09:46.395-07:00 DEBUG 19992 --- [nio-8080-exec-1] org.hibernate.SQL                        : 
    select
        count(*) 
    from
        user_participant up1_0 
    where
        up1_0.group_match_id=? 
        and up1_0.status='ACCEPTED'
Hibernate: 
    select
        count(*) 
    from
        user_participant up1_0 
    where
        up1_0.group_match_id=? 
        and up1_0.status='ACCEPTED'
2026-05-08T16:09:46.401-07:00 DEBUG 19992 --- [nio-8080-exec-1] org.hibernate.SQL                        : 
    select
        count(*) 
    from
        user_participant up1_0 
    where
        up1_0.group_match_id=? 
        and up1_0.status='ACCEPTED'
Hibernate: 
    select
        count(*) 
    from
        user_participant up1_0 
    where
        up1_0.group_match_id=? 
        and up1_0.status='ACCEPTED'
2026-05-08T16:09:46.405-07:00 DEBUG 19992 --- [nio-8080-exec-1] o.s.w.s.m.m.a.HttpEntityMethodProcessor  : Using 'application/json', given [application/json, text/plain, */*] and supported [application/json, application/*+json]
2026-05-08T16:09:46.407-07:00 DEBUG 19992 --- [nio-8080-exec-1] o.s.w.s.m.m.a.HttpEntityMethodProcessor  : Writing [[GroupMatchDto.Response(id=1, name=Football Match Downtown, description=Casual football game in the  (truncated)...]
2026-05-08T16:09:46.415-07:00 DEBUG 19992 --- [nio-8080-exec-1] o.s.web.servlet.DispatcherServlet        : Completed 200 OK
2026-05-08T16:09:51.826-07:00 DEBUG 19992 --- [nio-8080-exec-3] o.s.web.servlet.DispatcherServlet        : GET "/api/users/2/preferences", parameters={}
2026-05-08T16:09:51.826-07:00 DEBUG 19992 --- [nio-8080-exec-3] s.w.s.m.m.a.RequestMappingHandlerMapping : Mapped to com.example.campconnect_backend.Controllers.UserController#getPreferences(Long)
2026-05-08T16:09:51.831-07:00 DEBUG 19992 --- [nio-8080-exec-3] org.hibernate.SQL                        : 
    select
        up1_0.id,
        up1_0.age_max,
        up1_0.age_min,
        up1_0.availability,
        up1_0.city,
        up1_0.engagement_level,
        up1_0.group_size_max,
        up1_0.group_size_min,
        up1_0.languages,
        up1_0.latitude,
        up1_0.longitude,
        up1_0.radius_km,
        up1_0.skill_level,
        up1_0.sports,
        up1_0.user_id 
    from
        user_preferences up1_0 
    left join
        users u1_0 
            on u1_0.id=up1_0.user_id 
    where
        u1_0.id=?
Hibernate: 
    select
        up1_0.id,
        up1_0.age_max,
        up1_0.age_min,
        up1_0.availability,
        up1_0.city,
        up1_0.engagement_level,
        up1_0.group_size_max,
        up1_0.group_size_min,
        up1_0.languages,
        up1_0.latitude,
        up1_0.longitude,
        up1_0.radius_km,
        up1_0.skill_level,
        up1_0.sports,
        up1_0.user_id 
    from
        user_preferences up1_0 
    left join
        users u1_0 
            on u1_0.id=up1_0.user_id 
    where
        u1_0.id=?
2026-05-08T16:09:51.836-07:00 DEBUG 19992 --- [nio-8080-exec-3] o.s.w.s.m.m.a.HttpEntityMethodProcessor  : Using 'application/json', given [application/json, text/plain, */*] and supported [application/json, application/*+json]
2026-05-08T16:09:51.837-07:00 DEBUG 19992 --- [nio-8080-exec-3] o.s.w.s.m.m.a.HttpEntityMethodProcessor  : Writing [UserPreferenceDto.Response(id=2, userId=2, sports=tennis,badminton, skillLevel=ADVANCED, ageMin=25,  (truncated)...]
2026-05-08T16:09:51.839-07:00 DEBUG 19992 --- [nio-8080-exec-3] o.s.web.servlet.DispatcherServlet        : Completed 200 OK
2026-05-08T16:10:02.408-07:00 DEBUG 19992 --- [nio-8080-exec-2] o.s.web.servlet.DispatcherServlet        : GET "/api/users", parameters={}
2026-05-08T16:10:02.408-07:00 DEBUG 19992 --- [nio-8080-exec-2] s.w.s.m.m.a.RequestMappingHandlerMapping : Mapped to com.example.campconnect_backend.Controllers.UserController#getAll()
2026-05-08T16:10:02.412-07:00 DEBUG 19992 --- [nio-8080-exec-2] org.hibernate.SQL                        : 
    select
        u1_0.id,
        u1_0.avatar_url,
        u1_0.email,
        u1_0.password,
        u1_0.username 
    from
        users u1_0
Hibernate: 
    select
        u1_0.id,
        u1_0.avatar_url,
        u1_0.email,
        u1_0.password,
        u1_0.username 
    from
        users u1_0
2026-05-08T16:10:02.416-07:00 DEBUG 19992 --- [nio-8080-exec-2] o.s.w.s.m.m.a.HttpEntityMethodProcessor  : Using 'application/json', given [application/json, text/plain, */*] and supported [application/json, application/*+json]
2026-05-08T16:10:02.416-07:00 DEBUG 19992 --- [nio-8080-exec-2] o.s.w.s.m.m.a.HttpEntityMethodProcessor  : Writing [[UserDto.Response(id=1, username=john_doe, email=john@example.com, avatarUrl=https://example.com/ava (truncated)...]
2026-05-08T16:10:02.418-07:00 DEBUG 19992 --- [nio-8080-exec-2] o.s.web.servlet.DispatcherServlet        : Completed 200 OK
2026-05-08T16:10:02.424-07:00 DEBUG 19992 --- [nio-8080-exec-4] o.s.web.servlet.DispatcherServlet        : GET "/api/messages/conversation/2/1", parameters={}
2026-05-08T16:10:02.425-07:00 DEBUG 19992 --- [nio-8080-exec-4] s.w.s.m.m.a.RequestMappingHandlerMapping : Mapped to com.example.campconnect_backend.Controllers.MessageController#getConversation(Long, Long)
2026-05-08T16:10:02.429-07:00 DEBUG 19992 --- [nio-8080-exec-4] org.hibernate.SQL                        : 
    select
        m1_0.id,
        m1_0.content,
        m1_0.group_match_id,
        m1_0.is_read,
        m1_0.receiver_id,
        m1_0.sender_id,
        m1_0.sent_at 
    from
        messages m1_0 
    where
        (
            m1_0.sender_id=? 
            and m1_0.receiver_id=?
        ) 
        or (
            m1_0.sender_id=? 
            and m1_0.receiver_id=?
        ) 
    order by
        m1_0.sent_at
Hibernate: 
    select
        m1_0.id,
        m1_0.content,
        m1_0.group_match_id,
        m1_0.is_read,
        m1_0.receiver_id,
        m1_0.sender_id,
        m1_0.sent_at 
    from
        messages m1_0 
    where
        (
            m1_0.sender_id=? 
            and m1_0.receiver_id=?
        ) 
        or (
            m1_0.sender_id=? 
            and m1_0.receiver_id=?
        ) 
    order by
        m1_0.sent_at
2026-05-08T16:10:02.431-07:00 DEBUG 19992 --- [nio-8080-exec-4] org.hibernate.SQL                        : 
    select
        u1_0.id,
        u1_0.avatar_url,
        u1_0.email,
        u1_0.password,
        u1_0.username 
    from
        users u1_0 
    where
        u1_0.id=?
Hibernate: 
    select
        u1_0.id,
        u1_0.avatar_url,
        u1_0.email,
        u1_0.password,
        u1_0.username 
    from
        users u1_0 
    where
        u1_0.id=?
2026-05-08T16:10:02.434-07:00 DEBUG 19992 --- [nio-8080-exec-4] org.hibernate.SQL                        : 
    select
        u1_0.id,
        u1_0.avatar_url,
        u1_0.email,
        u1_0.password,
        u1_0.username 
    from
        users u1_0 
    where
        u1_0.id=?
Hibernate: 
    select
        u1_0.id,
        u1_0.avatar_url,
        u1_0.email,
        u1_0.password,
        u1_0.username 
    from
        users u1_0 
    where
        u1_0.id=?
2026-05-08T16:10:02.437-07:00 DEBUG 19992 --- [nio-8080-exec-4] o.s.w.s.m.m.a.HttpEntityMethodProcessor  : Using 'application/json', given [application/json, text/plain, */*] and supported [application/json, application/*+json]
2026-05-08T16:10:02.438-07:00 DEBUG 19992 --- [nio-8080-exec-4] o.s.w.s.m.m.a.HttpEntityMethodProcessor  : Writing [[MessageDto.Response(id=6, content=Hi John, want to practice together?, sentAt=2026-04-06T08:30, sen (truncated)...]
2026-05-08T16:10:02.439-07:00 DEBUG 19992 --- [nio-8080-exec-4] o.s.web.servlet.DispatcherServlet        : Completed 200 OK
2026-05-08T16:10:06.403-07:00 DEBUG 19992 --- [nio-8080-exec-6] o.s.web.servlet.DispatcherServlet        : GET "/api/messages/conversation/2/1", parameters={}
2026-05-08T16:10:06.405-07:00 DEBUG 19992 --- [nio-8080-exec-6] s.w.s.m.m.a.RequestMappingHandlerMapping : Mapped to com.example.campconnect_backend.Controllers.MessageController#getConversation(Long, Long)
2026-05-08T16:10:06.408-07:00 DEBUG 19992 --- [nio-8080-exec-6] org.hibernate.SQL                        : 
    select
        m1_0.id,
        m1_0.content,
        m1_0.group_match_id,
        m1_0.is_read,
        m1_0.receiver_id,
        m1_0.sender_id,
        m1_0.sent_at 
    from
        messages m1_0 
    where
        (
            m1_0.sender_id=? 
            and m1_0.receiver_id=?
        ) 
        or (
            m1_0.sender_id=? 
            and m1_0.receiver_id=?
        ) 
    order by
        m1_0.sent_at
Hibernate: 
    select
        m1_0.id,
        m1_0.content,
        m1_0.group_match_id,
        m1_0.is_read,
        m1_0.receiver_id,
        m1_0.sender_id,
        m1_0.sent_at 
    from
        messages m1_0 
    where
        (
            m1_0.sender_id=? 
            and m1_0.receiver_id=?
        ) 
        or (
            m1_0.sender_id=? 
            and m1_0.receiver_id=?
        ) 
    order by
        m1_0.sent_at
2026-05-08T16:10:06.413-07:00 DEBUG 19992 --- [nio-8080-exec-6] org.hibernate.SQL                        : 
    select
        u1_0.id,
        u1_0.avatar_url,
        u1_0.email,
        u1_0.password,
        u1_0.username 
    from
        users u1_0 
    where
        u1_0.id=?
Hibernate: 
    select
        u1_0.id,
        u1_0.avatar_url,
        u1_0.email,
        u1_0.password,
        u1_0.username 
    from
        users u1_0 
    where
        u1_0.id=?
2026-05-08T16:10:06.416-07:00 DEBUG 19992 --- [nio-8080-exec-6] org.hibernate.SQL                        : 
    select
        u1_0.id,
        u1_0.avatar_url,
        u1_0.email,
        u1_0.password,
        u1_0.username 
    from
        users u1_0 
    where
        u1_0.id=?
Hibernate: 
    select
        u1_0.id,
        u1_0.avatar_url,
        u1_0.email,
        u1_0.password,
        u1_0.username 
    from
        users u1_0 
    where
        u1_0.id=?
2026-05-08T16:10:06.420-07:00 DEBUG 19992 --- [nio-8080-exec-6] o.s.w.s.m.m.a.HttpEntityMethodProcessor  : Using 'application/json', given [application/json, text/plain, */*] and supported [application/json, application/*+json]
2026-05-08T16:10:06.421-07:00 DEBUG 19992 --- [nio-8080-exec-6] o.s.w.s.m.m.a.HttpEntityMethodProcessor  : Writing [[MessageDto.Response(id=6, content=Hi John, want to practice together?, sentAt=2026-04-06T08:30, sen (truncated)...]
2026-05-08T16:10:06.423-07:00 DEBUG 19992 --- [nio-8080-exec-6] o.s.web.servlet.DispatcherServlet        : Completed 200 OK
2026-05-08T16:10:10.402-07:00 DEBUG 19992 --- [nio-8080-exec-9] o.s.web.servlet.DispatcherServlet        : GET "/api/messages/conversation/2/1", parameters={}
2026-05-08T16:10:10.403-07:00 DEBUG 19992 --- [nio-8080-exec-9] s.w.s.m.m.a.RequestMappingHandlerMapping : Mapped to com.example.campconnect_backend.Controllers.MessageController#getConversation(Long, Long)
2026-05-08T16:10:10.405-07:00 DEBUG 19992 --- [nio-8080-exec-9] org.hibernate.SQL                        : 
    select
        m1_0.id,
        m1_0.content,
        m1_0.group_match_id,
        m1_0.is_read,
        m1_0.receiver_id,
        m1_0.sender_id,
        m1_0.sent_at 
    from
        messages m1_0 
    where
        (
            m1_0.sender_id=? 
            and m1_0.receiver_id=?
        ) 
        or (
            m1_0.sender_id=? 
            and m1_0.receiver_id=?
        ) 
    order by
        m1_0.sent_at
Hibernate: 
    select
        m1_0.id,
        m1_0.content,
        m1_0.group_match_id,
        m1_0.is_read,
        m1_0.receiver_id,
        m1_0.sender_id,
        m1_0.sent_at 
    from
        messages m1_0 
    where
        (
            m1_0.sender_id=? 
            and m1_0.receiver_id=?
        ) 
        or (
            m1_0.sender_id=? 
            and m1_0.receiver_id=?
        ) 
    order by
        m1_0.sent_at
2026-05-08T16:10:10.407-07:00 DEBUG 19992 --- [nio-8080-exec-9] org.hibernate.SQL                        : 
    select
        u1_0.id,
        u1_0.avatar_url,
        u1_0.email,
        u1_0.password,
        u1_0.username 
    from
        users u1_0 
    where
        u1_0.id=?
Hibernate: 
    select
        u1_0.id,
        u1_0.avatar_url,
        u1_0.email,
        u1_0.password,
        u1_0.username 
    from
        users u1_0 
    where
        u1_0.id=?
2026-05-08T16:10:10.409-07:00 DEBUG 19992 --- [nio-8080-exec-9] org.hibernate.SQL                        : 
    select
        u1_0.id,
        u1_0.avatar_url,
        u1_0.email,
        u1_0.password,
        u1_0.username 
    from
        users u1_0 
    where
        u1_0.id=?
Hibernate: 
    select
        u1_0.id,
        u1_0.avatar_url,
        u1_0.email,
        u1_0.password,
        u1_0.username 
    from
        users u1_0 
    where
        u1_0.id=?
2026-05-08T16:10:10.411-07:00 DEBUG 19992 --- [nio-8080-exec-9] o.s.w.s.m.m.a.HttpEntityMethodProcessor  : Using 'application/json', given [application/json, text/plain, */*] and supported [application/json, application/*+json]
2026-05-08T16:10:10.414-07:00 DEBUG 19992 --- [nio-8080-exec-9] o.s.w.s.m.m.a.HttpEntityMethodProcessor  : Writing [[MessageDto.Response(id=6, content=Hi John, want to practice together?, sentAt=2026-04-06T08:30, sen (truncated)...]
2026-05-08T16:10:10.415-07:00 DEBUG 19992 --- [nio-8080-exec-9] o.s.web.servlet.DispatcherServlet        : Completed 200 OK
2026-05-08T16:10:14.414-07:00 DEBUG 19992 --- [nio-8080-exec-7] o.s.web.servlet.DispatcherServlet        : GET "/api/messages/conversation/2/1", parameters={}
2026-05-08T16:10:14.416-07:00 DEBUG 19992 --- [nio-8080-exec-7] s.w.s.m.m.a.RequestMappingHandlerMapping : Mapped to com.example.campconnect_backend.Controllers.MessageController#getConversation(Long, Long)
2026-05-08T16:10:14.419-07:00 DEBUG 19992 --- [nio-8080-exec-7] org.hibernate.SQL                        : 
    select
        m1_0.id,
        m1_0.content,
        m1_0.group_match_id,
        m1_0.is_read,
        m1_0.receiver_id,
        m1_0.sender_id,
        m1_0.sent_at 
    from
        messages m1_0 
    where
        (
            m1_0.sender_id=? 
            and m1_0.receiver_id=?
        ) 
        or (
            m1_0.sender_id=? 
            and m1_0.receiver_id=?
        ) 
    order by
        m1_0.sent_at
Hibernate: 
    select
        m1_0.id,
        m1_0.content,
        m1_0.group_match_id,
        m1_0.is_read,
        m1_0.receiver_id,
        m1_0.sender_id,
        m1_0.sent_at 
    from
        messages m1_0 
    where
        (
            m1_0.sender_id=? 
            and m1_0.receiver_id=?
        ) 
        or (
            m1_0.sender_id=? 
            and m1_0.receiver_id=?
        ) 
    order by
        m1_0.sent_at
2026-05-08T16:10:14.423-07:00 DEBUG 19992 --- [nio-8080-exec-7] org.hibernate.SQL                        : 
    select
        u1_0.id,
        u1_0.avatar_url,
        u1_0.email,
        u1_0.password,
        u1_0.username 
    from
        users u1_0 
    where
        u1_0.id=?
Hibernate: 
    select
        u1_0.id,
        u1_0.avatar_url,
        u1_0.email,
        u1_0.password,
        u1_0.username 
    from
        users u1_0 
    where
        u1_0.id=?
2026-05-08T16:10:14.427-07:00 DEBUG 19992 --- [nio-8080-exec-7] org.hibernate.SQL                        : 
    select
        u1_0.id,
        u1_0.avatar_url,
        u1_0.email,
        u1_0.password,
        u1_0.username 
    from
        users u1_0 
    where
        u1_0.id=?
Hibernate: 
    select
        u1_0.id,
        u1_0.avatar_url,
        u1_0.email,
        u1_0.password,
        u1_0.username 
    from
        users u1_0 
    where
        u1_0.id=?
2026-05-08T16:10:14.430-07:00 DEBUG 19992 --- [nio-8080-exec-7] o.s.w.s.m.m.a.HttpEntityMethodProcessor  : Using 'application/json', given [application/json, text/plain, */*] and supported [application/json, application/*+json]
2026-05-08T16:10:14.431-07:00 DEBUG 19992 --- [nio-8080-exec-7] o.s.w.s.m.m.a.HttpEntityMethodProcessor  : Writing [[MessageDto.Response(id=6, content=Hi John, want to practice together?, sentAt=2026-04-06T08:30, sen (truncated)...]
2026-05-08T16:10:14.433-07:00 DEBUG 19992 --- [nio-8080-exec-7] o.s.web.servlet.DispatcherServlet        : Completed 200 OK
2026-05-08T16:10:15.799-07:00 DEBUG 19992 --- [nio-8080-exec-8] o.s.web.servlet.DispatcherServlet        : POST "/api/messages/private", parameters={}
2026-05-08T16:10:15.799-07:00 DEBUG 19992 --- [nio-8080-exec-8] s.w.s.m.m.a.RequestMappingHandlerMapping : Mapped to com.example.campconnect_backend.Controllers.MessageController#sendPrivate(WsPayload)
2026-05-08T16:10:15.802-07:00 DEBUG 19992 --- [nio-8080-exec-8] m.m.a.RequestResponseBodyMethodProcessor : Read "application/json;charset=UTF-8" to [MessageDto.WsPayload(senderId=2, receiverId=1, groupMatchId=null, content=Hello john)]
2026-05-08T16:10:15.804-07:00 DEBUG 19992 --- [nio-8080-exec-8] org.hibernate.SQL                        : 
    select
        u1_0.id,
        u1_0.avatar_url,
        u1_0.email,
        u1_0.password,
        u1_0.username 
    from
        users u1_0 
    where
        u1_0.id=?
Hibernate: 
    select
        u1_0.id,
        u1_0.avatar_url,
        u1_0.email,
        u1_0.password,
        u1_0.username 
    from
        users u1_0 
    where
        u1_0.id=?
2026-05-08T16:10:15.806-07:00 DEBUG 19992 --- [nio-8080-exec-8] org.hibernate.SQL                        : 
    select
        u1_0.id,
        u1_0.avatar_url,
        u1_0.email,
        u1_0.password,
        u1_0.username 
    from
        users u1_0 
    where
        u1_0.id=?
Hibernate: 
    select
        u1_0.id,
        u1_0.avatar_url,
        u1_0.email,
        u1_0.password,
        u1_0.username 
    from
        users u1_0 
    where
        u1_0.id=?
2026-05-08T16:10:15.812-07:00 DEBUG 19992 --- [nio-8080-exec-8] org.hibernate.SQL                        : 
    insert 
    into
        messages
        (content, group_match_id, is_read, receiver_id, sender_id, sent_at) 
    values
        (?, ?, ?, ?, ?, ?)
Hibernate: 
    insert 
    into
        messages
        (content, group_match_id, is_read, receiver_id, sender_id, sent_at) 
    values
        (?, ?, ?, ?, ?, ?)
2026-05-08T16:10:15.834-07:00 DEBUG 19992 --- [nio-8080-exec-8] o.s.w.s.m.m.a.HttpEntityMethodProcessor  : Using 'application/json', given [application/json, text/plain, */*] and supported [application/json, application/*+json]
2026-05-08T16:10:15.836-07:00 DEBUG 19992 --- [nio-8080-exec-8] o.s.w.s.m.m.a.HttpEntityMethodProcessor  : Writing [MessageDto.Response(id=11, content=Hello john, sentAt=2026-05-08T16:10:15.810963200, senderId=2, sen (truncated)...]
2026-05-08T16:10:15.839-07:00 DEBUG 19992 --- [nio-8080-exec-8] o.s.web.servlet.DispatcherServlet        : Completed 201 CREATED
2026-05-08T16:10:15.844-07:00 DEBUG 19992 --- [io-8080-exec-10] o.s.web.servlet.DispatcherServlet        : GET "/api/messages/conversation/2/1", parameters={}
2026-05-08T16:10:15.844-07:00 DEBUG 19992 --- [io-8080-exec-10] s.w.s.m.m.a.RequestMappingHandlerMapping : Mapped to com.example.campconnect_backend.Controllers.MessageController#getConversation(Long, Long)
2026-05-08T16:10:15.846-07:00 DEBUG 19992 --- [io-8080-exec-10] org.hibernate.SQL                        : 
    select
        m1_0.id,
        m1_0.content,
        m1_0.group_match_id,
        m1_0.is_read,
        m1_0.receiver_id,
        m1_0.sender_id,
        m1_0.sent_at 
    from
        messages m1_0 
    where
        (
            m1_0.sender_id=? 
            and m1_0.receiver_id=?
        ) 
        or (
            m1_0.sender_id=? 
            and m1_0.receiver_id=?
        ) 
    order by
        m1_0.sent_at
Hibernate: 
    select
        m1_0.id,
        m1_0.content,
        m1_0.group_match_id,
        m1_0.is_read,
        m1_0.receiver_id,
        m1_0.sender_id,
        m1_0.sent_at 
    from
        messages m1_0 
    where
        (
            m1_0.sender_id=? 
            and m1_0.receiver_id=?
        ) 
        or (
            m1_0.sender_id=? 
            and m1_0.receiver_id=?
        ) 
    order by
        m1_0.sent_at
2026-05-08T16:10:15.849-07:00 DEBUG 19992 --- [io-8080-exec-10] org.hibernate.SQL                        : 
    select
        u1_0.id,
        u1_0.avatar_url,
        u1_0.email,
        u1_0.password,
        u1_0.username 
    from
        users u1_0 
    where
        u1_0.id=?
Hibernate: 
    select
        u1_0.id,
        u1_0.avatar_url,
        u1_0.email,
        u1_0.password,
        u1_0.username 
    from
        users u1_0 
    where
        u1_0.id=?
2026-05-08T16:10:15.851-07:00 DEBUG 19992 --- [io-8080-exec-10] org.hibernate.SQL                        : 
    select
        u1_0.id,
        u1_0.avatar_url,
        u1_0.email,
        u1_0.password,
        u1_0.username 
    from
        users u1_0 
    where
        u1_0.id=?
Hibernate: 
    select
        u1_0.id,
        u1_0.avatar_url,
        u1_0.email,
        u1_0.password,
        u1_0.username 
    from
        users u1_0 
    where
        u1_0.id=?
2026-05-08T16:10:15.853-07:00 DEBUG 19992 --- [io-8080-exec-10] o.s.w.s.m.m.a.HttpEntityMethodProcessor  : Using 'application/json', given [application/json, text/plain, */*] and supported [application/json, application/*+json]
2026-05-08T16:10:15.854-07:00 DEBUG 19992 --- [io-8080-exec-10] o.s.w.s.m.m.a.HttpEntityMethodProcessor  : Writing [[MessageDto.Response(id=6, content=Hi John, want to practice together?, sentAt=2026-04-06T08:30, sen (truncated)...]
2026-05-08T16:10:15.855-07:00 DEBUG 19992 --- [io-8080-exec-10] o.s.web.servlet.DispatcherServlet        : Completed 200 OK
2026-05-08T16:10:18.413-07:00 DEBUG 19992 --- [nio-8080-exec-1] o.s.web.servlet.DispatcherServlet        : GET "/api/messages/conversation/2/1", parameters={}
2026-05-08T16:10:18.414-07:00 DEBUG 19992 --- [nio-8080-exec-1] s.w.s.m.m.a.RequestMappingHandlerMapping : Mapped to com.example.campconnect_backend.Controllers.MessageController#getConversation(Long, Long)
2026-05-08T16:10:18.416-07:00 DEBUG 19992 --- [nio-8080-exec-1] org.hibernate.SQL                        : 
    select
        m1_0.id,
        m1_0.content,
        m1_0.group_match_id,
        m1_0.is_read,
        m1_0.receiver_id,
        m1_0.sender_id,
        m1_0.sent_at 
    from
        messages m1_0 
    where
        (
            m1_0.sender_id=? 
            and m1_0.receiver_id=?
        ) 
        or (
            m1_0.sender_id=? 
            and m1_0.receiver_id=?
        ) 
    order by
        m1_0.sent_at
Hibernate: 
    select
        m1_0.id,
        m1_0.content,
        m1_0.group_match_id,
        m1_0.is_read,
        m1_0.receiver_id,
        m1_0.sender_id,
        m1_0.sent_at 
    from
        messages m1_0 
    where
        (
            m1_0.sender_id=? 
            and m1_0.receiver_id=?
        ) 
        or (
            m1_0.sender_id=? 
            and m1_0.receiver_id=?
        ) 
    order by
        m1_0.sent_at
2026-05-08T16:10:18.419-07:00 DEBUG 19992 --- [nio-8080-exec-1] org.hibernate.SQL                        : 
    select
        u1_0.id,
        u1_0.avatar_url,
        u1_0.email,
        u1_0.password,
        u1_0.username 
    from
        users u1_0 
    where
        u1_0.id=?
Hibernate: 
    select
        u1_0.id,
        u1_0.avatar_url,
        u1_0.email,
        u1_0.password,
        u1_0.username 
    from
        users u1_0 
    where
        u1_0.id=?
2026-05-08T16:10:18.421-07:00 DEBUG 19992 --- [nio-8080-exec-1] org.hibernate.SQL                        : 
    select
        u1_0.id,
        u1_0.avatar_url,
        u1_0.email,
        u1_0.password,
        u1_0.username 
    from
        users u1_0 
    where
        u1_0.id=?
Hibernate: 
    select
        u1_0.id,
        u1_0.avatar_url,
        u1_0.email,
        u1_0.password,
        u1_0.username 
    from
        users u1_0 
    where
        u1_0.id=?
2026-05-08T16:10:18.423-07:00 DEBUG 19992 --- [nio-8080-exec-1] o.s.w.s.m.m.a.HttpEntityMethodProcessor  : Using 'application/json', given [application/json, text/plain, */*] and supported [application/json, application/*+json]
2026-05-08T16:10:18.424-07:00 DEBUG 19992 --- [nio-8080-exec-1] o.s.w.s.m.m.a.HttpEntityMethodProcessor  : Writing [[MessageDto.Response(id=6, content=Hi John, want to practice together?, sentAt=2026-04-06T08:30, sen (truncated)...]
2026-05-08T16:10:18.425-07:00 DEBUG 19992 --- [nio-8080-exec-1] o.s.web.servlet.DispatcherServlet        : Completed 200 OK
2026-05-08T16:10:19.490-07:00 DEBUG 19992 --- [nio-8080-exec-3] o.s.web.servlet.DispatcherServlet        : GET "/api/messages/conversation/2/3", parameters={}
2026-05-08T16:10:19.491-07:00 DEBUG 19992 --- [nio-8080-exec-3] s.w.s.m.m.a.RequestMappingHandlerMapping : Mapped to com.example.campconnect_backend.Controllers.MessageController#getConversation(Long, Long)
2026-05-08T16:10:19.493-07:00 DEBUG 19992 --- [nio-8080-exec-3] org.hibernate.SQL                        : 
    select
        m1_0.id,
        m1_0.content,
        m1_0.group_match_id,
        m1_0.is_read,
        m1_0.receiver_id,
        m1_0.sender_id,
        m1_0.sent_at 
    from
        messages m1_0 
    where
        (
            m1_0.sender_id=? 
            and m1_0.receiver_id=?
        ) 
        or (
            m1_0.sender_id=? 
            and m1_0.receiver_id=?
        ) 
    order by
        m1_0.sent_at
Hibernate: 
    select
        m1_0.id,
        m1_0.content,
        m1_0.group_match_id,
        m1_0.is_read,
        m1_0.receiver_id,
        m1_0.sender_id,
        m1_0.sent_at 
    from
        messages m1_0 
    where
        (
            m1_0.sender_id=? 
            and m1_0.receiver_id=?
        ) 
        or (
            m1_0.sender_id=? 
            and m1_0.receiver_id=?
        ) 
    order by
        m1_0.sent_at
2026-05-08T16:10:19.496-07:00 DEBUG 19992 --- [nio-8080-exec-3] o.s.w.s.m.m.a.HttpEntityMethodProcessor  : Using 'application/json', given [application/json, text/plain, */*] and supported [application/json, application/*+json]
2026-05-08T16:10:19.498-07:00 DEBUG 19992 --- [nio-8080-exec-3] o.s.w.s.m.m.a.HttpEntityMethodProcessor  : Writing [[]]
2026-05-08T16:10:19.499-07:00 DEBUG 19992 --- [nio-8080-exec-3] o.s.web.servlet.DispatcherServlet        : Completed 200 OK
2026-05-08T16:10:21.381-07:00 DEBUG 19992 --- [nio-8080-exec-2] o.s.web.servlet.DispatcherServlet        : GET "/api/messages/conversation/2/4", parameters={}
2026-05-08T16:10:21.382-07:00 DEBUG 19992 --- [nio-8080-exec-2] s.w.s.m.m.a.RequestMappingHandlerMapping : Mapped to com.example.campconnect_backend.Controllers.MessageController#getConversation(Long, Long)
2026-05-08T16:10:21.384-07:00 DEBUG 19992 --- [nio-8080-exec-2] org.hibernate.SQL                        : 
    select
        m1_0.id,
        m1_0.content,
        m1_0.group_match_id,
        m1_0.is_read,
        m1_0.receiver_id,
        m1_0.sender_id,
        m1_0.sent_at 
    from
        messages m1_0 
    where
        (
            m1_0.sender_id=? 
            and m1_0.receiver_id=?
        ) 
        or (
            m1_0.sender_id=? 
            and m1_0.receiver_id=?
        ) 
    order by
        m1_0.sent_at
Hibernate: 
    select
        m1_0.id,
        m1_0.content,
        m1_0.group_match_id,
        m1_0.is_read,
        m1_0.receiver_id,
        m1_0.sender_id,
        m1_0.sent_at 
    from
        messages m1_0 
    where
        (
            m1_0.sender_id=? 
            and m1_0.receiver_id=?
        ) 
        or (
            m1_0.sender_id=? 
            and m1_0.receiver_id=?
        ) 
    order by
        m1_0.sent_at
2026-05-08T16:10:21.387-07:00 DEBUG 19992 --- [nio-8080-exec-2] o.s.w.s.m.m.a.HttpEntityMethodProcessor  : Using 'application/json', given [application/json, text/plain, */*] and supported [application/json, application/*+json]
2026-05-08T16:10:21.387-07:00 DEBUG 19992 --- [nio-8080-exec-2] o.s.w.s.m.m.a.HttpEntityMethodProcessor  : Writing [[]]
2026-05-08T16:10:21.389-07:00 DEBUG 19992 --- [nio-8080-exec-2] o.s.web.servlet.DispatcherServlet        : Completed 200 OK
2026-05-08T16:10:22.403-07:00 DEBUG 19992 --- [nio-8080-exec-4] o.s.web.servlet.DispatcherServlet        : GET "/api/messages/conversation/2/4", parameters={}
2026-05-08T16:10:22.403-07:00 DEBUG 19992 --- [nio-8080-exec-4] s.w.s.m.m.a.RequestMappingHandlerMapping : Mapped to com.example.campconnect_backend.Controllers.MessageController#getConversation(Long, Long)
2026-05-08T16:10:22.405-07:00 DEBUG 19992 --- [nio-8080-exec-4] org.hibernate.SQL                        : 
    select
        m1_0.id,
        m1_0.content,
        m1_0.group_match_id,
        m1_0.is_read,
        m1_0.receiver_id,
        m1_0.sender_id,
        m1_0.sent_at 
    from
        messages m1_0 
    where
        (
            m1_0.sender_id=? 
            and m1_0.receiver_id=?
        ) 
        or (
            m1_0.sender_id=? 
            and m1_0.receiver_id=?
        ) 
    order by
        m1_0.sent_at
Hibernate: 
    select
        m1_0.id,
        m1_0.content,
        m1_0.group_match_id,
        m1_0.is_read,
        m1_0.receiver_id,
        m1_0.sender_id,
        m1_0.sent_at 
    from
        messages m1_0 
    where
        (
            m1_0.sender_id=? 
            and m1_0.receiver_id=?
        ) 
        or (
            m1_0.sender_id=? 
            and m1_0.receiver_id=?
        ) 
    order by
        m1_0.sent_at
2026-05-08T16:10:22.408-07:00 DEBUG 19992 --- [nio-8080-exec-4] o.s.w.s.m.m.a.HttpEntityMethodProcessor  : Using 'application/json', given [application/json, text/plain, */*] and supported [application/json, application/*+json]
2026-05-08T16:10:22.409-07:00 DEBUG 19992 --- [nio-8080-exec-4] o.s.w.s.m.m.a.HttpEntityMethodProcessor  : Writing [[]]
2026-05-08T16:10:22.410-07:00 DEBUG 19992 --- [nio-8080-exec-4] o.s.web.servlet.DispatcherServlet        : Completed 200 OK
2026-05-08T16:10:27.152-07:00 DEBUG 19992 --- [nio-8080-exec-6] o.s.web.servlet.DispatcherServlet        : GET "/api/messages/group/1", parameters={}
2026-05-08T16:10:27.152-07:00 DEBUG 19992 --- [nio-8080-exec-9] o.s.web.servlet.DispatcherServlet        : GET "/api/users", parameters={}
2026-05-08T16:10:27.153-07:00 DEBUG 19992 --- [nio-8080-exec-9] s.w.s.m.m.a.RequestMappingHandlerMapping : Mapped to com.example.campconnect_backend.Controllers.UserController#getAll()
2026-05-08T16:10:27.157-07:00 DEBUG 19992 --- [nio-8080-exec-6] s.w.s.m.m.a.RequestMappingHandlerMapping : Mapped to com.example.campconnect_backend.Controllers.MessageController#getGroupMessages(Long)
2026-05-08T16:10:27.158-07:00 DEBUG 19992 --- [nio-8080-exec-9] org.hibernate.SQL                        : 
    select
        u1_0.id,
        u1_0.avatar_url,
        u1_0.email,
        u1_0.password,
        u1_0.username 
    from
        users u1_0
Hibernate: 
    select
        u1_0.id,
        u1_0.avatar_url,
        u1_0.email,
        u1_0.password,
        u1_0.username 
    from
        users u1_0
2026-05-08T16:10:27.164-07:00 DEBUG 19992 --- [nio-8080-exec-9] o.s.w.s.m.m.a.HttpEntityMethodProcessor  : Using 'application/json', given [application/json, text/plain, */*] and supported [application/json, application/*+json]
2026-05-08T16:10:27.165-07:00 DEBUG 19992 --- [nio-8080-exec-9] o.s.w.s.m.m.a.HttpEntityMethodProcessor  : Writing [[UserDto.Response(id=1, username=john_doe, email=john@example.com, avatarUrl=https://example.com/ava (truncated)...]
2026-05-08T16:10:27.169-07:00 DEBUG 19992 --- [nio-8080-exec-9] o.s.web.servlet.DispatcherServlet        : Completed 200 OK
2026-05-08T16:10:27.186-07:00 DEBUG 19992 --- [nio-8080-exec-6] org.hibernate.SQL                        : 
    select
        m1_0.id,
        m1_0.content,
        m1_0.group_match_id,
        m1_0.is_read,
        m1_0.receiver_id,
        m1_0.sender_id,
        m1_0.sent_at 
    from
        messages m1_0 
    left join
        group_match gm1_0 
            on gm1_0.id=m1_0.group_match_id 
    where
        gm1_0.id=? 
    order by
        m1_0.sent_at
Hibernate: 
    select
        m1_0.id,
        m1_0.content,
        m1_0.group_match_id,
        m1_0.is_read,
        m1_0.receiver_id,
        m1_0.sender_id,
        m1_0.sent_at 
    from
        messages m1_0 
    left join
        group_match gm1_0 
            on gm1_0.id=m1_0.group_match_id 
    where
        gm1_0.id=? 
    order by
        m1_0.sent_at
2026-05-08T16:10:27.232-07:00 DEBUG 19992 --- [nio-8080-exec-6] org.hibernate.SQL                        : 
    select
        u1_0.id,
        u1_0.avatar_url,
        u1_0.email,
        u1_0.password,
        u1_0.username 
    from
        users u1_0 
    where
        u1_0.id=?
Hibernate: 
    select
        u1_0.id,
        u1_0.avatar_url,
        u1_0.email,
        u1_0.password,
        u1_0.username 
    from
        users u1_0 
    where
        u1_0.id=?
2026-05-08T16:10:27.235-07:00 DEBUG 19992 --- [nio-8080-exec-6] o.s.w.s.m.m.a.HttpEntityMethodProcessor  : Using 'application/json', given [application/json, text/plain, */*] and supported [application/json, application/*+json]
2026-05-08T16:10:27.236-07:00 DEBUG 19992 --- [nio-8080-exec-6] o.s.w.s.m.m.a.HttpEntityMethodProcessor  : Writing [[MessageDto.Response(id=1, content=Hey everyone, excited for the football match!, sentAt=2026-04-01T (truncated)...]
2026-05-08T16:10:27.238-07:00 DEBUG 19992 --- [nio-8080-exec-6] o.s.web.servlet.DispatcherServlet        : Completed 200 OK
2026-05-08T16:10:30.714-07:00 DEBUG 19992 --- [nio-8080-exec-7] o.s.web.servlet.DispatcherServlet        : GET "/api/messages/group/2", parameters={}
2026-05-08T16:10:30.714-07:00 DEBUG 19992 --- [nio-8080-exec-7] s.w.s.m.m.a.RequestMappingHandlerMapping : Mapped to com.example.campconnect_backend.Controllers.MessageController#getGroupMessages(Long)
2026-05-08T16:10:30.717-07:00 DEBUG 19992 --- [nio-8080-exec-7] org.hibernate.SQL                        : 
    select
        m1_0.id,
        m1_0.content,
        m1_0.group_match_id,
        m1_0.is_read,
        m1_0.receiver_id,
        m1_0.sender_id,
        m1_0.sent_at 
    from
        messages m1_0 
    left join
        group_match gm1_0 
            on gm1_0.id=m1_0.group_match_id 
    where
        gm1_0.id=? 
    order by
        m1_0.sent_at
Hibernate: 
    select
        m1_0.id,
        m1_0.content,
        m1_0.group_match_id,
        m1_0.is_read,
        m1_0.receiver_id,
        m1_0.sender_id,
        m1_0.sent_at 
    from
        messages m1_0 
    left join
        group_match gm1_0 
            on gm1_0.id=m1_0.group_match_id 
    where
        gm1_0.id=? 
    order by
        m1_0.sent_at
2026-05-08T16:10:30.719-07:00 DEBUG 19992 --- [nio-8080-exec-7] org.hibernate.SQL                        : 
    select
        u1_0.id,
        u1_0.avatar_url,
        u1_0.email,
        u1_0.password,
        u1_0.username 
    from
        users u1_0 
    where
        u1_0.id=?
Hibernate: 
    select
        u1_0.id,
        u1_0.avatar_url,
        u1_0.email,
        u1_0.password,
        u1_0.username 
    from
        users u1_0 
    where
        u1_0.id=?
2026-05-08T16:10:30.722-07:00 DEBUG 19992 --- [nio-8080-exec-7] o.s.w.s.m.m.a.HttpEntityMethodProcessor  : Using 'application/json', given [application/json, text/plain, */*] and supported [application/json, application/*+json]
2026-05-08T16:10:30.722-07:00 DEBUG 19992 --- [nio-8080-exec-7] o.s.w.s.m.m.a.HttpEntityMethodProcessor  : Writing [[MessageDto.Response(id=2, content=Count me in for tennis tournament, sentAt=2026-04-02T04:30, sende (truncated)...]
2026-05-08T16:10:30.723-07:00 DEBUG 19992 --- [nio-8080-exec-7] o.s.web.servlet.DispatcherServlet        : Completed 200 OK
2026-05-08T16:10:32.157-07:00 DEBUG 19992 --- [nio-8080-exec-5] o.s.web.servlet.DispatcherServlet        : GET "/api/messages/group/2", parameters={}
2026-05-08T16:10:32.158-07:00 DEBUG 19992 --- [nio-8080-exec-5] s.w.s.m.m.a.RequestMappingHandlerMapping : Mapped to com.example.campconnect_backend.Controllers.MessageController#getGroupMessages(Long)
2026-05-08T16:10:32.161-07:00 DEBUG 19992 --- [nio-8080-exec-5] org.hibernate.SQL                        : 
    select
        m1_0.id,
        m1_0.content,
        m1_0.group_match_id,
        m1_0.is_read,
        m1_0.receiver_id,
        m1_0.sender_id,
        m1_0.sent_at 
    from
        messages m1_0 
    left join
        group_match gm1_0 
            on gm1_0.id=m1_0.group_match_id 
    where
        gm1_0.id=? 
    order by
        m1_0.sent_at
Hibernate: 
    select
        m1_0.id,
        m1_0.content,
        m1_0.group_match_id,
        m1_0.is_read,
        m1_0.receiver_id,
        m1_0.sender_id,
        m1_0.sent_at 
    from
        messages m1_0 
    left join
        group_match gm1_0 
            on gm1_0.id=m1_0.group_match_id 
    where
        gm1_0.id=? 
    order by
        m1_0.sent_at
2026-05-08T16:10:32.163-07:00 DEBUG 19992 --- [nio-8080-exec-5] org.hibernate.SQL                        : 
    select
        u1_0.id,
        u1_0.avatar_url,
        u1_0.email,
        u1_0.password,
        u1_0.username 
    from
        users u1_0 
    where
        u1_0.id=?
Hibernate: 
    select
        u1_0.id,
        u1_0.avatar_url,
        u1_0.email,
        u1_0.password,
        u1_0.username 
    from
        users u1_0 
    where
        u1_0.id=?
2026-05-08T16:10:32.166-07:00 DEBUG 19992 --- [nio-8080-exec-5] o.s.w.s.m.m.a.HttpEntityMethodProcessor  : Using 'application/json', given [application/json, text/plain, */*] and supported [application/json, application/*+json]
2026-05-08T16:10:32.166-07:00 DEBUG 19992 --- [nio-8080-exec-5] o.s.w.s.m.m.a.HttpEntityMethodProcessor  : Writing [[MessageDto.Response(id=2, content=Count me in for tennis tournament, sentAt=2026-04-02T04:30, sende (truncated)...]
2026-05-08T16:10:32.167-07:00 DEBUG 19992 --- [nio-8080-exec-5] o.s.web.servlet.DispatcherServlet        : Completed 200 OK
2026-05-08T16:10:36.466-07:00 DEBUG 19992 --- [io-8080-exec-10] o.s.web.servlet.DispatcherServlet        : POST "/api/messages/group", parameters={}
2026-05-08T16:10:36.467-07:00 DEBUG 19992 --- [io-8080-exec-10] s.w.s.m.m.a.RequestMappingHandlerMapping : Mapped to com.example.campconnect_backend.Controllers.MessageController#sendGroup(WsPayload)
2026-05-08T16:10:36.469-07:00 DEBUG 19992 --- [io-8080-exec-10] m.m.a.RequestResponseBodyMethodProcessor : Read "application/json;charset=UTF-8" to [MessageDto.WsPayload(senderId=2, receiverId=null, groupMatchId=2, content=Hello)]
2026-05-08T16:10:36.471-07:00 DEBUG 19992 --- [io-8080-exec-10] org.hibernate.SQL                        : 
    select
        u1_0.id,
        u1_0.avatar_url,
        u1_0.email,
        u1_0.password,
        u1_0.username 
    from
        users u1_0 
    where
        u1_0.id=?
Hibernate: 
    select
        u1_0.id,
        u1_0.avatar_url,
        u1_0.email,
        u1_0.password,
        u1_0.username 
    from
        users u1_0 
    where
        u1_0.id=?
2026-05-08T16:10:36.486-07:00 DEBUG 19992 --- [io-8080-exec-10] org.hibernate.SQL                        : 
    select
        gm1_0.id,
        gm1_0.created_at,
        gm1_0.description,
        gm1_0.latitude,
        gm1_0.location,
        gm1_0.longitude,
        gm1_0.max_participants,
        gm1_0.name,
        gm1_0.scheduled_at,
        gm1_0.skill_level,
        gm1_0.sport 
    from
        group_match gm1_0 
    where
        gm1_0.id=?
Hibernate: 
    select
        gm1_0.id,
        gm1_0.created_at,
        gm1_0.description,
        gm1_0.latitude,
        gm1_0.location,
        gm1_0.longitude,
        gm1_0.max_participants,
        gm1_0.name,
        gm1_0.scheduled_at,
        gm1_0.skill_level,
        gm1_0.sport 
    from
        group_match gm1_0 
    where
        gm1_0.id=?
2026-05-08T16:10:36.507-07:00 DEBUG 19992 --- [io-8080-exec-10] org.hibernate.SQL                        : 
    insert 
    into
        messages
        (content, group_match_id, is_read, receiver_id, sender_id, sent_at) 
    values
        (?, ?, ?, ?, ?, ?)
Hibernate: 
    insert 
    into
        messages
        (content, group_match_id, is_read, receiver_id, sender_id, sent_at) 
    values
        (?, ?, ?, ?, ?, ?)
2026-05-08T16:10:36.544-07:00 DEBUG 19992 --- [io-8080-exec-10] org.springframework.web.SimpLogging      : Processing MESSAGE destination=/topic/group/2 session=null payload={"id":12,"content":"Hello","sentAt":"2026-05-08T16:10:36.5074299","senderId":2,"...(truncated)
2026-05-08T16:10:36.625-07:00 DEBUG 19992 --- [io-8080-exec-10] o.s.w.s.m.m.a.HttpEntityMethodProcessor  : Using 'application/json', given [application/json, text/plain, */*] and supported [application/json, application/*+json]
2026-05-08T16:10:36.626-07:00 DEBUG 19992 --- [io-8080-exec-10] o.s.w.s.m.m.a.HttpEntityMethodProcessor  : Writing [MessageDto.Response(id=12, content=Hello, sentAt=2026-05-08T16:10:36.507429900, senderId=2, senderUs (truncated)...]
2026-05-08T16:10:36.629-07:00 DEBUG 19992 --- [io-8080-exec-10] o.s.web.servlet.DispatcherServlet        : Completed 201 CREATED
2026-05-08T16:10:36.634-07:00 DEBUG 19992 --- [nio-8080-exec-1] o.s.web.servlet.DispatcherServlet        : GET "/api/messages/group/2", parameters={}
2026-05-08T16:10:36.635-07:00 DEBUG 19992 --- [nio-8080-exec-1] s.w.s.m.m.a.RequestMappingHandlerMapping : Mapped to com.example.campconnect_backend.Controllers.MessageController#getGroupMessages(Long)
2026-05-08T16:10:36.641-07:00 DEBUG 19992 --- [nio-8080-exec-1] org.hibernate.SQL                        : 
    select
        m1_0.id,
        m1_0.content,
        m1_0.group_match_id,
        m1_0.is_read,
        m1_0.receiver_id,
        m1_0.sender_id,
        m1_0.sent_at 
    from
        messages m1_0 
    left join
        group_match gm1_0 
            on gm1_0.id=m1_0.group_match_id 
    where
        gm1_0.id=? 
    order by
        m1_0.sent_at
Hibernate: 
    select
        m1_0.id,
        m1_0.content,
        m1_0.group_match_id,
        m1_0.is_read,
        m1_0.receiver_id,
        m1_0.sender_id,
        m1_0.sent_at 
    from
        messages m1_0 
    left join
        group_match gm1_0 
            on gm1_0.id=m1_0.group_match_id 
    where
        gm1_0.id=? 
    order by
        m1_0.sent_at
2026-05-08T16:10:36.644-07:00 DEBUG 19992 --- [nio-8080-exec-1] org.hibernate.SQL                        : 
    select
        u1_0.id,
        u1_0.avatar_url,
        u1_0.email,
        u1_0.password,
        u1_0.username 
    from
        users u1_0 
    where
        u1_0.id=?
Hibernate: 
    select
        u1_0.id,
        u1_0.avatar_url,
        u1_0.email,
        u1_0.password,
        u1_0.username 
    from
        users u1_0 
    where
        u1_0.id=?
2026-05-08T16:10:36.648-07:00 DEBUG 19992 --- [nio-8080-exec-1] o.s.w.s.m.m.a.HttpEntityMethodProcessor  : Using 'application/json', given [application/json, text/plain, */*] and supported [application/json, application/*+json]
2026-05-08T16:10:36.649-07:00 DEBUG 19992 --- [nio-8080-exec-1] o.s.w.s.m.m.a.HttpEntityMethodProcessor  : Writing [[MessageDto.Response(id=2, content=Count me in for tennis tournament, sentAt=2026-04-02T04:30, sende (truncated)...]
2026-05-08T16:10:36.651-07:00 DEBUG 19992 --- [nio-8080-exec-1] o.s.web.servlet.DispatcherServlet        : Completed 200 OK
2026-05-08T16:10:37.154-07:00 DEBUG 19992 --- [nio-8080-exec-3] o.s.web.servlet.DispatcherServlet        : GET "/api/messages/group/2", parameters={}
2026-05-08T16:10:37.154-07:00 DEBUG 19992 --- [nio-8080-exec-3] s.w.s.m.m.a.RequestMappingHandlerMapping : Mapped to com.example.campconnect_backend.Controllers.MessageController#getGroupMessages(Long)
2026-05-08T16:10:37.158-07:00 DEBUG 19992 --- [nio-8080-exec-3] org.hibernate.SQL                        : 
    select
        m1_0.id,
        m1_0.content,
        m1_0.group_match_id,
        m1_0.is_read,
        m1_0.receiver_id,
        m1_0.sender_id,
        m1_0.sent_at 
    from
        messages m1_0 
    left join
        group_match gm1_0 
            on gm1_0.id=m1_0.group_match_id 
    where
        gm1_0.id=? 
    order by
        m1_0.sent_at
Hibernate: 
    select
        m1_0.id,
        m1_0.content,
        m1_0.group_match_id,
        m1_0.is_read,
        m1_0.receiver_id,
        m1_0.sender_id,
        m1_0.sent_at 
    from
        messages m1_0 
    left join
        group_match gm1_0 
            on gm1_0.id=m1_0.group_match_id 
    where
        gm1_0.id=? 
    order by
        m1_0.sent_at
2026-05-08T16:10:37.161-07:00 DEBUG 19992 --- [nio-8080-exec-3] org.hibernate.SQL                        : 
    select
        u1_0.id,
        u1_0.avatar_url,
        u1_0.email,
        u1_0.password,
        u1_0.username 
    from
        users u1_0 
    where
        u1_0.id=?
Hibernate: 
    select
        u1_0.id,
        u1_0.avatar_url,
        u1_0.email,
        u1_0.password,
        u1_0.username 
    from
        users u1_0 
    where
        u1_0.id=?
2026-05-08T16:10:37.163-07:00 DEBUG 19992 --- [nio-8080-exec-3] o.s.w.s.m.m.a.HttpEntityMethodProcessor  : Using 'application/json', given [application/json, text/plain, */*] and supported [application/json, application/*+json]
2026-05-08T16:10:37.164-07:00 DEBUG 19992 --- [nio-8080-exec-3] o.s.w.s.m.m.a.HttpEntityMethodProcessor  : Writing [[MessageDto.Response(id=2, content=Count me in for tennis tournament, sentAt=2026-04-02T04:30, sende (truncated)...]
2026-05-08T16:10:37.165-07:00 DEBUG 19992 --- [nio-8080-exec-3] o.s.web.servlet.DispatcherServlet        : Completed 200 OK
2026-05-08T16:10:42.156-07:00 DEBUG 19992 --- [nio-8080-exec-2] o.s.web.servlet.DispatcherServlet        : GET "/api/messages/group/2", parameters={}
2026-05-08T16:10:42.157-07:00 DEBUG 19992 --- [nio-8080-exec-2] s.w.s.m.m.a.RequestMappingHandlerMapping : Mapped to com.example.campconnect_backend.Controllers.MessageController#getGroupMessages(Long)
2026-05-08T16:10:42.162-07:00 DEBUG 19992 --- [nio-8080-exec-2] org.hibernate.SQL                        : 
    select
        m1_0.id,
        m1_0.content,
        m1_0.group_match_id,
        m1_0.is_read,
        m1_0.receiver_id,
        m1_0.sender_id,
        m1_0.sent_at 
    from
        messages m1_0 
    left join
        group_match gm1_0 
            on gm1_0.id=m1_0.group_match_id 
    where
        gm1_0.id=? 
    order by
        m1_0.sent_at
Hibernate: 
    select
        m1_0.id,
        m1_0.content,
        m1_0.group_match_id,
        m1_0.is_read,
        m1_0.receiver_id,
        m1_0.sender_id,
        m1_0.sent_at 
    from
        messages m1_0 
    left join
        group_match gm1_0 
            on gm1_0.id=m1_0.group_match_id 
    where
        gm1_0.id=? 
    order by
        m1_0.sent_at
2026-05-08T16:10:42.164-07:00 DEBUG 19992 --- [nio-8080-exec-2] org.hibernate.SQL                        : 
    select
        u1_0.id,
        u1_0.avatar_url,
        u1_0.email,
        u1_0.password,
        u1_0.username 
    from
        users u1_0 
    where
        u1_0.id=?
Hibernate: 
    select
        u1_0.id,
        u1_0.avatar_url,
        u1_0.email,
        u1_0.password,
        u1_0.username 
    from
        users u1_0 
    where
        u1_0.id=?
2026-05-08T16:10:42.168-07:00 DEBUG 19992 --- [nio-8080-exec-2] o.s.w.s.m.m.a.HttpEntityMethodProcessor  : Using 'application/json', given [application/json, text/plain, */*] and supported [application/json, application/*+json]
2026-05-08T16:10:42.168-07:00 DEBUG 19992 --- [nio-8080-exec-2] o.s.w.s.m.m.a.HttpEntityMethodProcessor  : Writing [[MessageDto.Response(id=2, content=Count me in for tennis tournament, sentAt=2026-04-02T04:30, sende (truncated)...]
2026-05-08T16:10:42.170-07:00 DEBUG 19992 --- [nio-8080-exec-2] o.s.web.servlet.DispatcherServlet        : Completed 200 OK
2026-05-08T16:10:47.148-07:00 DEBUG 19992 --- [nio-8080-exec-4] o.s.web.servlet.DispatcherServlet        : GET "/api/messages/group/2", parameters={}
2026-05-08T16:10:47.148-07:00 DEBUG 19992 --- [nio-8080-exec-4] s.w.s.m.m.a.RequestMappingHandlerMapping : Mapped to com.example.campconnect_backend.Controllers.MessageController#getGroupMessages(Long)
2026-05-08T16:10:47.154-07:00 DEBUG 19992 --- [nio-8080-exec-4] org.hibernate.SQL                        : 
    select
        m1_0.id,
        m1_0.content,
        m1_0.group_match_id,
        m1_0.is_read,
        m1_0.receiver_id,
        m1_0.sender_id,
        m1_0.sent_at 
    from
        messages m1_0 
    left join
        group_match gm1_0 
            on gm1_0.id=m1_0.group_match_id 
    where
        gm1_0.id=? 
    order by
        m1_0.sent_at
Hibernate: 
    select
        m1_0.id,
        m1_0.content,
        m1_0.group_match_id,
        m1_0.is_read,
        m1_0.receiver_id,
        m1_0.sender_id,
        m1_0.sent_at 
    from
        messages m1_0 
    left join
        group_match gm1_0 
            on gm1_0.id=m1_0.group_match_id 
    where
        gm1_0.id=? 
    order by
        m1_0.sent_at
2026-05-08T16:10:47.157-07:00 DEBUG 19992 --- [nio-8080-exec-4] org.hibernate.SQL                        : 
    select
        u1_0.id,
        u1_0.avatar_url,
        u1_0.email,
        u1_0.password,
        u1_0.username 
    from
        users u1_0 
    where
        u1_0.id=?
Hibernate: 
    select
        u1_0.id,
        u1_0.avatar_url,
        u1_0.email,
        u1_0.password,
        u1_0.username 
    from
        users u1_0 
    where
        u1_0.id=?
2026-05-08T16:10:47.160-07:00 DEBUG 19992 --- [nio-8080-exec-4] o.s.w.s.m.m.a.HttpEntityMethodProcessor  : Using 'application/json', given [application/json, text/plain, */*] and supported [application/json, application/*+json]
2026-05-08T16:10:47.161-07:00 DEBUG 19992 --- [nio-8080-exec-4] o.s.w.s.m.m.a.HttpEntityMethodProcessor  : Writing [[MessageDto.Response(id=2, content=Count me in for tennis tournament, sentAt=2026-04-02T04:30, sende (truncated)...]
2026-05-08T16:10:47.162-07:00 DEBUG 19992 --- [nio-8080-exec-4] o.s.web.servlet.DispatcherServlet        : Completed 200 OK
2026-05-08T16:10:52.155-07:00 DEBUG 19992 --- [nio-8080-exec-9] o.s.web.servlet.DispatcherServlet        : GET "/api/messages/group/2", parameters={}
2026-05-08T16:10:52.155-07:00 DEBUG 19992 --- [nio-8080-exec-9] s.w.s.m.m.a.RequestMappingHandlerMapping : Mapped to com.example.campconnect_backend.Controllers.MessageController#getGroupMessages(Long)
2026-05-08T16:10:52.161-07:00 DEBUG 19992 --- [nio-8080-exec-9] org.hibernate.SQL                        : 
    select
        m1_0.id,
        m1_0.content,
        m1_0.group_match_id,
        m1_0.is_read,
        m1_0.receiver_id,
        m1_0.sender_id,
        m1_0.sent_at 
    from
        messages m1_0 
    left join
        group_match gm1_0 
            on gm1_0.id=m1_0.group_match_id 
    where
        gm1_0.id=? 
    order by
        m1_0.sent_at
Hibernate: 
    select
        m1_0.id,
        m1_0.content,
        m1_0.group_match_id,
        m1_0.is_read,
        m1_0.receiver_id,
        m1_0.sender_id,
        m1_0.sent_at 
    from
        messages m1_0 
    left join
        group_match gm1_0 
            on gm1_0.id=m1_0.group_match_id 
    where
        gm1_0.id=? 
    order by
        m1_0.sent_at
2026-05-08T16:10:52.164-07:00 DEBUG 19992 --- [nio-8080-exec-9] org.hibernate.SQL                        : 
    select
        u1_0.id,
        u1_0.avatar_url,
        u1_0.email,
        u1_0.password,
        u1_0.username 
    from
        users u1_0 
    where
        u1_0.id=?
Hibernate: 
    select
        u1_0.id,
        u1_0.avatar_url,
        u1_0.email,
        u1_0.password,
        u1_0.username 
    from
        users u1_0 
    where
        u1_0.id=?
2026-05-08T16:10:52.167-07:00 DEBUG 19992 --- [nio-8080-exec-9] o.s.w.s.m.m.a.HttpEntityMethodProcessor  : Using 'application/json', given [application/json, text/plain, */*] and supported [application/json, application/*+json]
2026-05-08T16:10:52.168-07:00 DEBUG 19992 --- [nio-8080-exec-9] o.s.w.s.m.m.a.HttpEntityMethodProcessor  : Writing [[MessageDto.Response(id=2, content=Count me in for tennis tournament, sentAt=2026-04-02T04:30, sende (truncated)...]
2026-05-08T16:10:52.169-07:00 DEBUG 19992 --- [nio-8080-exec-9] o.s.web.servlet.DispatcherServlet        : Completed 200 OK
2026-05-08T16:10:55.667-07:00 DEBUG 19992 --- [nio-8080-exec-7] o.s.web.servlet.DispatcherServlet        : POST "/api/messages/group", parameters={}
2026-05-08T16:10:55.668-07:00 DEBUG 19992 --- [nio-8080-exec-7] s.w.s.m.m.a.RequestMappingHandlerMapping : Mapped to com.example.campconnect_backend.Controllers.MessageController#sendGroup(WsPayload)
2026-05-08T16:10:55.670-07:00 DEBUG 19992 --- [nio-8080-exec-7] m.m.a.RequestResponseBodyMethodProcessor : Read "application/json;charset=UTF-8" to [MessageDto.WsPayload(senderId=7, receiverId=null, groupMatchId=2, content=Hello chris)]
2026-05-08T16:10:55.672-07:00 DEBUG 19992 --- [nio-8080-exec-7] org.hibernate.SQL                        : 
    select
        u1_0.id,
        u1_0.avatar_url,
        u1_0.email,
        u1_0.password,
        u1_0.username 
    from
        users u1_0 
    where
        u1_0.id=?
Hibernate: 
    select
        u1_0.id,
        u1_0.avatar_url,
        u1_0.email,
        u1_0.password,
        u1_0.username 
    from
        users u1_0 
    where
        u1_0.id=?
2026-05-08T16:10:55.675-07:00 DEBUG 19992 --- [nio-8080-exec-7] org.hibernate.SQL                        : 
    select
        gm1_0.id,
        gm1_0.created_at,
        gm1_0.description,
        gm1_0.latitude,
        gm1_0.location,
        gm1_0.longitude,
        gm1_0.max_participants,
        gm1_0.name,
        gm1_0.scheduled_at,
        gm1_0.skill_level,
        gm1_0.sport 
    from
        group_match gm1_0 
    where
        gm1_0.id=?
Hibernate: 
    select
        gm1_0.id,
        gm1_0.created_at,
        gm1_0.description,
        gm1_0.latitude,
        gm1_0.location,
        gm1_0.longitude,
        gm1_0.max_participants,
        gm1_0.name,
        gm1_0.scheduled_at,
        gm1_0.skill_level,
        gm1_0.sport 
    from
        group_match gm1_0 
    where
        gm1_0.id=?
2026-05-08T16:10:55.679-07:00 DEBUG 19992 --- [nio-8080-exec-7] org.hibernate.SQL                        : 
    insert 
    into
        messages
        (content, group_match_id, is_read, receiver_id, sender_id, sent_at) 
    values
        (?, ?, ?, ?, ?, ?)
Hibernate: 
    insert 
    into
        messages
        (content, group_match_id, is_read, receiver_id, sender_id, sent_at) 
    values
        (?, ?, ?, ?, ?, ?)
2026-05-08T16:10:55.683-07:00 DEBUG 19992 --- [nio-8080-exec-7] org.springframework.web.SimpLogging      : Processing MESSAGE destination=/topic/group/2 session=null payload={"id":13,"content":"Hello chris","sentAt":"2026-05-08T16:10:55.6780179","senderI...(truncated)
2026-05-08T16:10:55.686-07:00 DEBUG 19992 --- [nio-8080-exec-7] o.s.w.s.m.m.a.HttpEntityMethodProcessor  : Using 'application/json', given [application/json, text/plain, */*] and supported [application/json, application/*+json]
2026-05-08T16:10:55.687-07:00 DEBUG 19992 --- [nio-8080-exec-7] o.s.w.s.m.m.a.HttpEntityMethodProcessor  : Writing [MessageDto.Response(id=13, content=Hello chris, sentAt=2026-05-08T16:10:55.678017900, senderId=7, se (truncated)...]
2026-05-08T16:10:55.689-07:00 DEBUG 19992 --- [nio-8080-exec-7] o.s.web.servlet.DispatcherServlet        : Completed 201 CREATED
2026-05-08T16:10:55.692-07:00 DEBUG 19992 --- [nio-8080-exec-5] o.s.web.servlet.DispatcherServlet        : GET "/api/messages/group/2", parameters={}
2026-05-08T16:10:55.693-07:00 DEBUG 19992 --- [nio-8080-exec-5] s.w.s.m.m.a.RequestMappingHandlerMapping : Mapped to com.example.campconnect_backend.Controllers.MessageController#getGroupMessages(Long)
2026-05-08T16:10:55.699-07:00 DEBUG 19992 --- [nio-8080-exec-5] org.hibernate.SQL                        : 
    select
        m1_0.id,
        m1_0.content,
        m1_0.group_match_id,
        m1_0.is_read,
        m1_0.receiver_id,
        m1_0.sender_id,
        m1_0.sent_at 
    from
        messages m1_0 
    left join
        group_match gm1_0 
            on gm1_0.id=m1_0.group_match_id 
    where
        gm1_0.id=? 
    order by
        m1_0.sent_at
Hibernate: 
    select
        m1_0.id,
        m1_0.content,
        m1_0.group_match_id,
        m1_0.is_read,
        m1_0.receiver_id,
        m1_0.sender_id,
        m1_0.sent_at 
    from
        messages m1_0 
    left join
        group_match gm1_0 
            on gm1_0.id=m1_0.group_match_id 
    where
        gm1_0.id=? 
    order by
        m1_0.sent_at
2026-05-08T16:10:55.701-07:00 DEBUG 19992 --- [nio-8080-exec-5] org.hibernate.SQL                        : 
    select
        u1_0.id,
        u1_0.avatar_url,
        u1_0.email,
        u1_0.password,
        u1_0.username 
    from
        users u1_0 
    where
        u1_0.id=?
Hibernate: 
    select
        u1_0.id,
        u1_0.avatar_url,
        u1_0.email,
        u1_0.password,
        u1_0.username 
    from
        users u1_0 
    where
        u1_0.id=?
2026-05-08T16:10:55.704-07:00 DEBUG 19992 --- [nio-8080-exec-5] org.hibernate.SQL                        : 
    select
        u1_0.id,
        u1_0.avatar_url,
        u1_0.email,
        u1_0.password,
        u1_0.username 
    from
        users u1_0 
    where
        u1_0.id=?
Hibernate: 
    select
        u1_0.id,
        u1_0.avatar_url,
        u1_0.email,
        u1_0.password,
        u1_0.username 
    from
        users u1_0 
    where
        u1_0.id=?
2026-05-08T16:10:55.707-07:00 DEBUG 19992 --- [nio-8080-exec-5] o.s.w.s.m.m.a.HttpEntityMethodProcessor  : Using 'application/json', given [application/json, text/plain, */*] and supported [application/json, application/*+json]
2026-05-08T16:10:55.708-07:00 DEBUG 19992 --- [nio-8080-exec-5] o.s.w.s.m.m.a.HttpEntityMethodProcessor  : Writing [[MessageDto.Response(id=2, content=Count me in for tennis tournament, sentAt=2026-04-02T04:30, sende (truncated)...]
2026-05-08T16:10:55.709-07:00 DEBUG 19992 --- [nio-8080-exec-5] o.s.web.servlet.DispatcherServlet        : Completed 200 OK
2026-05-08T16:10:57.155-07:00 DEBUG 19992 --- [nio-8080-exec-8] o.s.web.servlet.DispatcherServlet        : GET "/api/messages/group/2", parameters={}
2026-05-08T16:10:57.156-07:00 DEBUG 19992 --- [nio-8080-exec-8] s.w.s.m.m.a.RequestMappingHandlerMapping : Mapped to com.example.campconnect_backend.Controllers.MessageController#getGroupMessages(Long)
2026-05-08T16:10:57.159-07:00 DEBUG 19992 --- [nio-8080-exec-8] org.hibernate.SQL                        : 
    select
        m1_0.id,
        m1_0.content,
        m1_0.group_match_id,
        m1_0.is_read,
        m1_0.receiver_id,
        m1_0.sender_id,
        m1_0.sent_at 
    from
        messages m1_0 
    left join
        group_match gm1_0 
            on gm1_0.id=m1_0.group_match_id 
    where
        gm1_0.id=? 
    order by
        m1_0.sent_at
Hibernate: 
    select
        m1_0.id,
        m1_0.content,
        m1_0.group_match_id,
        m1_0.is_read,
        m1_0.receiver_id,
        m1_0.sender_id,
        m1_0.sent_at 
    from
        messages m1_0 
    left join
        group_match gm1_0 
            on gm1_0.id=m1_0.group_match_id 
    where
        gm1_0.id=? 
    order by
        m1_0.sent_at
2026-05-08T16:10:57.162-07:00 DEBUG 19992 --- [nio-8080-exec-8] org.hibernate.SQL                        : 
    select
        u1_0.id,
        u1_0.avatar_url,
        u1_0.email,
        u1_0.password,
        u1_0.username 
    from
        users u1_0 
    where
        u1_0.id=?
Hibernate: 
    select
        u1_0.id,
        u1_0.avatar_url,
        u1_0.email,
        u1_0.password,
        u1_0.username 
    from
        users u1_0 
    where
        u1_0.id=?
2026-05-08T16:10:57.164-07:00 DEBUG 19992 --- [nio-8080-exec-8] org.hibernate.SQL                        : 
    select
        u1_0.id,
        u1_0.avatar_url,
        u1_0.email,
        u1_0.password,
        u1_0.username 
    from
        users u1_0 
    where
        u1_0.id=?
Hibernate: 
    select
        u1_0.id,
        u1_0.avatar_url,
        u1_0.email,
        u1_0.password,
        u1_0.username 
    from
        users u1_0 
    where
        u1_0.id=?
2026-05-08T16:10:57.167-07:00 DEBUG 19992 --- [nio-8080-exec-8] o.s.w.s.m.m.a.HttpEntityMethodProcessor  : Using 'application/json', given [application/json, text/plain, */*] and supported [application/json, application/*+json]
2026-05-08T16:10:57.167-07:00 DEBUG 19992 --- [nio-8080-exec-8] o.s.w.s.m.m.a.HttpEntityMethodProcessor  : Writing [[MessageDto.Response(id=2, content=Count me in for tennis tournament, sentAt=2026-04-02T04:30, sende (truncated)...]
2026-05-08T16:10:57.168-07:00 DEBUG 19992 --- [nio-8080-exec-8] o.s.web.servlet.DispatcherServlet        : Completed 200 OK
2026-05-08T16:11:00.427-07:00 DEBUG 19992 --- [io-8080-exec-10] o.s.web.servlet.DispatcherServlet        : GET "/api/messages/group/3", parameters={}
2026-05-08T16:11:00.429-07:00 DEBUG 19992 --- [io-8080-exec-10] s.w.s.m.m.a.RequestMappingHandlerMapping : Mapped to com.example.campconnect_backend.Controllers.MessageController#getGroupMessages(Long)
2026-05-08T16:11:00.438-07:00 DEBUG 19992 --- [io-8080-exec-10] org.hibernate.SQL                        : 
    select
        m1_0.id,
        m1_0.content,
        m1_0.group_match_id,
        m1_0.is_read,
        m1_0.receiver_id,
        m1_0.sender_id,
        m1_0.sent_at 
    from
        messages m1_0 
    left join
        group_match gm1_0 
            on gm1_0.id=m1_0.group_match_id 
    where
        gm1_0.id=? 
    order by
        m1_0.sent_at
Hibernate: 
    select
        m1_0.id,
        m1_0.content,
        m1_0.group_match_id,
        m1_0.is_read,
        m1_0.receiver_id,
        m1_0.sender_id,
        m1_0.sent_at 
    from
        messages m1_0 
    left join
        group_match gm1_0 
            on gm1_0.id=m1_0.group_match_id 
    where
        gm1_0.id=? 
    order by
        m1_0.sent_at
2026-05-08T16:11:00.443-07:00 DEBUG 19992 --- [io-8080-exec-10] org.hibernate.SQL                        : 
    select
        u1_0.id,
        u1_0.avatar_url,
        u1_0.email,
        u1_0.password,
        u1_0.username 
    from
        users u1_0 
    where
        u1_0.id=?
Hibernate: 
    select
        u1_0.id,
        u1_0.avatar_url,
        u1_0.email,
        u1_0.password,
        u1_0.username 
    from
        users u1_0 
    where
        u1_0.id=?
2026-05-08T16:11:00.449-07:00 DEBUG 19992 --- [io-8080-exec-10] o.s.w.s.m.m.a.HttpEntityMethodProcessor  : Using 'application/json', given [application/json, text/plain, */*] and supported [application/json, application/*+json]
2026-05-08T16:11:00.451-07:00 DEBUG 19992 --- [io-8080-exec-10] o.s.w.s.m.m.a.HttpEntityMethodProcessor  : Writing [[MessageDto.Response(id=3, content=Looking forward to the basketball game!, sentAt=2026-04-03T05:30, (truncated)...]
2026-05-08T16:11:00.453-07:00 DEBUG 19992 --- [io-8080-exec-10] o.s.web.servlet.DispatcherServlet        : Completed 200 OK
2026-05-08T16:11:02.153-07:00 DEBUG 19992 --- [nio-8080-exec-1] o.s.web.servlet.DispatcherServlet        : GET "/api/messages/group/3", parameters={}
2026-05-08T16:11:02.155-07:00 DEBUG 19992 --- [nio-8080-exec-1] s.w.s.m.m.a.RequestMappingHandlerMapping : Mapped to com.example.campconnect_backend.Controllers.MessageController#getGroupMessages(Long)
2026-05-08T16:11:02.160-07:00 DEBUG 19992 --- [nio-8080-exec-1] org.hibernate.SQL                        : 
    select
        m1_0.id,
        m1_0.content,
        m1_0.group_match_id,
        m1_0.is_read,
        m1_0.receiver_id,
        m1_0.sender_id,
        m1_0.sent_at 
    from
        messages m1_0 
    left join
        group_match gm1_0 
            on gm1_0.id=m1_0.group_match_id 
    where
        gm1_0.id=? 
    order by
        m1_0.sent_at
Hibernate: 
    select
        m1_0.id,
        m1_0.content,
        m1_0.group_match_id,
        m1_0.is_read,
        m1_0.receiver_id,
        m1_0.sender_id,
        m1_0.sent_at 
    from
        messages m1_0 
    left join
        group_match gm1_0 
            on gm1_0.id=m1_0.group_match_id 
    where
        gm1_0.id=? 
    order by
        m1_0.sent_at
2026-05-08T16:11:02.164-07:00 DEBUG 19992 --- [nio-8080-exec-1] org.hibernate.SQL                        : 
    select
        u1_0.id,
        u1_0.avatar_url,
        u1_0.email,
        u1_0.password,
        u1_0.username 
    from
        users u1_0 
    where
        u1_0.id=?
Hibernate: 
    select
        u1_0.id,
        u1_0.avatar_url,
        u1_0.email,
        u1_0.password,
        u1_0.username 
    from
        users u1_0 
    where
        u1_0.id=?
2026-05-08T16:11:02.168-07:00 DEBUG 19992 --- [nio-8080-exec-1] o.s.w.s.m.m.a.HttpEntityMethodProcessor  : Using 'application/json', given [application/json, text/plain, */*] and supported [application/json, application/*+json]
2026-05-08T16:11:02.170-07:00 DEBUG 19992 --- [nio-8080-exec-1] o.s.w.s.m.m.a.HttpEntityMethodProcessor  : Writing [[MessageDto.Response(id=3, content=Looking forward to the basketball game!, sentAt=2026-04-03T05:30, (truncated)...]
2026-05-08T16:11:02.172-07:00 DEBUG 19992 --- [nio-8080-exec-1] o.s.web.servlet.DispatcherServlet        : Completed 200 OK
2026-05-08T16:11:07.153-07:00 DEBUG 19992 --- [nio-8080-exec-3] o.s.web.servlet.DispatcherServlet        : GET "/api/messages/group/3", parameters={}
2026-05-08T16:11:07.154-07:00 DEBUG 19992 --- [nio-8080-exec-3] s.w.s.m.m.a.RequestMappingHandlerMapping : Mapped to com.example.campconnect_backend.Controllers.MessageController#getGroupMessages(Long)
2026-05-08T16:11:07.159-07:00 DEBUG 19992 --- [nio-8080-exec-3] org.hibernate.SQL                        : 
    select
        m1_0.id,
        m1_0.content,
        m1_0.group_match_id,
        m1_0.is_read,
        m1_0.receiver_id,
        m1_0.sender_id,
        m1_0.sent_at 
    from
        messages m1_0 
    left join
        group_match gm1_0 
            on gm1_0.id=m1_0.group_match_id 
    where
        gm1_0.id=? 
    order by
        m1_0.sent_at
Hibernate: 
    select
        m1_0.id,
        m1_0.content,
        m1_0.group_match_id,
        m1_0.is_read,
        m1_0.receiver_id,
        m1_0.sender_id,
        m1_0.sent_at 
    from
        messages m1_0 
    left join
        group_match gm1_0 
            on gm1_0.id=m1_0.group_match_id 
    where
        gm1_0.id=? 
    order by
        m1_0.sent_at
2026-05-08T16:11:07.162-07:00 DEBUG 19992 --- [nio-8080-exec-3] org.hibernate.SQL                        : 
    select
        u1_0.id,
        u1_0.avatar_url,
        u1_0.email,
        u1_0.password,
        u1_0.username 
    from
        users u1_0 
    where
        u1_0.id=?
Hibernate: 
    select
        u1_0.id,
        u1_0.avatar_url,
        u1_0.email,
        u1_0.password,
        u1_0.username 
    from
        users u1_0 
    where
        u1_0.id=?
2026-05-08T16:11:07.165-07:00 DEBUG 19992 --- [nio-8080-exec-3] o.s.w.s.m.m.a.HttpEntityMethodProcessor  : Using 'application/json', given [application/json, text/plain, */*] and supported [application/json, application/*+json]
2026-05-08T16:11:07.165-07:00 DEBUG 19992 --- [nio-8080-exec-3] o.s.w.s.m.m.a.HttpEntityMethodProcessor  : Writing [[MessageDto.Response(id=3, content=Looking forward to the basketball game!, sentAt=2026-04-03T05:30, (truncated)...]
2026-05-08T16:11:07.166-07:00 DEBUG 19992 --- [nio-8080-exec-3] o.s.web.servlet.DispatcherServlet        : Completed 200 OK
2026-05-08T16:11:08.301-07:00 DEBUG 19992 --- [nio-8080-exec-4] o.s.web.servlet.DispatcherServlet        : POST "/api/messages/group", parameters={}
2026-05-08T16:11:08.302-07:00 DEBUG 19992 --- [nio-8080-exec-4] s.w.s.m.m.a.RequestMappingHandlerMapping : Mapped to com.example.campconnect_backend.Controllers.MessageController#sendGroup(WsPayload)
2026-05-08T16:11:08.303-07:00 DEBUG 19992 --- [nio-8080-exec-4] m.m.a.RequestResponseBodyMethodProcessor : Read "application/json;charset=UTF-8" to [MessageDto.WsPayload(senderId=7, receiverId=null, groupMatchId=3, content=hello chris)]
2026-05-08T16:11:08.305-07:00 DEBUG 19992 --- [nio-8080-exec-4] org.hibernate.SQL                        : 
    select
        u1_0.id,
        u1_0.avatar_url,
        u1_0.email,
        u1_0.password,
        u1_0.username 
    from
        users u1_0 
    where
        u1_0.id=?
Hibernate: 
    select
        u1_0.id,
        u1_0.avatar_url,
        u1_0.email,
        u1_0.password,
        u1_0.username 
    from
        users u1_0 
    where
        u1_0.id=?
2026-05-08T16:11:08.308-07:00 DEBUG 19992 --- [nio-8080-exec-4] org.hibernate.SQL                        : 
    select
        gm1_0.id,
        gm1_0.created_at,
        gm1_0.description,
        gm1_0.latitude,
        gm1_0.location,
        gm1_0.longitude,
        gm1_0.max_participants,
        gm1_0.name,
        gm1_0.scheduled_at,
        gm1_0.skill_level,
        gm1_0.sport 
    from
        group_match gm1_0 
    where
        gm1_0.id=?
Hibernate: 
    select
        gm1_0.id,
        gm1_0.created_at,
        gm1_0.description,
        gm1_0.latitude,
        gm1_0.location,
        gm1_0.longitude,
        gm1_0.max_participants,
        gm1_0.name,
        gm1_0.scheduled_at,
        gm1_0.skill_level,
        gm1_0.sport 
    from
        group_match gm1_0 
    where
        gm1_0.id=?
2026-05-08T16:11:08.310-07:00 DEBUG 19992 --- [nio-8080-exec-4] org.hibernate.SQL                        : 
    insert 
    into
        messages
        (content, group_match_id, is_read, receiver_id, sender_id, sent_at) 
    values
        (?, ?, ?, ?, ?, ?)
Hibernate: 
    insert 
    into
        messages
        (content, group_match_id, is_read, receiver_id, sender_id, sent_at) 
    values
        (?, ?, ?, ?, ?, ?)
2026-05-08T16:11:08.314-07:00 DEBUG 19992 --- [nio-8080-exec-4] org.springframework.web.SimpLogging      : Processing MESSAGE destination=/topic/group/3 session=null payload={"id":14,"content":"hello chris","sentAt":"2026-05-08T16:11:08.310749","senderId...(truncated)
2026-05-08T16:11:08.322-07:00 DEBUG 19992 --- [nio-8080-exec-4] o.s.w.s.m.m.a.HttpEntityMethodProcessor  : Using 'application/json', given [application/json, text/plain, */*] and supported [application/json, application/*+json]
2026-05-08T16:11:08.322-07:00 DEBUG 19992 --- [nio-8080-exec-4] o.s.w.s.m.m.a.HttpEntityMethodProcessor  : Writing [MessageDto.Response(id=14, content=hello chris, sentAt=2026-05-08T16:11:08.310749, senderId=7, sende (truncated)...]
2026-05-08T16:11:08.324-07:00 DEBUG 19992 --- [nio-8080-exec-4] o.s.web.servlet.DispatcherServlet        : Completed 201 CREATED
2026-05-08T16:11:08.328-07:00 DEBUG 19992 --- [nio-8080-exec-9] o.s.web.servlet.DispatcherServlet        : GET "/api/messages/group/3", parameters={}
2026-05-08T16:11:08.328-07:00 DEBUG 19992 --- [nio-8080-exec-9] s.w.s.m.m.a.RequestMappingHandlerMapping : Mapped to com.example.campconnect_backend.Controllers.MessageController#getGroupMessages(Long)
2026-05-08T16:11:08.331-07:00 DEBUG 19992 --- [nio-8080-exec-9] org.hibernate.SQL                        : 
    select
        m1_0.id,
        m1_0.content,
        m1_0.group_match_id,
        m1_0.is_read,
        m1_0.receiver_id,
        m1_0.sender_id,
        m1_0.sent_at 
    from
        messages m1_0 
    left join
        group_match gm1_0 
            on gm1_0.id=m1_0.group_match_id 
    where
        gm1_0.id=? 
    order by
        m1_0.sent_at
Hibernate: 
    select
        m1_0.id,
        m1_0.content,
        m1_0.group_match_id,
        m1_0.is_read,
        m1_0.receiver_id,
        m1_0.sender_id,
        m1_0.sent_at 
    from
        messages m1_0 
    left join
        group_match gm1_0 
            on gm1_0.id=m1_0.group_match_id 
    where
        gm1_0.id=? 
    order by
        m1_0.sent_at
2026-05-08T16:11:08.334-07:00 DEBUG 19992 --- [nio-8080-exec-9] org.hibernate.SQL                        : 
    select
        u1_0.id,
        u1_0.avatar_url,
        u1_0.email,
        u1_0.password,
        u1_0.username 
    from
        users u1_0 
    where
        u1_0.id=?
Hibernate: 
    select
        u1_0.id,
        u1_0.avatar_url,
        u1_0.email,
        u1_0.password,
        u1_0.username 
    from
        users u1_0 
    where
        u1_0.id=?
2026-05-08T16:11:08.336-07:00 DEBUG 19992 --- [nio-8080-exec-9] org.hibernate.SQL                        : 
    select
        u1_0.id,
        u1_0.avatar_url,
        u1_0.email,
        u1_0.password,
        u1_0.username 
    from
        users u1_0 
    where
        u1_0.id=?
Hibernate: 
    select
        u1_0.id,
        u1_0.avatar_url,
        u1_0.email,
        u1_0.password,
        u1_0.username 
    from
        users u1_0 
    where
        u1_0.id=?
2026-05-08T16:11:08.339-07:00 DEBUG 19992 --- [nio-8080-exec-9] o.s.w.s.m.m.a.HttpEntityMethodProcessor  : Using 'application/json', given [application/json, text/plain, */*] and supported [application/json, application/*+json]
2026-05-08T16:11:08.339-07:00 DEBUG 19992 --- [nio-8080-exec-9] o.s.w.s.m.m.a.HttpEntityMethodProcessor  : Writing [[MessageDto.Response(id=3, content=Looking forward to the basketball game!, sentAt=2026-04-03T05:30, (truncated)...]
2026-05-08T16:11:08.341-07:00 DEBUG 19992 --- [nio-8080-exec-9] o.s.web.servlet.DispatcherServlet        : Completed 200 OK
2026-05-08T16:11:12.151-07:00 DEBUG 19992 --- [nio-8080-exec-6] o.s.web.servlet.DispatcherServlet        : GET "/api/messages/group/3", parameters={}
2026-05-08T16:11:12.152-07:00 DEBUG 19992 --- [nio-8080-exec-6] s.w.s.m.m.a.RequestMappingHandlerMapping : Mapped to com.example.campconnect_backend.Controllers.MessageController#getGroupMessages(Long)
2026-05-08T16:11:12.155-07:00 DEBUG 19992 --- [nio-8080-exec-6] org.hibernate.SQL                        : 
    select
        m1_0.id,
        m1_0.content,
        m1_0.group_match_id,
        m1_0.is_read,
        m1_0.receiver_id,
        m1_0.sender_id,
        m1_0.sent_at 
    from
        messages m1_0 
    left join
        group_match gm1_0 
            on gm1_0.id=m1_0.group_match_id 
    where
        gm1_0.id=? 
    order by
        m1_0.sent_at
Hibernate: 
    select
        m1_0.id,
        m1_0.content,
        m1_0.group_match_id,
        m1_0.is_read,
        m1_0.receiver_id,
        m1_0.sender_id,
        m1_0.sent_at 
    from
        messages m1_0 
    left join
        group_match gm1_0 
            on gm1_0.id=m1_0.group_match_id 
    where
        gm1_0.id=? 
    order by
        m1_0.sent_at
2026-05-08T16:11:12.158-07:00 DEBUG 19992 --- [nio-8080-exec-6] org.hibernate.SQL                        : 
    select
        u1_0.id,
        u1_0.avatar_url,
        u1_0.email,
        u1_0.password,
        u1_0.username 
    from
        users u1_0 
    where
        u1_0.id=?
Hibernate: 
    select
        u1_0.id,
        u1_0.avatar_url,
        u1_0.email,
        u1_0.password,
        u1_0.username 
    from
        users u1_0 
    where
        u1_0.id=?
2026-05-08T16:11:12.161-07:00 DEBUG 19992 --- [nio-8080-exec-6] org.hibernate.SQL                        : 
    select
        u1_0.id,
        u1_0.avatar_url,
        u1_0.email,
        u1_0.password,
        u1_0.username 
    from
        users u1_0 
    where
        u1_0.id=?
Hibernate: 
    select
        u1_0.id,
        u1_0.avatar_url,
        u1_0.email,
        u1_0.password,
        u1_0.username 
    from
        users u1_0 
    where
        u1_0.id=?
2026-05-08T16:11:12.164-07:00 DEBUG 19992 --- [nio-8080-exec-6] o.s.w.s.m.m.a.HttpEntityMethodProcessor  : Using 'application/json', given [application/json, text/plain, */*] and supported [application/json, application/*+json]
2026-05-08T16:11:12.165-07:00 DEBUG 19992 --- [nio-8080-exec-6] o.s.w.s.m.m.a.HttpEntityMethodProcessor  : Writing [[MessageDto.Response(id=3, content=Looking forward to the basketball game!, sentAt=2026-04-03T05:30, (truncated)...]
2026-05-08T16:11:12.166-07:00 DEBUG 19992 --- [nio-8080-exec-6] o.s.web.servlet.DispatcherServlet        : Completed 200 OK
2026-05-08T16:11:13.279-07:00 DEBUG 19992 --- [nio-8080-exec-7] o.s.web.servlet.DispatcherServlet        : GET "/api/groups", parameters={}
2026-05-08T16:11:13.280-07:00 DEBUG 19992 --- [nio-8080-exec-7] s.w.s.m.m.a.RequestMappingHandlerMapping : Mapped to com.example.campconnect_backend.Controllers.GroupMatchController#getAll()
2026-05-08T16:11:13.283-07:00 DEBUG 19992 --- [nio-8080-exec-7] org.hibernate.SQL                        : 
    select
        gm1_0.id,
        gm1_0.created_at,
        gm1_0.description,
        gm1_0.latitude,
        gm1_0.location,
        gm1_0.longitude,
        gm1_0.max_participants,
        gm1_0.name,
        gm1_0.scheduled_at,
        gm1_0.skill_level,
        gm1_0.sport 
    from
        group_match gm1_0
Hibernate: 
    select
        gm1_0.id,
        gm1_0.created_at,
        gm1_0.description,
        gm1_0.latitude,
        gm1_0.location,
        gm1_0.longitude,
        gm1_0.max_participants,
        gm1_0.name,
        gm1_0.scheduled_at,
        gm1_0.skill_level,
        gm1_0.sport 
    from
        group_match gm1_0
2026-05-08T16:11:13.291-07:00 DEBUG 19992 --- [nio-8080-exec-7] org.hibernate.SQL                        : 
    select
        count(*) 
    from
        user_participant up1_0 
    where
        up1_0.group_match_id=? 
        and up1_0.status='ACCEPTED'
Hibernate: 
    select
        count(*) 
    from
        user_participant up1_0 
    where
        up1_0.group_match_id=? 
        and up1_0.status='ACCEPTED'
2026-05-08T16:11:13.294-07:00 DEBUG 19992 --- [nio-8080-exec-7] org.hibernate.SQL                        : 
    select
        count(*) 
    from
        user_participant up1_0 
    where
        up1_0.group_match_id=? 
        and up1_0.status='ACCEPTED'
Hibernate: 
    select
        count(*) 
    from
        user_participant up1_0 
    where
        up1_0.group_match_id=? 
        and up1_0.status='ACCEPTED'
2026-05-08T16:11:13.297-07:00 DEBUG 19992 --- [nio-8080-exec-7] org.hibernate.SQL                        : 
    select
        count(*) 
    from
        user_participant up1_0 
    where
        up1_0.group_match_id=? 
        and up1_0.status='ACCEPTED'
Hibernate: 
    select
        count(*) 
    from
        user_participant up1_0 
    where
        up1_0.group_match_id=? 
        and up1_0.status='ACCEPTED'
2026-05-08T16:11:13.300-07:00 DEBUG 19992 --- [nio-8080-exec-7] org.hibernate.SQL                        : 
    select
        count(*) 
    from
        user_participant up1_0 
    where
        up1_0.group_match_id=? 
        and up1_0.status='ACCEPTED'
Hibernate: 
    select
        count(*) 
    from
        user_participant up1_0 
    where
        up1_0.group_match_id=? 
        and up1_0.status='ACCEPTED'
2026-05-08T16:11:13.302-07:00 DEBUG 19992 --- [nio-8080-exec-7] org.hibernate.SQL                        : 
    select
        count(*) 
    from
        user_participant up1_0 
    where
        up1_0.group_match_id=? 
        and up1_0.status='ACCEPTED'
Hibernate: 
    select
        count(*) 
    from
        user_participant up1_0 
    where
        up1_0.group_match_id=? 
        and up1_0.status='ACCEPTED'
2026-05-08T16:11:13.305-07:00 DEBUG 19992 --- [nio-8080-exec-7] o.s.w.s.m.m.a.HttpEntityMethodProcessor  : Using 'application/json', given [application/json, text/plain, */*] and supported [application/json, application/*+json]
2026-05-08T16:11:13.306-07:00 DEBUG 19992 --- [nio-8080-exec-7] o.s.w.s.m.m.a.HttpEntityMethodProcessor  : Writing [[GroupMatchDto.Response(id=1, name=Football Match Downtown, description=Casual football game in the  (truncated)...]
2026-05-08T16:11:13.307-07:00 DEBUG 19992 --- [nio-8080-exec-7] o.s.web.servlet.DispatcherServlet        : Completed 200 OK
2026-05-08T16:11:27.353-07:00 DEBUG 19992 --- [nio-8080-exec-5] o.s.web.servlet.DispatcherServlet        : GET "/api/users", parameters={}
2026-05-08T16:11:27.357-07:00 DEBUG 19992 --- [nio-8080-exec-5] s.w.s.m.m.a.RequestMappingHandlerMapping : Mapped to com.example.campconnect_backend.Controllers.UserController#getAll()
2026-05-08T16:11:27.361-07:00 DEBUG 19992 --- [nio-8080-exec-5] org.hibernate.SQL                        : 
    select
        u1_0.id,
        u1_0.avatar_url,
        u1_0.email,
        u1_0.password,
        u1_0.username 
    from
        users u1_0
Hibernate: 
    select
        u1_0.id,
        u1_0.avatar_url,
        u1_0.email,
        u1_0.password,
        u1_0.username 
    from
        users u1_0
2026-05-08T16:11:27.364-07:00 DEBUG 19992 --- [nio-8080-exec-5] o.s.w.s.m.m.a.HttpEntityMethodProcessor  : Using 'application/json', given [application/json, text/plain, */*] and supported [application/json, application/*+json]
2026-05-08T16:11:27.365-07:00 DEBUG 19992 --- [nio-8080-exec-5] o.s.w.s.m.m.a.HttpEntityMethodProcessor  : Writing [[UserDto.Response(id=1, username=john_doe, email=john@example.com, avatarUrl=https://example.com/ava (truncated)...]
2026-05-08T16:11:27.366-07:00 DEBUG 19992 --- [nio-8080-exec-5] o.s.web.servlet.DispatcherServlet        : Completed 200 OK
2026-05-08T16:11:27.385-07:00 DEBUG 19992 --- [nio-8080-exec-8] o.s.web.servlet.DispatcherServlet        : GET "/api/groups", parameters={}
2026-05-08T16:11:27.386-07:00 DEBUG 19992 --- [nio-8080-exec-8] s.w.s.m.m.a.RequestMappingHandlerMapping : Mapped to com.example.campconnect_backend.Controllers.GroupMatchController#getAll()
2026-05-08T16:11:27.391-07:00 DEBUG 19992 --- [nio-8080-exec-8] org.hibernate.SQL                        : 
    select
        gm1_0.id,
        gm1_0.created_at,
        gm1_0.description,
        gm1_0.latitude,
        gm1_0.location,
        gm1_0.longitude,
        gm1_0.max_participants,
        gm1_0.name,
        gm1_0.scheduled_at,
        gm1_0.skill_level,
        gm1_0.sport 
    from
        group_match gm1_0
Hibernate: 
    select
        gm1_0.id,
        gm1_0.created_at,
        gm1_0.description,
        gm1_0.latitude,
        gm1_0.location,
        gm1_0.longitude,
        gm1_0.max_participants,
        gm1_0.name,
        gm1_0.scheduled_at,
        gm1_0.skill_level,
        gm1_0.sport 
    from
        group_match gm1_0
2026-05-08T16:11:27.397-07:00 DEBUG 19992 --- [nio-8080-exec-8] org.hibernate.SQL                        : 
    select
        count(*) 
    from
        user_participant up1_0 
    where
        up1_0.group_match_id=? 
        and up1_0.status='ACCEPTED'
Hibernate: 
    select
        count(*) 
    from
        user_participant up1_0 
    where
        up1_0.group_match_id=? 
        and up1_0.status='ACCEPTED'
2026-05-08T16:11:27.399-07:00 DEBUG 19992 --- [nio-8080-exec-8] org.hibernate.SQL                        : 
    select
        count(*) 
    from
        user_participant up1_0 
    where
        up1_0.group_match_id=? 
        and up1_0.status='ACCEPTED'
Hibernate: 
    select
        count(*) 
    from
        user_participant up1_0 
    where
        up1_0.group_match_id=? 
        and up1_0.status='ACCEPTED'
2026-05-08T16:11:27.403-07:00 DEBUG 19992 --- [nio-8080-exec-8] org.hibernate.SQL                        : 
    select
        count(*) 
    from
        user_participant up1_0 
    where
        up1_0.group_match_id=? 
        and up1_0.status='ACCEPTED'
Hibernate: 
    select
        count(*) 
    from
        user_participant up1_0 
    where
        up1_0.group_match_id=? 
        and up1_0.status='ACCEPTED'
2026-05-08T16:11:27.418-07:00 DEBUG 19992 --- [nio-8080-exec-8] org.hibernate.SQL                        : 
    select
        count(*) 
    from
        user_participant up1_0 
    where
        up1_0.group_match_id=? 
        and up1_0.status='ACCEPTED'
Hibernate: 
    select
        count(*) 
    from
        user_participant up1_0 
    where
        up1_0.group_match_id=? 
        and up1_0.status='ACCEPTED'
2026-05-08T16:11:27.422-07:00 DEBUG 19992 --- [nio-8080-exec-8] org.hibernate.SQL                        : 
    select
        count(*) 
    from
        user_participant up1_0 
    where
        up1_0.group_match_id=? 
        and up1_0.status='ACCEPTED'
Hibernate: 
    select
        count(*) 
    from
        user_participant up1_0 
    where
        up1_0.group_match_id=? 
        and up1_0.status='ACCEPTED'
2026-05-08T16:11:27.425-07:00 DEBUG 19992 --- [nio-8080-exec-8] o.s.w.s.m.m.a.HttpEntityMethodProcessor  : Using 'application/json', given [application/json, text/plain, */*] and supported [application/json, application/*+json]
2026-05-08T16:11:27.427-07:00 DEBUG 19992 --- [nio-8080-exec-8] o.s.w.s.m.m.a.HttpEntityMethodProcessor  : Writing [[GroupMatchDto.Response(id=1, name=Football Match Downtown, description=Casual football game in the  (truncated)...]
2026-05-08T16:11:27.432-07:00 DEBUG 19992 --- [nio-8080-exec-8] o.s.web.servlet.DispatcherServlet        : Completed 200 OK
2026-05-08T16:11:30.592-07:00 DEBUG 19992 --- [nio-8080-exec-1] o.s.web.servlet.DispatcherServlet        : GET "/api/users/7/preferences", parameters={}
2026-05-08T16:11:30.594-07:00 DEBUG 19992 --- [nio-8080-exec-1] s.w.s.m.m.a.RequestMappingHandlerMapping : Mapped to com.example.campconnect_backend.Controllers.UserController#getPreferences(Long)
2026-05-08T16:11:30.598-07:00 DEBUG 19992 --- [nio-8080-exec-1] org.hibernate.SQL                        : 
    select
        up1_0.id,
        up1_0.age_max,
        up1_0.age_min,
        up1_0.availability,
        up1_0.city,
        up1_0.engagement_level,
        up1_0.group_size_max,
        up1_0.group_size_min,
        up1_0.languages,
        up1_0.latitude,
        up1_0.longitude,
        up1_0.radius_km,
        up1_0.skill_level,
        up1_0.sports,
        up1_0.user_id 
    from
        user_preferences up1_0 
    left join
        users u1_0 
            on u1_0.id=up1_0.user_id 
    where
        u1_0.id=?
Hibernate: 
    select
        up1_0.id,
        up1_0.age_max,
        up1_0.age_min,
        up1_0.availability,
        up1_0.city,
        up1_0.engagement_level,
        up1_0.group_size_max,
        up1_0.group_size_min,
        up1_0.languages,
        up1_0.latitude,
        up1_0.longitude,
        up1_0.radius_km,
        up1_0.skill_level,
        up1_0.sports,
        up1_0.user_id 
    from
        user_preferences up1_0 
    left join
        users u1_0 
            on u1_0.id=up1_0.user_id 
    where
        u1_0.id=?
2026-05-08T16:11:30.604-07:00 DEBUG 19992 --- [nio-8080-exec-1] o.s.w.s.m.m.a.HttpEntityMethodProcessor  : Using 'application/json', given [application/json, text/plain, */*] and supported [application/json, application/*+json]
2026-05-08T16:11:30.606-07:00 DEBUG 19992 --- [nio-8080-exec-1] o.s.w.s.m.m.a.HttpEntityMethodProcessor  : Writing [UserPreferenceDto.Response(id=7, userId=7, sports=football,soccer, skillLevel=INTERMEDIATE, ageMin=2 (truncated)...]
2026-05-08T16:11:30.607-07:00 DEBUG 19992 --- [nio-8080-exec-1] o.s.web.servlet.DispatcherServlet        : Completed 200 OK
2026-05-08T16:11:32.758-07:00 DEBUG 19992 --- [nio-8080-exec-3] o.s.web.servlet.DispatcherServlet        : GET "/api/users", parameters={}
2026-05-08T16:11:32.758-07:00 DEBUG 19992 --- [nio-8080-exec-3] s.w.s.m.m.a.RequestMappingHandlerMapping : Mapped to com.example.campconnect_backend.Controllers.UserController#getAll()
2026-05-08T16:11:32.760-07:00 DEBUG 19992 --- [nio-8080-exec-2] o.s.web.servlet.DispatcherServlet        : GET "/api/messages/group/1", parameters={}
2026-05-08T16:11:32.761-07:00 DEBUG 19992 --- [nio-8080-exec-3] org.hibernate.SQL                        : 
    select
        u1_0.id,
        u1_0.avatar_url,
        u1_0.email,
        u1_0.password,
        u1_0.username 
    from
        users u1_0
Hibernate: 
    select
        u1_0.id,
        u1_0.avatar_url,
        u1_0.email,
        u1_0.password,
        u1_0.username 
    from
        users u1_0
2026-05-08T16:11:32.761-07:00 DEBUG 19992 --- [nio-8080-exec-2] s.w.s.m.m.a.RequestMappingHandlerMapping : Mapped to com.example.campconnect_backend.Controllers.MessageController#getGroupMessages(Long)
2026-05-08T16:11:32.764-07:00 DEBUG 19992 --- [nio-8080-exec-3] o.s.w.s.m.m.a.HttpEntityMethodProcessor  : Using 'application/json', given [application/json, text/plain, */*] and supported [application/json, application/*+json]
2026-05-08T16:11:32.765-07:00 DEBUG 19992 --- [nio-8080-exec-3] o.s.w.s.m.m.a.HttpEntityMethodProcessor  : Writing [[UserDto.Response(id=1, username=john_doe, email=john@example.com, avatarUrl=https://example.com/ava (truncated)...]
2026-05-08T16:11:32.767-07:00 DEBUG 19992 --- [nio-8080-exec-3] o.s.web.servlet.DispatcherServlet        : Completed 200 OK
2026-05-08T16:11:32.768-07:00 DEBUG 19992 --- [nio-8080-exec-2] org.hibernate.SQL                        : 
    select
        m1_0.id,
        m1_0.content,
        m1_0.group_match_id,
        m1_0.is_read,
        m1_0.receiver_id,
        m1_0.sender_id,
        m1_0.sent_at 
    from
        messages m1_0 
    left join
        group_match gm1_0 
            on gm1_0.id=m1_0.group_match_id 
    where
        gm1_0.id=? 
    order by
        m1_0.sent_at
Hibernate: 
    select
        m1_0.id,
        m1_0.content,
        m1_0.group_match_id,
        m1_0.is_read,
        m1_0.receiver_id,
        m1_0.sender_id,
        m1_0.sent_at 
    from
        messages m1_0 
    left join
        group_match gm1_0 
            on gm1_0.id=m1_0.group_match_id 
    where
        gm1_0.id=? 
    order by
        m1_0.sent_at
2026-05-08T16:11:32.772-07:00 DEBUG 19992 --- [nio-8080-exec-2] org.hibernate.SQL                        : 
    select
        u1_0.id,
        u1_0.avatar_url,
        u1_0.email,
        u1_0.password,
        u1_0.username 
    from
        users u1_0 
    where
        u1_0.id=?
Hibernate: 
    select
        u1_0.id,
        u1_0.avatar_url,
        u1_0.email,
        u1_0.password,
        u1_0.username 
    from
        users u1_0 
    where
        u1_0.id=?
2026-05-08T16:11:32.775-07:00 DEBUG 19992 --- [nio-8080-exec-2] o.s.w.s.m.m.a.HttpEntityMethodProcessor  : Using 'application/json', given [application/json, text/plain, */*] and supported [application/json, application/*+json]
2026-05-08T16:11:32.775-07:00 DEBUG 19992 --- [nio-8080-exec-2] o.s.w.s.m.m.a.HttpEntityMethodProcessor  : Writing [[MessageDto.Response(id=1, content=Hey everyone, excited for the football match!, sentAt=2026-04-01T (truncated)...]
2026-05-08T16:11:32.777-07:00 DEBUG 19992 --- [nio-8080-exec-2] o.s.web.servlet.DispatcherServlet        : Completed 200 OK
2026-05-08T16:11:35.246-07:00 DEBUG 19992 --- [nio-8080-exec-4] o.s.web.servlet.DispatcherServlet        : GET "/api/messages/group/2", parameters={}
2026-05-08T16:11:35.247-07:00 DEBUG 19992 --- [nio-8080-exec-4] s.w.s.m.m.a.RequestMappingHandlerMapping : Mapped to com.example.campconnect_backend.Controllers.MessageController#getGroupMessages(Long)
2026-05-08T16:11:35.250-07:00 DEBUG 19992 --- [nio-8080-exec-4] org.hibernate.SQL                        : 
    select
        m1_0.id,
        m1_0.content,
        m1_0.group_match_id,
        m1_0.is_read,
        m1_0.receiver_id,
        m1_0.sender_id,
        m1_0.sent_at 
    from
        messages m1_0 
    left join
        group_match gm1_0 
            on gm1_0.id=m1_0.group_match_id 
    where
        gm1_0.id=? 
    order by
        m1_0.sent_at
Hibernate: 
    select
        m1_0.id,
        m1_0.content,
        m1_0.group_match_id,
        m1_0.is_read,
        m1_0.receiver_id,
        m1_0.sender_id,
        m1_0.sent_at 
    from
        messages m1_0 
    left join
        group_match gm1_0 
            on gm1_0.id=m1_0.group_match_id 
    where
        gm1_0.id=? 
    order by
        m1_0.sent_at
2026-05-08T16:11:35.252-07:00 DEBUG 19992 --- [nio-8080-exec-4] org.hibernate.SQL                        : 
    select
        u1_0.id,
        u1_0.avatar_url,
        u1_0.email,
        u1_0.password,
        u1_0.username 
    from
        users u1_0 
    where
        u1_0.id=?
Hibernate: 
    select
        u1_0.id,
        u1_0.avatar_url,
        u1_0.email,
        u1_0.password,
        u1_0.username 
    from
        users u1_0 
    where
        u1_0.id=?
2026-05-08T16:11:35.254-07:00 DEBUG 19992 --- [nio-8080-exec-4] org.hibernate.SQL                        : 
    select
        u1_0.id,
        u1_0.avatar_url,
        u1_0.email,
        u1_0.password,
        u1_0.username 
    from
        users u1_0 
    where
        u1_0.id=?
Hibernate: 
    select
        u1_0.id,
        u1_0.avatar_url,
        u1_0.email,
        u1_0.password,
        u1_0.username 
    from
        users u1_0 
    where
        u1_0.id=?
2026-05-08T16:11:35.257-07:00 DEBUG 19992 --- [nio-8080-exec-4] o.s.w.s.m.m.a.HttpEntityMethodProcessor  : Using 'application/json', given [application/json, text/plain, */*] and supported [application/json, application/*+json]
2026-05-08T16:11:35.258-07:00 DEBUG 19992 --- [nio-8080-exec-4] o.s.w.s.m.m.a.HttpEntityMethodProcessor  : Writing [[MessageDto.Response(id=2, content=Count me in for tennis tournament, sentAt=2026-04-02T04:30, sende (truncated)...]
2026-05-08T16:11:35.259-07:00 DEBUG 19992 --- [nio-8080-exec-4] o.s.web.servlet.DispatcherServlet        : Completed 200 OK
2026-05-08T16:11:37.769-07:00 DEBUG 19992 --- [nio-8080-exec-9] o.s.web.servlet.DispatcherServlet        : GET "/api/messages/group/2", parameters={}
2026-05-08T16:11:37.770-07:00 DEBUG 19992 --- [nio-8080-exec-9] s.w.s.m.m.a.RequestMappingHandlerMapping : Mapped to com.example.campconnect_backend.Controllers.MessageController#getGroupMessages(Long)
2026-05-08T16:11:37.776-07:00 DEBUG 19992 --- [nio-8080-exec-9] org.hibernate.SQL                        : 
    select
        m1_0.id,
        m1_0.content,
        m1_0.group_match_id,
        m1_0.is_read,
        m1_0.receiver_id,
        m1_0.sender_id,
        m1_0.sent_at 
    from
        messages m1_0 
    left join
        group_match gm1_0 
            on gm1_0.id=m1_0.group_match_id 
    where
        gm1_0.id=? 
    order by
        m1_0.sent_at
Hibernate: 
    select
        m1_0.id,
        m1_0.content,
        m1_0.group_match_id,
        m1_0.is_read,
        m1_0.receiver_id,
        m1_0.sender_id,
        m1_0.sent_at 
    from
        messages m1_0 
    left join
        group_match gm1_0 
            on gm1_0.id=m1_0.group_match_id 
    where
        gm1_0.id=? 
    order by
        m1_0.sent_at
2026-05-08T16:11:37.781-07:00 DEBUG 19992 --- [nio-8080-exec-9] org.hibernate.SQL                        : 
    select
        u1_0.id,
        u1_0.avatar_url,
        u1_0.email,
        u1_0.password,
        u1_0.username 
    from
        users u1_0 
    where
        u1_0.id=?
Hibernate: 
    select
        u1_0.id,
        u1_0.avatar_url,
        u1_0.email,
        u1_0.password,
        u1_0.username 
    from
        users u1_0 
    where
        u1_0.id=?
2026-05-08T16:11:37.785-07:00 DEBUG 19992 --- [nio-8080-exec-9] org.hibernate.SQL                        : 
    select
        u1_0.id,
        u1_0.avatar_url,
        u1_0.email,
        u1_0.password,
        u1_0.username 
    from
        users u1_0 
    where
        u1_0.id=?
Hibernate: 
    select
        u1_0.id,
        u1_0.avatar_url,
        u1_0.email,
        u1_0.password,
        u1_0.username 
    from
        users u1_0 
    where
        u1_0.id=?
2026-05-08T16:11:37.790-07:00 DEBUG 19992 --- [nio-8080-exec-9] o.s.w.s.m.m.a.HttpEntityMethodProcessor  : Using 'application/json', given [application/json, text/plain, */*] and supported [application/json, application/*+json]
2026-05-08T16:11:37.791-07:00 DEBUG 19992 --- [nio-8080-exec-9] o.s.w.s.m.m.a.HttpEntityMethodProcessor  : Writing [[MessageDto.Response(id=2, content=Count me in for tennis tournament, sentAt=2026-04-02T04:30, sende (truncated)...]
2026-05-08T16:11:37.792-07:00 DEBUG 19992 --- [nio-8080-exec-9] o.s.web.servlet.DispatcherServlet        : Completed 200 OK
2026-05-08T16:11:42.756-07:00 DEBUG 19992 --- [nio-8080-exec-6] o.s.web.servlet.DispatcherServlet        : GET "/api/messages/group/2", parameters={}
2026-05-08T16:11:42.757-07:00 DEBUG 19992 --- [nio-8080-exec-6] s.w.s.m.m.a.RequestMappingHandlerMapping : Mapped to com.example.campconnect_backend.Controllers.MessageController#getGroupMessages(Long)
2026-05-08T16:11:42.760-07:00 DEBUG 19992 --- [nio-8080-exec-6] org.hibernate.SQL                        : 
    select
        m1_0.id,
        m1_0.content,
        m1_0.group_match_id,
        m1_0.is_read,
        m1_0.receiver_id,
        m1_0.sender_id,
        m1_0.sent_at 
    from
        messages m1_0 
    left join
        group_match gm1_0 
            on gm1_0.id=m1_0.group_match_id 
    where
        gm1_0.id=? 
    order by
        m1_0.sent_at
Hibernate: 
    select
        m1_0.id,
        m1_0.content,
        m1_0.group_match_id,
        m1_0.is_read,
        m1_0.receiver_id,
        m1_0.sender_id,
        m1_0.sent_at 
    from
        messages m1_0 
    left join
        group_match gm1_0 
            on gm1_0.id=m1_0.group_match_id 
    where
        gm1_0.id=? 
    order by
        m1_0.sent_at
2026-05-08T16:11:42.763-07:00 DEBUG 19992 --- [nio-8080-exec-6] org.hibernate.SQL                        : 
    select
        u1_0.id,
        u1_0.avatar_url,
        u1_0.email,
        u1_0.password,
        u1_0.username 
    from
        users u1_0 
    where
        u1_0.id=?
Hibernate: 
    select
        u1_0.id,
        u1_0.avatar_url,
        u1_0.email,
        u1_0.password,
        u1_0.username 
    from
        users u1_0 
    where
        u1_0.id=?
2026-05-08T16:11:42.765-07:00 DEBUG 19992 --- [nio-8080-exec-6] org.hibernate.SQL                        : 
    select
        u1_0.id,
        u1_0.avatar_url,
        u1_0.email,
        u1_0.password,
        u1_0.username 
    from
        users u1_0 
    where
        u1_0.id=?
Hibernate: 
    select
        u1_0.id,
        u1_0.avatar_url,
        u1_0.email,
        u1_0.password,
        u1_0.username 
    from
        users u1_0 
    where
        u1_0.id=?
2026-05-08T16:11:42.767-07:00 DEBUG 19992 --- [nio-8080-exec-6] o.s.w.s.m.m.a.HttpEntityMethodProcessor  : Using 'application/json', given [application/json, text/plain, */*] and supported [application/json, application/*+json]
2026-05-08T16:11:42.768-07:00 DEBUG 19992 --- [nio-8080-exec-6] o.s.w.s.m.m.a.HttpEntityMethodProcessor  : Writing [[MessageDto.Response(id=2, content=Count me in for tennis tournament, sentAt=2026-04-02T04:30, sende (truncated)...]
2026-05-08T16:11:42.768-07:00 DEBUG 19992 --- [nio-8080-exec-6] o.s.web.servlet.DispatcherServlet        : Completed 200 OK
2026-05-08T16:11:44.149-07:00 DEBUG 19992 --- [nio-8080-exec-7] o.s.web.servlet.DispatcherServlet        : GET "/api/messages/group/3", parameters={}
2026-05-08T16:11:44.149-07:00 DEBUG 19992 --- [nio-8080-exec-7] s.w.s.m.m.a.RequestMappingHandlerMapping : Mapped to com.example.campconnect_backend.Controllers.MessageController#getGroupMessages(Long)
2026-05-08T16:11:44.152-07:00 DEBUG 19992 --- [nio-8080-exec-7] org.hibernate.SQL                        : 
    select
        m1_0.id,
        m1_0.content,
        m1_0.group_match_id,
        m1_0.is_read,
        m1_0.receiver_id,
        m1_0.sender_id,
        m1_0.sent_at 
    from
        messages m1_0 
    left join
        group_match gm1_0 
            on gm1_0.id=m1_0.group_match_id 
    where
        gm1_0.id=? 
    order by
        m1_0.sent_at
Hibernate: 
    select
        m1_0.id,
        m1_0.content,
        m1_0.group_match_id,
        m1_0.is_read,
        m1_0.receiver_id,
        m1_0.sender_id,
        m1_0.sent_at 
    from
        messages m1_0 
    left join
        group_match gm1_0 
            on gm1_0.id=m1_0.group_match_id 
    where
        gm1_0.id=? 
    order by
        m1_0.sent_at
2026-05-08T16:11:44.154-07:00 DEBUG 19992 --- [nio-8080-exec-7] org.hibernate.SQL                        : 
    select
        u1_0.id,
        u1_0.avatar_url,
        u1_0.email,
        u1_0.password,
        u1_0.username 
    from
        users u1_0 
    where
        u1_0.id=?
Hibernate: 
    select
        u1_0.id,
        u1_0.avatar_url,
        u1_0.email,
        u1_0.password,
        u1_0.username 
    from
        users u1_0 
    where
        u1_0.id=?
2026-05-08T16:11:44.156-07:00 DEBUG 19992 --- [nio-8080-exec-7] org.hibernate.SQL                        : 
    select
        u1_0.id,
        u1_0.avatar_url,
        u1_0.email,
        u1_0.password,
        u1_0.username 
    from
        users u1_0 
    where
        u1_0.id=?
Hibernate: 
    select
        u1_0.id,
        u1_0.avatar_url,
        u1_0.email,
        u1_0.password,
        u1_0.username 
    from
        users u1_0 
    where
        u1_0.id=?
2026-05-08T16:11:44.158-07:00 DEBUG 19992 --- [nio-8080-exec-7] o.s.w.s.m.m.a.HttpEntityMethodProcessor  : Using 'application/json', given [application/json, text/plain, */*] and supported [application/json, application/*+json]
2026-05-08T16:11:44.159-07:00 DEBUG 19992 --- [nio-8080-exec-7] o.s.w.s.m.m.a.HttpEntityMethodProcessor  : Writing [[MessageDto.Response(id=3, content=Looking forward to the basketball game!, sentAt=2026-04-03T05:30, (truncated)...]
2026-05-08T16:11:44.160-07:00 DEBUG 19992 --- [nio-8080-exec-7] o.s.web.servlet.DispatcherServlet        : Completed 200 OK
2026-05-08T16:11:46.410-07:00 DEBUG 19992 --- [nio-8080-exec-5] o.s.web.servlet.DispatcherServlet        : GET "/api/users/7/preferences", parameters={}
2026-05-08T16:11:46.411-07:00 DEBUG 19992 --- [nio-8080-exec-5] s.w.s.m.m.a.RequestMappingHandlerMapping : Mapped to com.example.campconnect_backend.Controllers.UserController#getPreferences(Long)
2026-05-08T16:11:46.418-07:00 DEBUG 19992 --- [nio-8080-exec-5] org.hibernate.SQL                        : 
    select
        up1_0.id,
        up1_0.age_max,
        up1_0.age_min,
        up1_0.availability,
        up1_0.city,
        up1_0.engagement_level,
        up1_0.group_size_max,
        up1_0.group_size_min,
        up1_0.languages,
        up1_0.latitude,
        up1_0.longitude,
        up1_0.radius_km,
        up1_0.skill_level,
        up1_0.sports,
        up1_0.user_id 
    from
        user_preferences up1_0 
    left join
        users u1_0 
            on u1_0.id=up1_0.user_id 
    where
        u1_0.id=?
Hibernate: 
    select
        up1_0.id,
        up1_0.age_max,
        up1_0.age_min,
        up1_0.availability,
        up1_0.city,
        up1_0.engagement_level,
        up1_0.group_size_max,
        up1_0.group_size_min,
        up1_0.languages,
        up1_0.latitude,
        up1_0.longitude,
        up1_0.radius_km,
        up1_0.skill_level,
        up1_0.sports,
        up1_0.user_id 
    from
        user_preferences up1_0 
    left join
        users u1_0 
            on u1_0.id=up1_0.user_id 
    where
        u1_0.id=?
2026-05-08T16:11:46.425-07:00 DEBUG 19992 --- [nio-8080-exec-5] o.s.w.s.m.m.a.HttpEntityMethodProcessor  : Using 'application/json', given [application/json, text/plain, */*] and supported [application/json, application/*+json]
2026-05-08T16:11:46.426-07:00 DEBUG 19992 --- [nio-8080-exec-5] o.s.w.s.m.m.a.HttpEntityMethodProcessor  : Writing [UserPreferenceDto.Response(id=7, userId=7, sports=football,soccer, skillLevel=INTERMEDIATE, ageMin=2 (truncated)...]
2026-05-08T16:11:46.428-07:00 DEBUG 19992 --- [nio-8080-exec-5] o.s.web.servlet.DispatcherServlet        : Completed 200 OK
2026-05-08T16:11:49.376-07:00 DEBUG 19992 --- [nio-8080-exec-8] o.s.web.servlet.DispatcherServlet        : GET "/api/users", parameters={}
2026-05-08T16:11:49.377-07:00 DEBUG 19992 --- [nio-8080-exec-8] s.w.s.m.m.a.RequestMappingHandlerMapping : Mapped to com.example.campconnect_backend.Controllers.UserController#getAll()
2026-05-08T16:11:49.381-07:00 DEBUG 19992 --- [nio-8080-exec-8] org.hibernate.SQL                        : 
    select
        u1_0.id,
        u1_0.avatar_url,
        u1_0.email,
        u1_0.password,
        u1_0.username 
    from
        users u1_0
Hibernate: 
    select
        u1_0.id,
        u1_0.avatar_url,
        u1_0.email,
        u1_0.password,
        u1_0.username 
    from
        users u1_0
2026-05-08T16:11:49.390-07:00 DEBUG 19992 --- [nio-8080-exec-8] o.s.w.s.m.m.a.HttpEntityMethodProcessor  : Using 'application/json', given [application/json, text/plain, */*] and supported [application/json, application/*+json]
2026-05-08T16:11:49.391-07:00 DEBUG 19992 --- [nio-8080-exec-8] o.s.w.s.m.m.a.HttpEntityMethodProcessor  : Writing [[UserDto.Response(id=1, username=john_doe, email=john@example.com, avatarUrl=https://example.com/ava (truncated)...]
2026-05-08T16:11:49.394-07:00 DEBUG 19992 --- [nio-8080-exec-8] o.s.web.servlet.DispatcherServlet        : Completed 200 OK
2026-05-08T16:11:49.399-07:00 DEBUG 19992 --- [io-8080-exec-10] o.s.web.servlet.DispatcherServlet        : GET "/api/messages/conversation/7/1", parameters={}
2026-05-08T16:11:49.399-07:00 DEBUG 19992 --- [io-8080-exec-10] s.w.s.m.m.a.RequestMappingHandlerMapping : Mapped to com.example.campconnect_backend.Controllers.MessageController#getConversation(Long, Long)
2026-05-08T16:11:49.403-07:00 DEBUG 19992 --- [io-8080-exec-10] org.hibernate.SQL                        : 
    select
        m1_0.id,
        m1_0.content,
        m1_0.group_match_id,
        m1_0.is_read,
        m1_0.receiver_id,
        m1_0.sender_id,
        m1_0.sent_at 
    from
        messages m1_0 
    where
        (
            m1_0.sender_id=? 
            and m1_0.receiver_id=?
        ) 
        or (
            m1_0.sender_id=? 
            and m1_0.receiver_id=?
        ) 
    order by
        m1_0.sent_at
Hibernate: 
    select
        m1_0.id,
        m1_0.content,
        m1_0.group_match_id,
        m1_0.is_read,
        m1_0.receiver_id,
        m1_0.sender_id,
        m1_0.sent_at 
    from
        messages m1_0 
    where
        (
            m1_0.sender_id=? 
            and m1_0.receiver_id=?
        ) 
        or (
            m1_0.sender_id=? 
            and m1_0.receiver_id=?
        ) 
    order by
        m1_0.sent_at
2026-05-08T16:11:49.407-07:00 DEBUG 19992 --- [io-8080-exec-10] o.s.w.s.m.m.a.HttpEntityMethodProcessor  : Using 'application/json', given [application/json, text/plain, */*] and supported [application/json, application/*+json]
2026-05-08T16:11:49.407-07:00 DEBUG 19992 --- [io-8080-exec-10] o.s.w.s.m.m.a.HttpEntityMethodProcessor  : Writing [[]]
2026-05-08T16:11:49.408-07:00 DEBUG 19992 --- [io-8080-exec-10] o.s.web.servlet.DispatcherServlet        : Completed 200 OK
2026-05-08T16:11:52.148-07:00 DEBUG 19992 --- [nio-8080-exec-1] o.s.web.servlet.DispatcherServlet        : GET "/api/messages/conversation/7/2", parameters={}
2026-05-08T16:11:52.149-07:00 DEBUG 19992 --- [nio-8080-exec-1] s.w.s.m.m.a.RequestMappingHandlerMapping : Mapped to com.example.campconnect_backend.Controllers.MessageController#getConversation(Long, Long)
2026-05-08T16:11:52.151-07:00 DEBUG 19992 --- [nio-8080-exec-1] org.hibernate.SQL                        : 
    select
        m1_0.id,
        m1_0.content,
        m1_0.group_match_id,
        m1_0.is_read,
        m1_0.receiver_id,
        m1_0.sender_id,
        m1_0.sent_at 
    from
        messages m1_0 
    where
        (
            m1_0.sender_id=? 
            and m1_0.receiver_id=?
        ) 
        or (
            m1_0.sender_id=? 
            and m1_0.receiver_id=?
        ) 
    order by
        m1_0.sent_at
Hibernate: 
    select
        m1_0.id,
        m1_0.content,
        m1_0.group_match_id,
        m1_0.is_read,
        m1_0.receiver_id,
        m1_0.sender_id,
        m1_0.sent_at 
    from
        messages m1_0 
    where
        (
            m1_0.sender_id=? 
            and m1_0.receiver_id=?
        ) 
        or (
            m1_0.sender_id=? 
            and m1_0.receiver_id=?
        ) 
    order by
        m1_0.sent_at
2026-05-08T16:11:52.153-07:00 DEBUG 19992 --- [nio-8080-exec-1] o.s.w.s.m.m.a.HttpEntityMethodProcessor  : Using 'application/json', given [application/json, text/plain, */*] and supported [application/json, application/*+json]
2026-05-08T16:11:52.154-07:00 DEBUG 19992 --- [nio-8080-exec-1] o.s.w.s.m.m.a.HttpEntityMethodProcessor  : Writing [[]]
2026-05-08T16:11:52.156-07:00 DEBUG 19992 --- [nio-8080-exec-1] o.s.web.servlet.DispatcherServlet        : Completed 200 OK
2026-05-08T16:11:53.042-07:00 DEBUG 19992 --- [nio-8080-exec-3] o.s.web.servlet.DispatcherServlet        : GET "/api/messages/conversation/7/1", parameters={}
2026-05-08T16:11:53.044-07:00 DEBUG 19992 --- [nio-8080-exec-3] s.w.s.m.m.a.RequestMappingHandlerMapping : Mapped to com.example.campconnect_backend.Controllers.MessageController#getConversation(Long, Long)
2026-05-08T16:11:53.046-07:00 DEBUG 19992 --- [nio-8080-exec-3] org.hibernate.SQL                        : 
    select
        m1_0.id,
        m1_0.content,
        m1_0.group_match_id,
        m1_0.is_read,
        m1_0.receiver_id,
        m1_0.sender_id,
        m1_0.sent_at 
    from
        messages m1_0 
    where
        (
            m1_0.sender_id=? 
            and m1_0.receiver_id=?
        ) 
        or (
            m1_0.sender_id=? 
            and m1_0.receiver_id=?
        ) 
    order by
        m1_0.sent_at
Hibernate: 
    select
        m1_0.id,
        m1_0.content,
        m1_0.group_match_id,
        m1_0.is_read,
        m1_0.receiver_id,
        m1_0.sender_id,
        m1_0.sent_at 
    from
        messages m1_0 
    where
        (
            m1_0.sender_id=? 
            and m1_0.receiver_id=?
        ) 
        or (
            m1_0.sender_id=? 
            and m1_0.receiver_id=?
        ) 
    order by
        m1_0.sent_at
2026-05-08T16:11:53.049-07:00 DEBUG 19992 --- [nio-8080-exec-3] o.s.w.s.m.m.a.HttpEntityMethodProcessor  : Using 'application/json', given [application/json, text/plain, */*] and supported [application/json, application/*+json]
2026-05-08T16:11:53.050-07:00 DEBUG 19992 --- [nio-8080-exec-3] o.s.w.s.m.m.a.HttpEntityMethodProcessor  : Writing [[]]
2026-05-08T16:11:53.051-07:00 DEBUG 19992 --- [nio-8080-exec-3] o.s.web.servlet.DispatcherServlet        : Completed 200 OK
2026-05-08T16:11:53.369-07:00 DEBUG 19992 --- [nio-8080-exec-2] o.s.web.servlet.DispatcherServlet        : GET "/api/messages/conversation/7/1", parameters={}
2026-05-08T16:11:53.370-07:00 DEBUG 19992 --- [nio-8080-exec-2] s.w.s.m.m.a.RequestMappingHandlerMapping : Mapped to com.example.campconnect_backend.Controllers.MessageController#getConversation(Long, Long)
2026-05-08T16:11:53.372-07:00 DEBUG 19992 --- [nio-8080-exec-2] org.hibernate.SQL                        : 
    select
        m1_0.id,
        m1_0.content,
        m1_0.group_match_id,
        m1_0.is_read,
        m1_0.receiver_id,
        m1_0.sender_id,
        m1_0.sent_at 
    from
        messages m1_0 
    where
        (
            m1_0.sender_id=? 
            and m1_0.receiver_id=?
        ) 
        or (
            m1_0.sender_id=? 
            and m1_0.receiver_id=?
        ) 
    order by
        m1_0.sent_at
Hibernate: 
    select
        m1_0.id,
        m1_0.content,
        m1_0.group_match_id,
        m1_0.is_read,
        m1_0.receiver_id,
        m1_0.sender_id,
        m1_0.sent_at 
    from
        messages m1_0 
    where
        (
            m1_0.sender_id=? 
            and m1_0.receiver_id=?
        ) 
        or (
            m1_0.sender_id=? 
            and m1_0.receiver_id=?
        ) 
    order by
        m1_0.sent_at
2026-05-08T16:11:53.376-07:00 DEBUG 19992 --- [nio-8080-exec-2] o.s.w.s.m.m.a.HttpEntityMethodProcessor  : Using 'application/json', given [application/json, text/plain, */*] and supported [application/json, application/*+json]
2026-05-08T16:11:53.377-07:00 DEBUG 19992 --- [nio-8080-exec-2] o.s.w.s.m.m.a.HttpEntityMethodProcessor  : Writing [[]]
2026-05-08T16:11:53.378-07:00 DEBUG 19992 --- [nio-8080-exec-2] o.s.web.servlet.DispatcherServlet        : Completed 200 OK
2026-05-08T16:11:57.365-07:00 DEBUG 19992 --- [nio-8080-exec-4] o.s.web.servlet.DispatcherServlet        : GET "/api/messages/conversation/7/1", parameters={}
2026-05-08T16:11:57.366-07:00 DEBUG 19992 --- [nio-8080-exec-4] s.w.s.m.m.a.RequestMappingHandlerMapping : Mapped to com.example.campconnect_backend.Controllers.MessageController#getConversation(Long, Long)
2026-05-08T16:11:57.368-07:00 DEBUG 19992 --- [nio-8080-exec-4] org.hibernate.SQL                        : 
    select
        m1_0.id,
        m1_0.content,
        m1_0.group_match_id,
        m1_0.is_read,
        m1_0.receiver_id,
        m1_0.sender_id,
        m1_0.sent_at 
    from
        messages m1_0 
    where
        (
            m1_0.sender_id=? 
            and m1_0.receiver_id=?
        ) 
        or (
            m1_0.sender_id=? 
            and m1_0.receiver_id=?
        ) 
    order by
        m1_0.sent_at
Hibernate: 
    select
        m1_0.id,
        m1_0.content,
        m1_0.group_match_id,
        m1_0.is_read,
        m1_0.receiver_id,
        m1_0.sender_id,
        m1_0.sent_at 
    from
        messages m1_0 
    where
        (
            m1_0.sender_id=? 
            and m1_0.receiver_id=?
        ) 
        or (
            m1_0.sender_id=? 
            and m1_0.receiver_id=?
        ) 
    order by
        m1_0.sent_at
2026-05-08T16:11:57.370-07:00 DEBUG 19992 --- [nio-8080-exec-4] o.s.w.s.m.m.a.HttpEntityMethodProcessor  : Using 'application/json', given [application/json, text/plain, */*] and supported [application/json, application/*+json]
2026-05-08T16:11:57.370-07:00 DEBUG 19992 --- [nio-8080-exec-4] o.s.w.s.m.m.a.HttpEntityMethodProcessor  : Writing [[]]
2026-05-08T16:11:57.372-07:00 DEBUG 19992 --- [nio-8080-exec-4] o.s.web.servlet.DispatcherServlet        : Completed 200 OK
2026-05-08T16:11:58.288-07:00 DEBUG 19992 --- [nio-8080-exec-6] o.s.web.servlet.DispatcherServlet        : POST "/api/messages/private", parameters={}
2026-05-08T16:11:58.289-07:00 DEBUG 19992 --- [nio-8080-exec-6] s.w.s.m.m.a.RequestMappingHandlerMapping : Mapped to com.example.campconnect_backend.Controllers.MessageController#sendPrivate(WsPayload)
2026-05-08T16:11:58.291-07:00 DEBUG 19992 --- [nio-8080-exec-6] m.m.a.RequestResponseBodyMethodProcessor : Read "application/json;charset=UTF-8" to [MessageDto.WsPayload(senderId=7, receiverId=1, groupMatchId=null, content=Hello Jhon)]
2026-05-08T16:11:58.294-07:00 DEBUG 19992 --- [nio-8080-exec-6] org.hibernate.SQL                        : 
    select
        u1_0.id,
        u1_0.avatar_url,
        u1_0.email,
        u1_0.password,
        u1_0.username 
    from
        users u1_0 
    where
        u1_0.id=?
Hibernate: 
    select
        u1_0.id,
        u1_0.avatar_url,
        u1_0.email,
        u1_0.password,
        u1_0.username 
    from
        users u1_0 
    where
        u1_0.id=?
2026-05-08T16:11:58.296-07:00 DEBUG 19992 --- [nio-8080-exec-6] org.hibernate.SQL                        : 
    select
        u1_0.id,
        u1_0.avatar_url,
        u1_0.email,
        u1_0.password,
        u1_0.username 
    from
        users u1_0 
    where
        u1_0.id=?
Hibernate: 
    select
        u1_0.id,
        u1_0.avatar_url,
        u1_0.email,
        u1_0.password,
        u1_0.username 
    from
        users u1_0 
    where
        u1_0.id=?
2026-05-08T16:11:58.299-07:00 DEBUG 19992 --- [nio-8080-exec-6] org.hibernate.SQL                        : 
    insert 
    into
        messages
        (content, group_match_id, is_read, receiver_id, sender_id, sent_at) 
    values
        (?, ?, ?, ?, ?, ?)
Hibernate: 
    insert 
    into
        messages
        (content, group_match_id, is_read, receiver_id, sender_id, sent_at) 
    values
        (?, ?, ?, ?, ?, ?)
2026-05-08T16:11:58.304-07:00 DEBUG 19992 --- [nio-8080-exec-6] o.s.w.s.m.m.a.HttpEntityMethodProcessor  : Using 'application/json', given [application/json, text/plain, */*] and supported [application/json, application/*+json]
2026-05-08T16:11:58.305-07:00 DEBUG 19992 --- [nio-8080-exec-6] o.s.w.s.m.m.a.HttpEntityMethodProcessor  : Writing [MessageDto.Response(id=15, content=Hello Jhon, sentAt=2026-05-08T16:11:58.299137300, senderId=7, sen (truncated)...]
2026-05-08T16:11:58.306-07:00 DEBUG 19992 --- [nio-8080-exec-6] o.s.web.servlet.DispatcherServlet        : Completed 201 CREATED
2026-05-08T16:11:58.310-07:00 DEBUG 19992 --- [nio-8080-exec-7] o.s.web.servlet.DispatcherServlet        : GET "/api/messages/conversation/7/1", parameters={}
2026-05-08T16:11:58.311-07:00 DEBUG 19992 --- [nio-8080-exec-7] s.w.s.m.m.a.RequestMappingHandlerMapping : Mapped to com.example.campconnect_backend.Controllers.MessageController#getConversation(Long, Long)
2026-05-08T16:11:58.313-07:00 DEBUG 19992 --- [nio-8080-exec-7] org.hibernate.SQL                        : 
    select
        m1_0.id,
        m1_0.content,
        m1_0.group_match_id,
        m1_0.is_read,
        m1_0.receiver_id,
        m1_0.sender_id,
        m1_0.sent_at 
    from
        messages m1_0 
    where
        (
            m1_0.sender_id=? 
            and m1_0.receiver_id=?
        ) 
        or (
            m1_0.sender_id=? 
            and m1_0.receiver_id=?
        ) 
    order by
        m1_0.sent_at
Hibernate: 
    select
        m1_0.id,
        m1_0.content,
        m1_0.group_match_id,
        m1_0.is_read,
        m1_0.receiver_id,
        m1_0.sender_id,
        m1_0.sent_at 
    from
        messages m1_0 
    where
        (
            m1_0.sender_id=? 
            and m1_0.receiver_id=?
        ) 
        or (
            m1_0.sender_id=? 
            and m1_0.receiver_id=?
        ) 
    order by
        m1_0.sent_at
2026-05-08T16:11:58.322-07:00 DEBUG 19992 --- [nio-8080-exec-7] org.hibernate.SQL                        : 
    select
        u1_0.id,
        u1_0.avatar_url,
        u1_0.email,
        u1_0.password,
        u1_0.username 
    from
        users u1_0 
    where
        u1_0.id=?
Hibernate: 
    select
        u1_0.id,
        u1_0.avatar_url,
        u1_0.email,
        u1_0.password,
        u1_0.username 
    from
        users u1_0 
    where
        u1_0.id=?
2026-05-08T16:11:58.324-07:00 DEBUG 19992 --- [nio-8080-exec-7] org.hibernate.SQL                        : 
    select
        u1_0.id,
        u1_0.avatar_url,
        u1_0.email,
        u1_0.password,
        u1_0.username 
    from
        users u1_0 
    where
        u1_0.id=?
Hibernate: 
    select
        u1_0.id,
        u1_0.avatar_url,
        u1_0.email,
        u1_0.password,
        u1_0.username 
    from
        users u1_0 
    where
        u1_0.id=?
2026-05-08T16:11:58.327-07:00 DEBUG 19992 --- [nio-8080-exec-7] o.s.w.s.m.m.a.HttpEntityMethodProcessor  : Using 'application/json', given [application/json, text/plain, */*] and supported [application/json, application/*+json]
2026-05-08T16:11:58.328-07:00 DEBUG 19992 --- [nio-8080-exec-7] o.s.w.s.m.m.a.HttpEntityMethodProcessor  : Writing [[MessageDto.Response(id=15, content=Hello Jhon, sentAt=2026-05-08T16:11:58, senderId=7, senderUserna (truncated)...]
2026-05-08T16:11:58.330-07:00 DEBUG 19992 --- [nio-8080-exec-7] o.s.web.servlet.DispatcherServlet        : Completed 200 OK
2026-05-08T16:12:01.365-07:00 DEBUG 19992 --- [nio-8080-exec-5] o.s.web.servlet.DispatcherServlet        : GET "/api/messages/conversation/7/1", parameters={}
2026-05-08T16:12:01.366-07:00 DEBUG 19992 --- [nio-8080-exec-5] s.w.s.m.m.a.RequestMappingHandlerMapping : Mapped to com.example.campconnect_backend.Controllers.MessageController#getConversation(Long, Long)
2026-05-08T16:12:01.367-07:00 DEBUG 19992 --- [nio-8080-exec-5] org.hibernate.SQL                        : 
    select
        m1_0.id,
        m1_0.content,
        m1_0.group_match_id,
        m1_0.is_read,
        m1_0.receiver_id,
        m1_0.sender_id,
        m1_0.sent_at 
    from
        messages m1_0 
    where
        (
            m1_0.sender_id=? 
            and m1_0.receiver_id=?
        ) 
        or (
            m1_0.sender_id=? 
            and m1_0.receiver_id=?
        ) 
    order by
        m1_0.sent_at
Hibernate: 
    select
        m1_0.id,
        m1_0.content,
        m1_0.group_match_id,
        m1_0.is_read,
        m1_0.receiver_id,
        m1_0.sender_id,
        m1_0.sent_at 
    from
        messages m1_0 
    where
        (
            m1_0.sender_id=? 
            and m1_0.receiver_id=?
        ) 
        or (
            m1_0.sender_id=? 
            and m1_0.receiver_id=?
        ) 
    order by
        m1_0.sent_at
2026-05-08T16:12:01.370-07:00 DEBUG 19992 --- [nio-8080-exec-5] org.hibernate.SQL                        : 
    select
        u1_0.id,
        u1_0.avatar_url,
        u1_0.email,
        u1_0.password,
        u1_0.username 
    from
        users u1_0 
    where
        u1_0.id=?
Hibernate: 
    select
        u1_0.id,
        u1_0.avatar_url,
        u1_0.email,
        u1_0.password,
        u1_0.username 
    from
        users u1_0 
    where
        u1_0.id=?
2026-05-08T16:12:01.371-07:00 DEBUG 19992 --- [nio-8080-exec-5] org.hibernate.SQL                        : 
    select
        u1_0.id,
        u1_0.avatar_url,
        u1_0.email,
        u1_0.password,
        u1_0.username 
    from
        users u1_0 
    where
        u1_0.id=?
Hibernate: 
    select
        u1_0.id,
        u1_0.avatar_url,
        u1_0.email,
        u1_0.password,
        u1_0.username 
    from
        users u1_0 
    where
        u1_0.id=?
2026-05-08T16:12:01.373-07:00 DEBUG 19992 --- [nio-8080-exec-5] o.s.w.s.m.m.a.HttpEntityMethodProcessor  : Using 'application/json', given [application/json, text/plain, */*] and supported [application/json, application/*+json]
2026-05-08T16:12:01.374-07:00 DEBUG 19992 --- [nio-8080-exec-5] o.s.w.s.m.m.a.HttpEntityMethodProcessor  : Writing [[MessageDto.Response(id=15, content=Hello Jhon, sentAt=2026-05-08T16:11:58, senderId=7, senderUserna (truncated)...]
2026-05-08T16:12:01.375-07:00 DEBUG 19992 --- [nio-8080-exec-5] o.s.web.servlet.DispatcherServlet        : Completed 200 OK
2026-05-08T16:12:05.367-07:00 DEBUG 19992 --- [nio-8080-exec-8] o.s.web.servlet.DispatcherServlet        : GET "/api/messages/conversation/7/1", parameters={}
2026-05-08T16:12:05.367-07:00 DEBUG 19992 --- [nio-8080-exec-8] s.w.s.m.m.a.RequestMappingHandlerMapping : Mapped to com.example.campconnect_backend.Controllers.MessageController#getConversation(Long, Long)
2026-05-08T16:12:05.369-07:00 DEBUG 19992 --- [nio-8080-exec-8] org.hibernate.SQL                        : 
    select
        m1_0.id,
        m1_0.content,
        m1_0.group_match_id,
        m1_0.is_read,
        m1_0.receiver_id,
        m1_0.sender_id,
        m1_0.sent_at 
    from
        messages m1_0 
    where
        (
            m1_0.sender_id=? 
            and m1_0.receiver_id=?
        ) 
        or (
            m1_0.sender_id=? 
            and m1_0.receiver_id=?
        ) 
    order by
        m1_0.sent_at
Hibernate: 
    select
        m1_0.id,
        m1_0.content,
        m1_0.group_match_id,
        m1_0.is_read,
        m1_0.receiver_id,
        m1_0.sender_id,
        m1_0.sent_at 
    from
        messages m1_0 
    where
        (
            m1_0.sender_id=? 
            and m1_0.receiver_id=?
        ) 
        or (
            m1_0.sender_id=? 
            and m1_0.receiver_id=?
        ) 
    order by
        m1_0.sent_at
2026-05-08T16:12:05.371-07:00 DEBUG 19992 --- [nio-8080-exec-8] org.hibernate.SQL                        : 
    select
        u1_0.id,
        u1_0.avatar_url,
        u1_0.email,
        u1_0.password,
        u1_0.username 
    from
        users u1_0 
    where
        u1_0.id=?
Hibernate: 
    select
        u1_0.id,
        u1_0.avatar_url,
        u1_0.email,
        u1_0.password,
        u1_0.username 
    from
        users u1_0 
    where
        u1_0.id=?
2026-05-08T16:12:05.373-07:00 DEBUG 19992 --- [nio-8080-exec-8] org.hibernate.SQL                        : 
    select
        u1_0.id,
        u1_0.avatar_url,
        u1_0.email,
        u1_0.password,
        u1_0.username 
    from
        users u1_0 
    where
        u1_0.id=?
Hibernate: 
    select
        u1_0.id,
        u1_0.avatar_url,
        u1_0.email,
        u1_0.password,
        u1_0.username 
    from
        users u1_0 
    where
        u1_0.id=?
2026-05-08T16:12:05.375-07:00 DEBUG 19992 --- [nio-8080-exec-8] o.s.w.s.m.m.a.HttpEntityMethodProcessor  : Using 'application/json', given [application/json, text/plain, */*] and supported [application/json, application/*+json]
2026-05-08T16:12:05.376-07:00 DEBUG 19992 --- [nio-8080-exec-8] o.s.w.s.m.m.a.HttpEntityMethodProcessor  : Writing [[MessageDto.Response(id=15, content=Hello Jhon, sentAt=2026-05-08T16:11:58, senderId=7, senderUserna (truncated)...]
2026-05-08T16:12:05.377-07:00 DEBUG 19992 --- [nio-8080-exec-8] o.s.web.servlet.DispatcherServlet        : Completed 200 OK
2026-05-08T16:12:08.014-07:00 DEBUG 19992 --- [nio-8080-exec-1] o.s.web.servlet.DispatcherServlet        : POST "/api/messages/private", parameters={}
2026-05-08T16:12:08.015-07:00 DEBUG 19992 --- [nio-8080-exec-1] s.w.s.m.m.a.RequestMappingHandlerMapping : Mapped to com.example.campconnect_backend.Controllers.MessageController#sendPrivate(WsPayload)
2026-05-08T16:12:08.016-07:00 DEBUG 19992 --- [nio-8080-exec-1] m.m.a.RequestResponseBodyMethodProcessor : Read "application/json;charset=UTF-8" to [MessageDto.WsPayload(senderId=7, receiverId=1, groupMatchId=null, content=thank u for accepting me i (truncated)...]
2026-05-08T16:12:08.018-07:00 DEBUG 19992 --- [nio-8080-exec-1] org.hibernate.SQL                        : 
    select
        u1_0.id,
        u1_0.avatar_url,
        u1_0.email,
        u1_0.password,
        u1_0.username 
    from
        users u1_0 
    where
        u1_0.id=?
Hibernate: 
    select
        u1_0.id,
        u1_0.avatar_url,
        u1_0.email,
        u1_0.password,
        u1_0.username 
    from
        users u1_0 
    where
        u1_0.id=?
2026-05-08T16:12:08.021-07:00 DEBUG 19992 --- [nio-8080-exec-1] org.hibernate.SQL                        : 
    select
        u1_0.id,
        u1_0.avatar_url,
        u1_0.email,
        u1_0.password,
        u1_0.username 
    from
        users u1_0 
    where
        u1_0.id=?
Hibernate: 
    select
        u1_0.id,
        u1_0.avatar_url,
        u1_0.email,
        u1_0.password,
        u1_0.username 
    from
        users u1_0 
    where
        u1_0.id=?
2026-05-08T16:12:08.023-07:00 DEBUG 19992 --- [nio-8080-exec-1] org.hibernate.SQL                        : 
    insert 
    into
        messages
        (content, group_match_id, is_read, receiver_id, sender_id, sent_at) 
    values
        (?, ?, ?, ?, ?, ?)
Hibernate: 
    insert 
    into
        messages
        (content, group_match_id, is_read, receiver_id, sender_id, sent_at) 
    values
        (?, ?, ?, ?, ?, ?)
2026-05-08T16:12:08.029-07:00 DEBUG 19992 --- [nio-8080-exec-1] o.s.w.s.m.m.a.HttpEntityMethodProcessor  : Using 'application/json', given [application/json, text/plain, */*] and supported [application/json, application/*+json]
2026-05-08T16:12:08.030-07:00 DEBUG 19992 --- [nio-8080-exec-1] o.s.w.s.m.m.a.HttpEntityMethodProcessor  : Writing [MessageDto.Response(id=16, content=thank u for accepting me in the tennis group, sentAt=2026-05-08T1 (truncated)...]
2026-05-08T16:12:08.032-07:00 DEBUG 19992 --- [nio-8080-exec-1] o.s.web.servlet.DispatcherServlet        : Completed 201 CREATED
2026-05-08T16:12:08.037-07:00 DEBUG 19992 --- [nio-8080-exec-3] o.s.web.servlet.DispatcherServlet        : GET "/api/messages/conversation/7/1", parameters={}
2026-05-08T16:12:08.037-07:00 DEBUG 19992 --- [nio-8080-exec-3] s.w.s.m.m.a.RequestMappingHandlerMapping : Mapped to com.example.campconnect_backend.Controllers.MessageController#getConversation(Long, Long)
2026-05-08T16:12:08.039-07:00 DEBUG 19992 --- [nio-8080-exec-3] org.hibernate.SQL                        : 
    select
        m1_0.id,
        m1_0.content,
        m1_0.group_match_id,
        m1_0.is_read,
        m1_0.receiver_id,
        m1_0.sender_id,
        m1_0.sent_at 
    from
        messages m1_0 
    where
        (
            m1_0.sender_id=? 
            and m1_0.receiver_id=?
        ) 
        or (
            m1_0.sender_id=? 
            and m1_0.receiver_id=?
        ) 
    order by
        m1_0.sent_at
Hibernate: 
    select
        m1_0.id,
        m1_0.content,
        m1_0.group_match_id,
        m1_0.is_read,
        m1_0.receiver_id,
        m1_0.sender_id,
        m1_0.sent_at 
    from
        messages m1_0 
    where
        (
            m1_0.sender_id=? 
            and m1_0.receiver_id=?
        ) 
        or (
            m1_0.sender_id=? 
            and m1_0.receiver_id=?
        ) 
    order by
        m1_0.sent_at
2026-05-08T16:12:08.042-07:00 DEBUG 19992 --- [nio-8080-exec-3] org.hibernate.SQL                        : 
    select
        u1_0.id,
        u1_0.avatar_url,
        u1_0.email,
        u1_0.password,
        u1_0.username 
    from
        users u1_0 
    where
        u1_0.id=?
Hibernate: 
    select
        u1_0.id,
        u1_0.avatar_url,
        u1_0.email,
        u1_0.password,
        u1_0.username 
    from
        users u1_0 
    where
        u1_0.id=?
2026-05-08T16:12:08.044-07:00 DEBUG 19992 --- [nio-8080-exec-3] org.hibernate.SQL                        : 
    select
        u1_0.id,
        u1_0.avatar_url,
        u1_0.email,
        u1_0.password,
        u1_0.username 
    from
        users u1_0 
    where
        u1_0.id=?
Hibernate: 
    select
        u1_0.id,
        u1_0.avatar_url,
        u1_0.email,
        u1_0.password,
        u1_0.username 
    from
        users u1_0 
    where
        u1_0.id=?
2026-05-08T16:12:08.047-07:00 DEBUG 19992 --- [nio-8080-exec-3] o.s.w.s.m.m.a.HttpEntityMethodProcessor  : Using 'application/json', given [application/json, text/plain, */*] and supported [application/json, application/*+json]
2026-05-08T16:12:08.047-07:00 DEBUG 19992 --- [nio-8080-exec-3] o.s.w.s.m.m.a.HttpEntityMethodProcessor  : Writing [[MessageDto.Response(id=15, content=Hello Jhon, sentAt=2026-05-08T16:11:58, senderId=7, senderUserna (truncated)...]
2026-05-08T16:12:08.049-07:00 DEBUG 19992 --- [nio-8080-exec-3] o.s.web.servlet.DispatcherServlet        : Completed 200 OK
2026-05-08T16:12:09.366-07:00 DEBUG 19992 --- [nio-8080-exec-2] o.s.web.servlet.DispatcherServlet        : GET "/api/messages/conversation/7/1", parameters={}
2026-05-08T16:12:09.366-07:00 DEBUG 19992 --- [nio-8080-exec-2] s.w.s.m.m.a.RequestMappingHandlerMapping : Mapped to com.example.campconnect_backend.Controllers.MessageController#getConversation(Long, Long)
2026-05-08T16:12:09.368-07:00 DEBUG 19992 --- [nio-8080-exec-2] org.hibernate.SQL                        : 
    select
        m1_0.id,
        m1_0.content,
        m1_0.group_match_id,
        m1_0.is_read,
        m1_0.receiver_id,
        m1_0.sender_id,
        m1_0.sent_at 
    from
        messages m1_0 
    where
        (
            m1_0.sender_id=? 
            and m1_0.receiver_id=?
        ) 
        or (
            m1_0.sender_id=? 
            and m1_0.receiver_id=?
        ) 
    order by
        m1_0.sent_at
Hibernate: 
    select
        m1_0.id,
        m1_0.content,
        m1_0.group_match_id,
        m1_0.is_read,
        m1_0.receiver_id,
        m1_0.sender_id,
        m1_0.sent_at 
    from
        messages m1_0 
    where
        (
            m1_0.sender_id=? 
            and m1_0.receiver_id=?
        ) 
        or (
            m1_0.sender_id=? 
            and m1_0.receiver_id=?
        ) 
    order by
        m1_0.sent_at
2026-05-08T16:12:09.371-07:00 DEBUG 19992 --- [nio-8080-exec-2] org.hibernate.SQL                        : 
    select
        u1_0.id,
        u1_0.avatar_url,
        u1_0.email,
        u1_0.password,
        u1_0.username 
    from
        users u1_0 
    where
        u1_0.id=?
Hibernate: 
    select
        u1_0.id,
        u1_0.avatar_url,
        u1_0.email,
        u1_0.password,
        u1_0.username 
    from
        users u1_0 
    where
        u1_0.id=?
2026-05-08T16:12:09.372-07:00 DEBUG 19992 --- [nio-8080-exec-2] org.hibernate.SQL                        : 
    select
        u1_0.id,
        u1_0.avatar_url,
        u1_0.email,
        u1_0.password,
        u1_0.username 
    from
        users u1_0 
    where
        u1_0.id=?
Hibernate: 
    select
        u1_0.id,
        u1_0.avatar_url,
        u1_0.email,
        u1_0.password,
        u1_0.username 
    from
        users u1_0 
    where
        u1_0.id=?
2026-05-08T16:12:09.374-07:00 DEBUG 19992 --- [nio-8080-exec-2] o.s.w.s.m.m.a.HttpEntityMethodProcessor  : Using 'application/json', given [application/json, text/plain, */*] and supported [application/json, application/*+json]
2026-05-08T16:12:09.375-07:00 DEBUG 19992 --- [nio-8080-exec-2] o.s.w.s.m.m.a.HttpEntityMethodProcessor  : Writing [[MessageDto.Response(id=15, content=Hello Jhon, sentAt=2026-05-08T16:11:58, senderId=7, senderUserna (truncated)...]
2026-05-08T16:12:09.376-07:00 DEBUG 19992 --- [nio-8080-exec-2] o.s.web.servlet.DispatcherServlet        : Completed 200 OK
2026-05-08T16:12:15.295-07:00 DEBUG 19992 --- [nio-8080-exec-4] o.s.web.servlet.DispatcherServlet        : GET "/api/users/groups-by-distance?userId=7", parameters={masked}
2026-05-08T16:12:15.296-07:00 DEBUG 19992 --- [nio-8080-exec-9] o.s.web.servlet.DispatcherServlet        : GET "/api/users/7/preferences", parameters={}
2026-05-08T16:12:15.297-07:00 DEBUG 19992 --- [nio-8080-exec-9] s.w.s.m.m.a.RequestMappingHandlerMapping : Mapped to com.example.campconnect_backend.Controllers.UserController#getPreferences(Long)
2026-05-08T16:12:15.297-07:00 DEBUG 19992 --- [nio-8080-exec-4] s.w.s.m.m.a.RequestMappingHandlerMapping : Mapped to com.example.campconnect_backend.Controllers.UserController#getById(Long)
2026-05-08T16:12:15.299-07:00 DEBUG 19992 --- [nio-8080-exec-4] o.s.web.method.HandlerMethod             : Could not resolve parameter [0] in public org.springframework.http.ResponseEntity<com.example.campconnect_backend.Dto.UserDto$Response> com.example.campconnect_backend.Controllers.UserController.getById(java.lang.Long): Method parameter 'id': Failed to convert value of type 'java.lang.String' to required type 'java.lang.Long'; For input string: "groups-by-distance"
2026-05-08T16:12:15.300-07:00  WARN 19992 --- [nio-8080-exec-4] .w.s.m.s.DefaultHandlerExceptionResolver : Resolved [org.springframework.web.method.annotation.MethodArgumentTypeMismatchException: Method parameter 'id': Failed to convert value of type 'java.lang.String' to required type 'java.lang.Long'; For input string: "groups-by-distance"]
2026-05-08T16:12:15.300-07:00 DEBUG 19992 --- [nio-8080-exec-4] o.s.web.servlet.DispatcherServlet        : Completed 400 BAD_REQUEST
2026-05-08T16:12:15.301-07:00 DEBUG 19992 --- [nio-8080-exec-9] org.hibernate.SQL                        : 
    select
        up1_0.id,
        up1_0.age_max,
        up1_0.age_min,
        up1_0.availability,
        up1_0.city,
        up1_0.engagement_level,
        up1_0.group_size_max,
        up1_0.group_size_min,
        up1_0.languages,
        up1_0.latitude,
        up1_0.longitude,
        up1_0.radius_km,
        up1_0.skill_level,
        up1_0.sports,
        up1_0.user_id 
    from
        user_preferences up1_0 
    left join
        users u1_0 
            on u1_0.id=up1_0.user_id 
    where
        u1_0.id=?
Hibernate: 
    select
        up1_0.id,
        up1_0.age_max,
        up1_0.age_min,
        up1_0.availability,
        up1_0.city,
        up1_0.engagement_level,
        up1_0.group_size_max,
        up1_0.group_size_min,
        up1_0.languages,
        up1_0.latitude,
        up1_0.longitude,
        up1_0.radius_km,
        up1_0.skill_level,
        up1_0.sports,
        up1_0.user_id 
    from
        user_preferences up1_0 
    left join
        users u1_0 
            on u1_0.id=up1_0.user_id 
    where
        u1_0.id=?
2026-05-08T16:12:15.302-07:00 DEBUG 19992 --- [nio-8080-exec-4] o.s.web.servlet.DispatcherServlet        : "ERROR" dispatch for GET "/error?userId=7", parameters={masked}
2026-05-08T16:12:15.302-07:00 DEBUG 19992 --- [nio-8080-exec-4] s.w.s.m.m.a.RequestMappingHandlerMapping : Mapped to org.springframework.boot.autoconfigure.web.servlet.error.BasicErrorController#error(HttpServletRequest)
2026-05-08T16:12:15.303-07:00 DEBUG 19992 --- [nio-8080-exec-4] o.s.w.s.m.m.a.HttpEntityMethodProcessor  : Using 'application/json', given [application/json, text/plain, */*] and supported [application/json, application/*+json]
2026-05-08T16:12:15.304-07:00 DEBUG 19992 --- [nio-8080-exec-4] o.s.w.s.m.m.a.HttpEntityMethodProcessor  : Writing [{timestamp=Fri May 08 16:12:15 PDT 2026, status=400, error=Bad Request, path=/api/users/groups-by-di (truncated)...]
2026-05-08T16:12:15.305-07:00 DEBUG 19992 --- [nio-8080-exec-9] o.s.w.s.m.m.a.HttpEntityMethodProcessor  : Using 'application/json', given [application/json, text/plain, */*] and supported [application/json, application/*+json]
2026-05-08T16:12:15.306-07:00 DEBUG 19992 --- [nio-8080-exec-4] o.s.web.servlet.DispatcherServlet        : Exiting from "ERROR" dispatch, status 400
2026-05-08T16:12:15.306-07:00 DEBUG 19992 --- [nio-8080-exec-9] o.s.w.s.m.m.a.HttpEntityMethodProcessor  : Writing [UserPreferenceDto.Response(id=7, userId=7, sports=football,soccer, skillLevel=INTERMEDIATE, ageMin=2 (truncated)...]
2026-05-08T16:12:15.308-07:00 DEBUG 19992 --- [nio-8080-exec-9] o.s.web.servlet.DispatcherServlet        : Completed 200 OK
2026-05-08T16:12:15.314-07:00 DEBUG 19992 --- [nio-8080-exec-6] o.s.web.servlet.DispatcherServlet        : GET "/api/users/7/preferences", parameters={}
2026-05-08T16:12:15.315-07:00 DEBUG 19992 --- [nio-8080-exec-7] o.s.web.servlet.DispatcherServlet        : GET "/api/groups", parameters={}
2026-05-08T16:12:15.315-07:00 DEBUG 19992 --- [nio-8080-exec-6] s.w.s.m.m.a.RequestMappingHandlerMapping : Mapped to com.example.campconnect_backend.Controllers.UserController#getPreferences(Long)
2026-05-08T16:12:15.316-07:00 DEBUG 19992 --- [nio-8080-exec-7] s.w.s.m.m.a.RequestMappingHandlerMapping : Mapped to com.example.campconnect_backend.Controllers.GroupMatchController#getAll()
2026-05-08T16:12:15.318-07:00 DEBUG 19992 --- [nio-8080-exec-7] org.hibernate.SQL                        : 
    select
        gm1_0.id,
        gm1_0.created_at,
        gm1_0.description,
        gm1_0.latitude,
        gm1_0.location,
        gm1_0.longitude,
        gm1_0.max_participants,
        gm1_0.name,
        gm1_0.scheduled_at,
        gm1_0.skill_level,
        gm1_0.sport 
    from
        group_match gm1_0
Hibernate: 
    select
        gm1_0.id,
        gm1_0.created_at,
        gm1_0.description,
        gm1_0.latitude,
        gm1_0.location,
        gm1_0.longitude,
        gm1_0.max_participants,
        gm1_0.name,
        gm1_0.scheduled_at,
        gm1_0.skill_level,
        gm1_0.sport 
    from
        group_match gm1_0
2026-05-08T16:12:15.318-07:00 DEBUG 19992 --- [nio-8080-exec-6] org.hibernate.SQL                        : 
    select
        up1_0.id,
        up1_0.age_max,
        up1_0.age_min,
        up1_0.availability,
        up1_0.city,
        up1_0.engagement_level,
        up1_0.group_size_max,
        up1_0.group_size_min,
        up1_0.languages,
        up1_0.latitude,
        up1_0.longitude,
        up1_0.radius_km,
        up1_0.skill_level,
        up1_0.sports,
        up1_0.user_id 
    from
        user_preferences up1_0 
    left join
        users u1_0 
            on u1_0.id=up1_0.user_id 
    where
        u1_0.id=?
Hibernate: 
    select
        up1_0.id,
        up1_0.age_max,
        up1_0.age_min,
        up1_0.availability,
        up1_0.city,
        up1_0.engagement_level,
        up1_0.group_size_max,
        up1_0.group_size_min,
        up1_0.languages,
        up1_0.latitude,
        up1_0.longitude,
        up1_0.radius_km,
        up1_0.skill_level,
        up1_0.sports,
        up1_0.user_id 
    from
        user_preferences up1_0 
    left join
        users u1_0 
            on u1_0.id=up1_0.user_id 
    where
        u1_0.id=?
2026-05-08T16:12:15.323-07:00 DEBUG 19992 --- [nio-8080-exec-6] o.s.w.s.m.m.a.HttpEntityMethodProcessor  : Using 'application/json', given [application/json, text/plain, */*] and supported [application/json, application/*+json]
2026-05-08T16:12:15.323-07:00 DEBUG 19992 --- [nio-8080-exec-6] o.s.w.s.m.m.a.HttpEntityMethodProcessor  : Writing [UserPreferenceDto.Response(id=7, userId=7, sports=football,soccer, skillLevel=INTERMEDIATE, ageMin=2 (truncated)...]
2026-05-08T16:12:15.324-07:00 DEBUG 19992 --- [nio-8080-exec-7] org.hibernate.SQL                        : 
    select
        count(*) 
    from
        user_participant up1_0 
    where
        up1_0.group_match_id=? 
        and up1_0.status='ACCEPTED'
Hibernate: 
    select
        count(*) 
    from
        user_participant up1_0 
    where
        up1_0.group_match_id=? 
        and up1_0.status='ACCEPTED'
2026-05-08T16:12:15.324-07:00 DEBUG 19992 --- [nio-8080-exec-6] o.s.web.servlet.DispatcherServlet        : Completed 200 OK
2026-05-08T16:12:15.327-07:00 DEBUG 19992 --- [nio-8080-exec-7] org.hibernate.SQL                        : 
    select
        count(*) 
    from
        user_participant up1_0 
    where
        up1_0.group_match_id=? 
        and up1_0.status='ACCEPTED'
Hibernate: 
    select
        count(*) 
    from
        user_participant up1_0 
    where
        up1_0.group_match_id=? 
        and up1_0.status='ACCEPTED'
2026-05-08T16:12:15.329-07:00 DEBUG 19992 --- [nio-8080-exec-7] org.hibernate.SQL                        : 
    select
        count(*) 
    from
        user_participant up1_0 
    where
        up1_0.group_match_id=? 
        and up1_0.status='ACCEPTED'
Hibernate: 
    select
        count(*) 
    from
        user_participant up1_0 
    where
        up1_0.group_match_id=? 
        and up1_0.status='ACCEPTED'
2026-05-08T16:12:15.331-07:00 DEBUG 19992 --- [nio-8080-exec-7] org.hibernate.SQL                        : 
    select
        count(*) 
    from
        user_participant up1_0 
    where
        up1_0.group_match_id=? 
        and up1_0.status='ACCEPTED'
Hibernate: 
    select
        count(*) 
    from
        user_participant up1_0 
    where
        up1_0.group_match_id=? 
        and up1_0.status='ACCEPTED'
2026-05-08T16:12:15.333-07:00 DEBUG 19992 --- [nio-8080-exec-7] org.hibernate.SQL                        : 
    select
        count(*) 
    from
        user_participant up1_0 
    where
        up1_0.group_match_id=? 
        and up1_0.status='ACCEPTED'
Hibernate: 
    select
        count(*) 
    from
        user_participant up1_0 
    where
        up1_0.group_match_id=? 
        and up1_0.status='ACCEPTED'
2026-05-08T16:12:15.336-07:00 DEBUG 19992 --- [nio-8080-exec-7] o.s.w.s.m.m.a.HttpEntityMethodProcessor  : Using 'application/json', given [application/json, text/plain, */*] and supported [application/json, application/*+json]
2026-05-08T16:12:15.337-07:00 DEBUG 19992 --- [nio-8080-exec-7] o.s.w.s.m.m.a.HttpEntityMethodProcessor  : Writing [[GroupMatchDto.Response(id=1, name=Football Match Downtown, description=Casual football game in the  (truncated)...]
2026-05-08T16:12:15.338-07:00 DEBUG 19992 --- [nio-8080-exec-7] o.s.web.servlet.DispatcherServlet        : Completed 200 OK
2026-05-08T16:12:26.243-07:00 DEBUG 19992 --- [nio-8080-exec-5] o.s.web.servlet.DispatcherServlet        : GET "/api/users/7/match-by-preferences", parameters={}
2026-05-08T16:12:26.243-07:00 DEBUG 19992 --- [nio-8080-exec-8] o.s.web.servlet.DispatcherServlet        : GET "/api/users/7/preferences", parameters={}
2026-05-08T16:12:26.244-07:00 DEBUG 19992 --- [nio-8080-exec-8] s.w.s.m.m.a.RequestMappingHandlerMapping : Mapped to com.example.campconnect_backend.Controllers.UserController#getPreferences(Long)
2026-05-08T16:12:26.244-07:00 DEBUG 19992 --- [nio-8080-exec-5] o.s.w.s.handler.SimpleUrlHandlerMapping  : Mapped to ResourceHttpRequestHandler [classpath [META-INF/resources/], classpath [resources/], classpath [static/], classpath [public/], ServletContext [/]]
2026-05-08T16:12:26.249-07:00 DEBUG 19992 --- [nio-8080-exec-8] org.hibernate.SQL                        : 
    select
        up1_0.id,
        up1_0.age_max,
        up1_0.age_min,
        up1_0.availability,
        up1_0.city,
        up1_0.engagement_level,
        up1_0.group_size_max,
        up1_0.group_size_min,
        up1_0.languages,
        up1_0.latitude,
        up1_0.longitude,
        up1_0.radius_km,
        up1_0.skill_level,
        up1_0.sports,
        up1_0.user_id 
    from
        user_preferences up1_0 
    left join
        users u1_0 
            on u1_0.id=up1_0.user_id 
    where
        u1_0.id=?
Hibernate: 
    select
        up1_0.id,
        up1_0.age_max,
        up1_0.age_min,
        up1_0.availability,
        up1_0.city,
        up1_0.engagement_level,
        up1_0.group_size_max,
        up1_0.group_size_min,
        up1_0.languages,
        up1_0.latitude,
        up1_0.longitude,
        up1_0.radius_km,
        up1_0.skill_level,
        up1_0.sports,
        up1_0.user_id 
    from
        user_preferences up1_0 
    left join
        users u1_0 
            on u1_0.id=up1_0.user_id 
    where
        u1_0.id=?
2026-05-08T16:12:26.267-07:00 DEBUG 19992 --- [nio-8080-exec-8] o.s.w.s.m.m.a.HttpEntityMethodProcessor  : Using 'application/json', given [application/json, text/plain, */*] and supported [application/json, application/*+json]
2026-05-08T16:12:26.270-07:00 DEBUG 19992 --- [nio-8080-exec-8] o.s.w.s.m.m.a.HttpEntityMethodProcessor  : Writing [UserPreferenceDto.Response(id=7, userId=7, sports=football,soccer, skillLevel=INTERMEDIATE, ageMin=2 (truncated)...]
2026-05-08T16:12:26.275-07:00 DEBUG 19992 --- [nio-8080-exec-8] o.s.web.servlet.DispatcherServlet        : Completed 200 OK
2026-05-08T16:12:26.321-07:00 DEBUG 19992 --- [nio-8080-exec-5] o.s.w.s.r.ResourceHttpRequestHandler     : Resource not found
2026-05-08T16:12:26.322-07:00 DEBUG 19992 --- [nio-8080-exec-5] .w.s.m.s.DefaultHandlerExceptionResolver : Resolved [org.springframework.web.servlet.resource.NoResourceFoundException: No static resource api/users/7/match-by-preferences.]
2026-05-08T16:12:26.323-07:00 DEBUG 19992 --- [nio-8080-exec-5] o.s.web.servlet.DispatcherServlet        : Completed 404 NOT_FOUND
2026-05-08T16:12:26.323-07:00 DEBUG 19992 --- [nio-8080-exec-5] o.s.web.servlet.DispatcherServlet        : "ERROR" dispatch for GET "/error", parameters={}
2026-05-08T16:12:26.324-07:00 DEBUG 19992 --- [nio-8080-exec-5] s.w.s.m.m.a.RequestMappingHandlerMapping : Mapped to org.springframework.boot.autoconfigure.web.servlet.error.BasicErrorController#error(HttpServletRequest)
2026-05-08T16:12:26.325-07:00 DEBUG 19992 --- [nio-8080-exec-5] o.s.w.s.m.m.a.HttpEntityMethodProcessor  : Using 'application/json', given [application/json, text/plain, */*] and supported [application/json, application/*+json]
2026-05-08T16:12:26.326-07:00 DEBUG 19992 --- [nio-8080-exec-5] o.s.w.s.m.m.a.HttpEntityMethodProcessor  : Writing [{timestamp=Fri May 08 16:12:26 PDT 2026, status=404, error=Not Found, path=/api/users/7/match-by-pre (truncated)...]
2026-05-08T16:12:26.327-07:00 DEBUG 19992 --- [nio-8080-exec-5] o.s.web.servlet.DispatcherServlet        : Exiting from "ERROR" dispatch, status 404
2026-05-08T16:12:26.332-07:00 DEBUG 19992 --- [nio-8080-exec-1] o.s.web.servlet.DispatcherServlet        : GET "/api/groups", parameters={}
2026-05-08T16:12:26.332-07:00 DEBUG 19992 --- [io-8080-exec-10] o.s.web.servlet.DispatcherServlet        : GET "/api/users/7/preferences", parameters={}
2026-05-08T16:12:26.332-07:00 DEBUG 19992 --- [nio-8080-exec-1] s.w.s.m.m.a.RequestMappingHandlerMapping : Mapped to com.example.campconnect_backend.Controllers.GroupMatchController#getAll()
2026-05-08T16:12:26.333-07:00 DEBUG 19992 --- [io-8080-exec-10] s.w.s.m.m.a.RequestMappingHandlerMapping : Mapped to com.example.campconnect_backend.Controllers.UserController#getPreferences(Long)
2026-05-08T16:12:26.336-07:00 DEBUG 19992 --- [nio-8080-exec-1] org.hibernate.SQL                        : 
    select
        gm1_0.id,
        gm1_0.created_at,
        gm1_0.description,
        gm1_0.latitude,
        gm1_0.location,
        gm1_0.longitude,
        gm1_0.max_participants,
        gm1_0.name,
        gm1_0.scheduled_at,
        gm1_0.skill_level,
        gm1_0.sport 
    from
        group_match gm1_0
2026-05-08T16:12:26.337-07:00 DEBUG 19992 --- [io-8080-exec-10] org.hibernate.SQL                        : 
    select
        up1_0.id,
        up1_0.age_max,
        up1_0.age_min,
        up1_0.availability,
        up1_0.city,
        up1_0.engagement_level,
        up1_0.group_size_max,
        up1_0.group_size_min,
        up1_0.languages,
        up1_0.latitude,
        up1_0.longitude,
        up1_0.radius_km,
        up1_0.skill_level,
        up1_0.sports,
        up1_0.user_id 
    from
        user_preferences up1_0 
    left join
        users u1_0 
            on u1_0.id=up1_0.user_id 
    where
        u1_0.id=?
Hibernate: 
    select
        up1_0.id,
        up1_0.age_max,
        up1_0.age_min,
        up1_0.availability,
        up1_0.city,
        up1_0.engagement_level,
        up1_0.group_size_max,
        up1_0.group_size_min,
        up1_0.languages,
        up1_0.latitude,
        up1_0.longitude,
        up1_0.radius_km,
        up1_0.skill_level,
        up1_0.sports,
        up1_0.user_id 
    from
        user_preferences up1_0 
    left join
        users u1_0 
            on u1_0.id=up1_0.user_id 
    where
        u1_0.id=?
Hibernate: 
    select
        gm1_0.id,
        gm1_0.created_at,
        gm1_0.description,
        gm1_0.latitude,
        gm1_0.location,
        gm1_0.longitude,
        gm1_0.max_participants,
        gm1_0.name,
        gm1_0.scheduled_at,
        gm1_0.skill_level,
        gm1_0.sport 
    from
        group_match gm1_0
2026-05-08T16:12:26.340-07:00 DEBUG 19992 --- [io-8080-exec-10] o.s.w.s.m.m.a.HttpEntityMethodProcessor  : Using 'application/json', given [application/json, text/plain, */*] and supported [application/json, application/*+json]
2026-05-08T16:12:26.341-07:00 DEBUG 19992 --- [nio-8080-exec-1] org.hibernate.SQL                        : 
    select
        count(*) 
    from
        user_participant up1_0 
    where
        up1_0.group_match_id=? 
        and up1_0.status='ACCEPTED'
Hibernate: 
    select
        count(*) 
    from
        user_participant up1_0 
    where
        up1_0.group_match_id=? 
        and up1_0.status='ACCEPTED'
2026-05-08T16:12:26.342-07:00 DEBUG 19992 --- [io-8080-exec-10] o.s.w.s.m.m.a.HttpEntityMethodProcessor  : Writing [UserPreferenceDto.Response(id=7, userId=7, sports=football,soccer, skillLevel=INTERMEDIATE, ageMin=2 (truncated)...]
2026-05-08T16:12:26.343-07:00 DEBUG 19992 --- [io-8080-exec-10] o.s.web.servlet.DispatcherServlet        : Completed 200 OK
2026-05-08T16:12:26.344-07:00 DEBUG 19992 --- [nio-8080-exec-1] org.hibernate.SQL                        : 
    select
        count(*) 
    from
        user_participant up1_0 
    where
        up1_0.group_match_id=? 
        and up1_0.status='ACCEPTED'
Hibernate: 
    select
        count(*) 
    from
        user_participant up1_0 
    where
        up1_0.group_match_id=? 
        and up1_0.status='ACCEPTED'
2026-05-08T16:12:26.347-07:00 DEBUG 19992 --- [nio-8080-exec-1] org.hibernate.SQL                        : 
    select
        count(*) 
    from
        user_participant up1_0 
    where
        up1_0.group_match_id=? 
        and up1_0.status='ACCEPTED'
Hibernate: 
    select
        count(*) 
    from
        user_participant up1_0 
    where
        up1_0.group_match_id=? 
        and up1_0.status='ACCEPTED'
2026-05-08T16:12:26.350-07:00 DEBUG 19992 --- [nio-8080-exec-1] org.hibernate.SQL                        : 
    select
        count(*) 
    from
        user_participant up1_0 
    where
        up1_0.group_match_id=? 
        and up1_0.status='ACCEPTED'
Hibernate: 
    select
        count(*) 
    from
        user_participant up1_0 
    where
        up1_0.group_match_id=? 
        and up1_0.status='ACCEPTED'
2026-05-08T16:12:26.352-07:00 DEBUG 19992 --- [nio-8080-exec-1] org.hibernate.SQL                        : 
    select
        count(*) 
    from
        user_participant up1_0 
    where
        up1_0.group_match_id=? 
        and up1_0.status='ACCEPTED'
Hibernate: 
    select
        count(*) 
    from
        user_participant up1_0 
    where
        up1_0.group_match_id=? 
        and up1_0.status='ACCEPTED'
2026-05-08T16:12:26.355-07:00 DEBUG 19992 --- [nio-8080-exec-1] o.s.w.s.m.m.a.HttpEntityMethodProcessor  : Using 'application/json', given [application/json, text/plain, */*] and supported [application/json, application/*+json]
2026-05-08T16:12:26.356-07:00 DEBUG 19992 --- [nio-8080-exec-1] o.s.w.s.m.m.a.HttpEntityMethodProcessor  : Writing [[GroupMatchDto.Response(id=1, name=Football Match Downtown, description=Casual football game in the  (truncated)...]
2026-05-08T16:12:26.357-07:00 DEBUG 19992 --- [nio-8080-exec-1] o.s.web.servlet.DispatcherServlet        : Completed 200 OK
2026-05-08T16:12:33.554-07:00 DEBUG 19992 --- [nio-8080-exec-3] o.s.web.servlet.DispatcherServlet        : GET "/api/groups", parameters={}
2026-05-08T16:12:33.554-07:00 DEBUG 19992 --- [nio-8080-exec-3] s.w.s.m.m.a.RequestMappingHandlerMapping : Mapped to com.example.campconnect_backend.Controllers.GroupMatchController#getAll()
2026-05-08T16:12:33.558-07:00 DEBUG 19992 --- [nio-8080-exec-3] org.hibernate.SQL                        : 
    select
        gm1_0.id,
        gm1_0.created_at,
        gm1_0.description,
        gm1_0.latitude,
        gm1_0.location,
        gm1_0.longitude,
        gm1_0.max_participants,
        gm1_0.name,
        gm1_0.scheduled_at,
        gm1_0.skill_level,
        gm1_0.sport 
    from
        group_match gm1_0
Hibernate: 
    select
        gm1_0.id,
        gm1_0.created_at,
        gm1_0.description,
        gm1_0.latitude,
        gm1_0.location,
        gm1_0.longitude,
        gm1_0.max_participants,
        gm1_0.name,
        gm1_0.scheduled_at,
        gm1_0.skill_level,
        gm1_0.sport 
    from
        group_match gm1_0
2026-05-08T16:12:33.562-07:00 DEBUG 19992 --- [nio-8080-exec-3] org.hibernate.SQL                        : 
    select
        count(*) 
    from
        user_participant up1_0 
    where
        up1_0.group_match_id=? 
        and up1_0.status='ACCEPTED'
Hibernate: 
    select
        count(*) 
    from
        user_participant up1_0 
    where
        up1_0.group_match_id=? 
        and up1_0.status='ACCEPTED'
2026-05-08T16:12:33.565-07:00 DEBUG 19992 --- [nio-8080-exec-3] org.hibernate.SQL                        : 
    select
        count(*) 
    from
        user_participant up1_0 
    where
        up1_0.group_match_id=? 
        and up1_0.status='ACCEPTED'
Hibernate: 
    select
        count(*) 
    from
        user_participant up1_0 
    where
        up1_0.group_match_id=? 
        and up1_0.status='ACCEPTED'
2026-05-08T16:12:33.567-07:00 DEBUG 19992 --- [nio-8080-exec-3] org.hibernate.SQL                        : 
    select
        count(*) 
    from
        user_participant up1_0 
    where
        up1_0.group_match_id=? 
        and up1_0.status='ACCEPTED'
Hibernate: 
    select
        count(*) 
    from
        user_participant up1_0 
    where
        up1_0.group_match_id=? 
        and up1_0.status='ACCEPTED'
2026-05-08T16:12:33.569-07:00 DEBUG 19992 --- [nio-8080-exec-3] org.hibernate.SQL                        : 
    select
        count(*) 
    from
        user_participant up1_0 
    where
        up1_0.group_match_id=? 
        and up1_0.status='ACCEPTED'
Hibernate: 
    select
        count(*) 
    from
        user_participant up1_0 
    where
        up1_0.group_match_id=? 
        and up1_0.status='ACCEPTED'
2026-05-08T16:12:33.571-07:00 DEBUG 19992 --- [nio-8080-exec-3] org.hibernate.SQL                        : 
    select
        count(*) 
    from
        user_participant up1_0 
    where
        up1_0.group_match_id=? 
        and up1_0.status='ACCEPTED'
Hibernate: 
    select
        count(*) 
    from
        user_participant up1_0 
    where
        up1_0.group_match_id=? 
        and up1_0.status='ACCEPTED'
2026-05-08T16:12:33.574-07:00 DEBUG 19992 --- [nio-8080-exec-3] o.s.w.s.m.m.a.HttpEntityMethodProcessor  : Using 'application/json', given [application/json, text/plain, */*] and supported [application/json, application/*+json]
2026-05-08T16:12:33.574-07:00 DEBUG 19992 --- [nio-8080-exec-3] o.s.w.s.m.m.a.HttpEntityMethodProcessor  : Writing [[GroupMatchDto.Response(id=1, name=Football Match Downtown, description=Casual football game in the  (truncated)...]
2026-05-08T16:12:33.575-07:00 DEBUG 19992 --- [nio-8080-exec-3] o.s.web.servlet.DispatcherServlet        : Completed 200 OK
2026-05-08T16:12:37.322-07:00 DEBUG 19992 --- [nio-8080-exec-2] o.s.web.servlet.DispatcherServlet        : GET "/api/groups/5", parameters={}
2026-05-08T16:12:37.322-07:00 DEBUG 19992 --- [nio-8080-exec-2] s.w.s.m.m.a.RequestMappingHandlerMapping : Mapped to com.example.campconnect_backend.Controllers.GroupMatchController#getById(Long)
2026-05-08T16:12:37.325-07:00 DEBUG 19992 --- [nio-8080-exec-2] org.hibernate.SQL                        : 
    select
        gm1_0.id,
        gm1_0.created_at,
        gm1_0.description,
        gm1_0.latitude,
        gm1_0.location,
        gm1_0.longitude,
        gm1_0.max_participants,
        gm1_0.name,
        gm1_0.scheduled_at,
        gm1_0.skill_level,
        gm1_0.sport 
    from
        group_match gm1_0 
    where
        gm1_0.id=?
Hibernate: 
    select
        gm1_0.id,
        gm1_0.created_at,
        gm1_0.description,
        gm1_0.latitude,
        gm1_0.location,
        gm1_0.longitude,
        gm1_0.max_participants,
        gm1_0.name,
        gm1_0.scheduled_at,
        gm1_0.skill_level,
        gm1_0.sport 
    from
        group_match gm1_0 
    where
        gm1_0.id=?
2026-05-08T16:12:37.328-07:00 DEBUG 19992 --- [nio-8080-exec-2] org.hibernate.SQL                        : 
    select
        count(*) 
    from
        user_participant up1_0 
    where
        up1_0.group_match_id=? 
        and up1_0.status='ACCEPTED'
Hibernate: 
    select
        count(*) 
    from
        user_participant up1_0 
    where
        up1_0.group_match_id=? 
        and up1_0.status='ACCEPTED'
2026-05-08T16:12:37.331-07:00 DEBUG 19992 --- [nio-8080-exec-2] o.s.w.s.m.m.a.HttpEntityMethodProcessor  : Using 'application/json', given [application/json, text/plain, */*] and supported [application/json, application/*+json]
2026-05-08T16:12:37.332-07:00 DEBUG 19992 --- [nio-8080-exec-2] o.s.w.s.m.m.a.HttpEntityMethodProcessor  : Writing [GroupMatchDto.Response(id=5, name=Volleyball Beach Day, description=Beach volleyball for intermediat (truncated)...]
2026-05-08T16:12:37.333-07:00 DEBUG 19992 --- [nio-8080-exec-2] o.s.web.servlet.DispatcherServlet        : Completed 200 OK
2026-05-08T16:12:37.339-07:00 DEBUG 19992 --- [nio-8080-exec-4] o.s.web.servlet.DispatcherServlet        : GET "/api/participants/group/5", parameters={}
2026-05-08T16:12:37.340-07:00 DEBUG 19992 --- [nio-8080-exec-4] s.w.s.m.m.a.RequestMappingHandlerMapping : Mapped to com.example.campconnect_backend.Controllers.UserParticipantController#getByGroup(Long)
2026-05-08T16:12:37.344-07:00 DEBUG 19992 --- [nio-8080-exec-4] org.hibernate.SQL                        : 
    select
        up1_0.group_match_id,
        up1_0.user_id,
        up1_0.joined_at,
        up1_0.role,
        up1_0.score,
        up1_0.status 
    from
        user_participant up1_0 
    left join
        group_match gm1_0 
            on gm1_0.id=up1_0.group_match_id 
    where
        gm1_0.id=?
Hibernate: 
    select
        up1_0.group_match_id,
        up1_0.user_id,
        up1_0.joined_at,
        up1_0.role,
        up1_0.score,
        up1_0.status 
    from
        user_participant up1_0 
    left join
        group_match gm1_0 
            on gm1_0.id=up1_0.group_match_id 
    where
        gm1_0.id=?
2026-05-08T16:12:37.347-07:00 DEBUG 19992 --- [nio-8080-exec-4] org.hibernate.SQL                        : 
    select
        u1_0.id,
        u1_0.avatar_url,
        u1_0.email,
        u1_0.password,
        u1_0.username 
    from
        users u1_0 
    where
        u1_0.id=?
Hibernate: 
    select
        u1_0.id,
        u1_0.avatar_url,
        u1_0.email,
        u1_0.password,
        u1_0.username 
    from
        users u1_0 
    where
        u1_0.id=?
2026-05-08T16:12:37.349-07:00 DEBUG 19992 --- [nio-8080-exec-4] org.hibernate.SQL                        : 
    select
        gm1_0.id,
        gm1_0.created_at,
        gm1_0.description,
        gm1_0.latitude,
        gm1_0.location,
        gm1_0.longitude,
        gm1_0.max_participants,
        gm1_0.name,
        gm1_0.scheduled_at,
        gm1_0.skill_level,
        gm1_0.sport 
    from
        group_match gm1_0 
    where
        gm1_0.id=?
Hibernate: 
    select
        gm1_0.id,
        gm1_0.created_at,
        gm1_0.description,
        gm1_0.latitude,
        gm1_0.location,
        gm1_0.longitude,
        gm1_0.max_participants,
        gm1_0.name,
        gm1_0.scheduled_at,
        gm1_0.skill_level,
        gm1_0.sport 
    from
        group_match gm1_0 
    where
        gm1_0.id=?
2026-05-08T16:12:37.351-07:00 DEBUG 19992 --- [nio-8080-exec-4] org.hibernate.SQL                        : 
    select
        u1_0.id,
        u1_0.avatar_url,
        u1_0.email,
        u1_0.password,
        u1_0.username 
    from
        users u1_0 
    where
        u1_0.id=?
Hibernate: 
    select
        u1_0.id,
        u1_0.avatar_url,
        u1_0.email,
        u1_0.password,
        u1_0.username 
    from
        users u1_0 
    where
        u1_0.id=?
2026-05-08T16:12:37.353-07:00 DEBUG 19992 --- [nio-8080-exec-4] org.hibernate.SQL                        : 
    select
        u1_0.id,
        u1_0.avatar_url,
        u1_0.email,
        u1_0.password,
        u1_0.username 
    from
        users u1_0 
    where
        u1_0.id=?
Hibernate: 
    select
        u1_0.id,
        u1_0.avatar_url,
        u1_0.email,
        u1_0.password,
        u1_0.username 
    from
        users u1_0 
    where
        u1_0.id=?
2026-05-08T16:12:37.356-07:00 DEBUG 19992 --- [nio-8080-exec-4] o.s.w.s.m.m.a.HttpEntityMethodProcessor  : Using 'application/json', given [application/json, text/plain, */*] and supported [application/json, application/*+json]
2026-05-08T16:12:37.357-07:00 DEBUG 19992 --- [nio-8080-exec-4] o.s.w.s.m.m.a.HttpEntityMethodProcessor  : Writing [[UserParticipantDto.Response(userId=1, username=john_doe, avatarUrl=https://example.com/avatar1.jpg, (truncated)...]
2026-05-08T16:12:37.358-07:00 DEBUG 19992 --- [nio-8080-exec-4] o.s.web.servlet.DispatcherServlet        : Completed 200 OK
2026-05-08T16:12:38.933-07:00 DEBUG 19992 --- [nio-8080-exec-6] o.s.web.servlet.DispatcherServlet        : POST "/api/participants", parameters={}
2026-05-08T16:12:38.934-07:00 DEBUG 19992 --- [nio-8080-exec-6] s.w.s.m.m.a.RequestMappingHandlerMapping : Mapped to com.example.campconnect_backend.Controllers.UserParticipantController#join(Request)
2026-05-08T16:12:38.981-07:00 DEBUG 19992 --- [nio-8080-exec-6] m.m.a.RequestResponseBodyMethodProcessor : Read "application/json;charset=UTF-8" to [UserParticipantDto.Request(userId=7, groupMatchId=5, role=MEMBER, status=null, score=0)]
2026-05-08T16:12:39.006-07:00 DEBUG 19992 --- [nio-8080-exec-6] org.hibernate.SQL                        : 
    select
        up1_0.group_match_id,
        up1_0.user_id 
    from
        user_participant up1_0 
    left join
        users u1_0 
            on u1_0.id=up1_0.user_id 
    left join
        group_match gm1_0 
            on gm1_0.id=up1_0.group_match_id 
    where
        u1_0.id=? 
        and gm1_0.id=? 
    limit
        ?
Hibernate: 
    select
        up1_0.group_match_id,
        up1_0.user_id 
    from
        user_participant up1_0 
    left join
        users u1_0 
            on u1_0.id=up1_0.user_id 
    left join
        group_match gm1_0 
            on gm1_0.id=up1_0.group_match_id 
    where
        u1_0.id=? 
        and gm1_0.id=? 
    limit
        ?
2026-05-08T16:12:39.011-07:00 DEBUG 19992 --- [nio-8080-exec-6] org.hibernate.SQL                        : 
    select
        u1_0.id,
        u1_0.avatar_url,
        u1_0.email,
        u1_0.password,
        u1_0.username 
    from
        users u1_0 
    where
        u1_0.id=?
Hibernate: 
    select
        u1_0.id,
        u1_0.avatar_url,
        u1_0.email,
        u1_0.password,
        u1_0.username 
    from
        users u1_0 
    where
        u1_0.id=?
2026-05-08T16:12:39.014-07:00 DEBUG 19992 --- [nio-8080-exec-6] org.hibernate.SQL                        : 
    select
        gm1_0.id,
        gm1_0.created_at,
        gm1_0.description,
        gm1_0.latitude,
        gm1_0.location,
        gm1_0.longitude,
        gm1_0.max_participants,
        gm1_0.name,
        gm1_0.scheduled_at,
        gm1_0.skill_level,
        gm1_0.sport 
    from
        group_match gm1_0 
    where
        gm1_0.id=?
Hibernate: 
    select
        gm1_0.id,
        gm1_0.created_at,
        gm1_0.description,
        gm1_0.latitude,
        gm1_0.location,
        gm1_0.longitude,
        gm1_0.max_participants,
        gm1_0.name,
        gm1_0.scheduled_at,
        gm1_0.skill_level,
        gm1_0.sport 
    from
        group_match gm1_0 
    where
        gm1_0.id=?
2026-05-08T16:12:39.017-07:00 DEBUG 19992 --- [nio-8080-exec-6] org.hibernate.SQL                        : 
    select
        count(*) 
    from
        user_participant up1_0 
    where
        up1_0.group_match_id=? 
        and up1_0.status='ACCEPTED'
Hibernate: 
    select
        count(*) 
    from
        user_participant up1_0 
    where
        up1_0.group_match_id=? 
        and up1_0.status='ACCEPTED'
2026-05-08T16:12:39.032-07:00 DEBUG 19992 --- [nio-8080-exec-6] org.hibernate.SQL                        : 
    select
        up1_0.group_match_id,
        up1_0.user_id,
        up1_0.joined_at,
        up1_0.role,
        up1_0.score,
        up1_0.status 
    from
        user_participant up1_0 
    where
        (
            up1_0.group_match_id, up1_0.user_id
        ) in ((?, ?))
Hibernate: 
    select
        up1_0.group_match_id,
        up1_0.user_id,
        up1_0.joined_at,
        up1_0.role,
        up1_0.score,
        up1_0.status 
    from
        user_participant up1_0 
    where
        (
            up1_0.group_match_id, up1_0.user_id
        ) in ((?, ?))
2026-05-08T16:12:39.088-07:00 DEBUG 19992 --- [nio-8080-exec-6] org.hibernate.SQL                        : 
    insert 
    into
        user_participant
        (joined_at, role, score, status, group_match_id, user_id) 
    values
        (?, ?, ?, ?, ?, ?)
Hibernate: 
    insert 
    into
        user_participant
        (joined_at, role, score, status, group_match_id, user_id) 
    values
        (?, ?, ?, ?, ?, ?)
2026-05-08T16:12:39.099-07:00 DEBUG 19992 --- [nio-8080-exec-6] o.s.w.s.m.m.a.HttpEntityMethodProcessor  : Using 'application/json', given [application/json, text/plain, */*] and supported [application/json, application/*+json]
2026-05-08T16:12:39.100-07:00 DEBUG 19992 --- [nio-8080-exec-6] o.s.w.s.m.m.a.HttpEntityMethodProcessor  : Writing [UserParticipantDto.Response(userId=7, username=chris_miller, avatarUrl=https://example.com/avatar7.j (truncated)...]
2026-05-08T16:12:39.105-07:00 DEBUG 19992 --- [nio-8080-exec-6] o.s.web.servlet.DispatcherServlet        : Completed 201 CREATED
2026-05-08T16:12:39.108-07:00 DEBUG 19992 --- [nio-8080-exec-7] o.s.web.servlet.DispatcherServlet        : GET "/api/participants/group/5", parameters={}
2026-05-08T16:12:39.109-07:00 DEBUG 19992 --- [nio-8080-exec-7] s.w.s.m.m.a.RequestMappingHandlerMapping : Mapped to com.example.campconnect_backend.Controllers.UserParticipantController#getByGroup(Long)
2026-05-08T16:12:39.112-07:00 DEBUG 19992 --- [nio-8080-exec-7] org.hibernate.SQL                        : 
    select
        up1_0.group_match_id,
        up1_0.user_id,
        up1_0.joined_at,
        up1_0.role,
        up1_0.score,
        up1_0.status 
    from
        user_participant up1_0 
    left join
        group_match gm1_0 
            on gm1_0.id=up1_0.group_match_id 
    where
        gm1_0.id=?
Hibernate: 
    select
        up1_0.group_match_id,
        up1_0.user_id,
        up1_0.joined_at,
        up1_0.role,
        up1_0.score,
        up1_0.status 
    from
        user_participant up1_0 
    left join
        group_match gm1_0 
            on gm1_0.id=up1_0.group_match_id 
    where
        gm1_0.id=?
2026-05-08T16:12:39.115-07:00 DEBUG 19992 --- [nio-8080-exec-7] org.hibernate.SQL                        : 
    select
        u1_0.id,
        u1_0.avatar_url,
        u1_0.email,
        u1_0.password,
        u1_0.username 
    from
        users u1_0 
    where
        u1_0.id=?
Hibernate: 
    select
        u1_0.id,
        u1_0.avatar_url,
        u1_0.email,
        u1_0.password,
        u1_0.username 
    from
        users u1_0 
    where
        u1_0.id=?
2026-05-08T16:12:39.117-07:00 DEBUG 19992 --- [nio-8080-exec-7] org.hibernate.SQL                        : 
    select
        gm1_0.id,
        gm1_0.created_at,
        gm1_0.description,
        gm1_0.latitude,
        gm1_0.location,
        gm1_0.longitude,
        gm1_0.max_participants,
        gm1_0.name,
        gm1_0.scheduled_at,
        gm1_0.skill_level,
        gm1_0.sport 
    from
        group_match gm1_0 
    where
        gm1_0.id=?
Hibernate: 
    select
        gm1_0.id,
        gm1_0.created_at,
        gm1_0.description,
        gm1_0.latitude,
        gm1_0.location,
        gm1_0.longitude,
        gm1_0.max_participants,
        gm1_0.name,
        gm1_0.scheduled_at,
        gm1_0.skill_level,
        gm1_0.sport 
    from
        group_match gm1_0 
    where
        gm1_0.id=?
2026-05-08T16:12:39.119-07:00 DEBUG 19992 --- [nio-8080-exec-7] org.hibernate.SQL                        : 
    select
        u1_0.id,
        u1_0.avatar_url,
        u1_0.email,
        u1_0.password,
        u1_0.username 
    from
        users u1_0 
    where
        u1_0.id=?
Hibernate: 
    select
        u1_0.id,
        u1_0.avatar_url,
        u1_0.email,
        u1_0.password,
        u1_0.username 
    from
        users u1_0 
    where
        u1_0.id=?
2026-05-08T16:12:39.121-07:00 DEBUG 19992 --- [nio-8080-exec-7] org.hibernate.SQL                        : 
    select
        u1_0.id,
        u1_0.avatar_url,
        u1_0.email,
        u1_0.password,
        u1_0.username 
    from
        users u1_0 
    where
        u1_0.id=?
Hibernate: 
    select
        u1_0.id,
        u1_0.avatar_url,
        u1_0.email,
        u1_0.password,
        u1_0.username 
    from
        users u1_0 
    where
        u1_0.id=?
2026-05-08T16:12:39.123-07:00 DEBUG 19992 --- [nio-8080-exec-7] org.hibernate.SQL                        : 
    select
        u1_0.id,
        u1_0.avatar_url,
        u1_0.email,
        u1_0.password,
        u1_0.username 
    from
        users u1_0 
    where
        u1_0.id=?
Hibernate: 
    select
        u1_0.id,
        u1_0.avatar_url,
        u1_0.email,
        u1_0.password,
        u1_0.username 
    from
        users u1_0 
    where
        u1_0.id=?
2026-05-08T16:12:39.126-07:00 DEBUG 19992 --- [nio-8080-exec-7] o.s.w.s.m.m.a.HttpEntityMethodProcessor  : Using 'application/json', given [application/json, text/plain, */*] and supported [application/json, application/*+json]
2026-05-08T16:12:39.126-07:00 DEBUG 19992 --- [nio-8080-exec-7] o.s.w.s.m.m.a.HttpEntityMethodProcessor  : Writing [[UserParticipantDto.Response(userId=1, username=john_doe, avatarUrl=https://example.com/avatar1.jpg, (truncated)...]
2026-05-08T16:12:39.127-07:00 DEBUG 19992 --- [nio-8080-exec-7] o.s.web.servlet.DispatcherServlet        : Completed 200 OK
2026-05-08T16:12:58.373-07:00 DEBUG 19992 --- [nio-8080-exec-8] o.s.web.servlet.DispatcherServlet        : GET "/api/users", parameters={}
2026-05-08T16:12:58.375-07:00 DEBUG 19992 --- [nio-8080-exec-8] s.w.s.m.m.a.RequestMappingHandlerMapping : Mapped to com.example.campconnect_backend.Controllers.UserController#getAll()
2026-05-08T16:12:58.378-07:00 DEBUG 19992 --- [nio-8080-exec-8] org.hibernate.SQL                        : 
    select
        u1_0.id,
        u1_0.avatar_url,
        u1_0.email,
        u1_0.password,
        u1_0.username 
    from
        users u1_0
Hibernate: 
    select
        u1_0.id,
        u1_0.avatar_url,
        u1_0.email,
        u1_0.password,
        u1_0.username 
    from
        users u1_0
2026-05-08T16:12:58.382-07:00 DEBUG 19992 --- [nio-8080-exec-8] o.s.w.s.m.m.a.HttpEntityMethodProcessor  : Using 'application/json', given [application/json, text/plain, */*] and supported [application/json, application/*+json]
2026-05-08T16:12:58.383-07:00 DEBUG 19992 --- [nio-8080-exec-8] o.s.w.s.m.m.a.HttpEntityMethodProcessor  : Writing [[UserDto.Response(id=1, username=john_doe, email=john@example.com, avatarUrl=https://example.com/ava (truncated)...]
2026-05-08T16:12:58.385-07:00 DEBUG 19992 --- [nio-8080-exec-8] o.s.web.servlet.DispatcherServlet        : Completed 200 OK
2026-05-08T16:12:58.397-07:00 DEBUG 19992 --- [nio-8080-exec-5] o.s.web.servlet.DispatcherServlet        : GET "/api/groups", parameters={}
2026-05-08T16:12:58.397-07:00 DEBUG 19992 --- [nio-8080-exec-5] s.w.s.m.m.a.RequestMappingHandlerMapping : Mapped to com.example.campconnect_backend.Controllers.GroupMatchController#getAll()
2026-05-08T16:12:58.401-07:00 DEBUG 19992 --- [nio-8080-exec-5] org.hibernate.SQL                        : 
    select
        gm1_0.id,
        gm1_0.created_at,
        gm1_0.description,
        gm1_0.latitude,
        gm1_0.location,
        gm1_0.longitude,
        gm1_0.max_participants,
        gm1_0.name,
        gm1_0.scheduled_at,
        gm1_0.skill_level,
        gm1_0.sport 
    from
        group_match gm1_0
Hibernate: 
    select
        gm1_0.id,
        gm1_0.created_at,
        gm1_0.description,
        gm1_0.latitude,
        gm1_0.location,
        gm1_0.longitude,
        gm1_0.max_participants,
        gm1_0.name,
        gm1_0.scheduled_at,
        gm1_0.skill_level,
        gm1_0.sport 
    from
        group_match gm1_0
2026-05-08T16:12:58.405-07:00 DEBUG 19992 --- [nio-8080-exec-5] org.hibernate.SQL                        : 
    select
        count(*) 
    from
        user_participant up1_0 
    where
        up1_0.group_match_id=? 
        and up1_0.status='ACCEPTED'
Hibernate: 
    select
        count(*) 
    from
        user_participant up1_0 
    where
        up1_0.group_match_id=? 
        and up1_0.status='ACCEPTED'
2026-05-08T16:12:58.407-07:00 DEBUG 19992 --- [nio-8080-exec-5] org.hibernate.SQL                        : 
    select
        count(*) 
    from
        user_participant up1_0 
    where
        up1_0.group_match_id=? 
        and up1_0.status='ACCEPTED'
Hibernate: 
    select
        count(*) 
    from
        user_participant up1_0 
    where
        up1_0.group_match_id=? 
        and up1_0.status='ACCEPTED'
2026-05-08T16:12:58.410-07:00 DEBUG 19992 --- [nio-8080-exec-5] org.hibernate.SQL                        : 
    select
        count(*) 
    from
        user_participant up1_0 
    where
        up1_0.group_match_id=? 
        and up1_0.status='ACCEPTED'
Hibernate: 
    select
        count(*) 
    from
        user_participant up1_0 
    where
        up1_0.group_match_id=? 
        and up1_0.status='ACCEPTED'
2026-05-08T16:12:58.412-07:00 DEBUG 19992 --- [nio-8080-exec-5] org.hibernate.SQL                        : 
    select
        count(*) 
    from
        user_participant up1_0 
    where
        up1_0.group_match_id=? 
        and up1_0.status='ACCEPTED'
Hibernate: 
    select
        count(*) 
    from
        user_participant up1_0 
    where
        up1_0.group_match_id=? 
        and up1_0.status='ACCEPTED'
2026-05-08T16:12:58.415-07:00 DEBUG 19992 --- [nio-8080-exec-5] org.hibernate.SQL                        : 
    select
        count(*) 
    from
        user_participant up1_0 
    where
        up1_0.group_match_id=? 
        and up1_0.status='ACCEPTED'
Hibernate: 
    select
        count(*) 
    from
        user_participant up1_0 
    where
        up1_0.group_match_id=? 
        and up1_0.status='ACCEPTED'
2026-05-08T16:12:58.417-07:00 DEBUG 19992 --- [nio-8080-exec-5] o.s.w.s.m.m.a.HttpEntityMethodProcessor  : Using 'application/json', given [application/json, text/plain, */*] and supported [application/json, application/*+json]
2026-05-08T16:12:58.418-07:00 DEBUG 19992 --- [nio-8080-exec-5] o.s.w.s.m.m.a.HttpEntityMethodProcessor  : Writing [[GroupMatchDto.Response(id=1, name=Football Match Downtown, description=Casual football game in the  (truncated)...]
2026-05-08T16:12:58.419-07:00 DEBUG 19992 --- [nio-8080-exec-5] o.s.web.servlet.DispatcherServlet        : Completed 200 OK
2026-05-08T16:13:03.598-07:00 DEBUG 19992 --- [io-8080-exec-10] o.s.web.servlet.DispatcherServlet        : GET "/api/groups/5", parameters={}
2026-05-08T16:13:03.598-07:00 DEBUG 19992 --- [io-8080-exec-10] s.w.s.m.m.a.RequestMappingHandlerMapping : Mapped to com.example.campconnect_backend.Controllers.GroupMatchController#getById(Long)
2026-05-08T16:13:03.601-07:00 DEBUG 19992 --- [io-8080-exec-10] org.hibernate.SQL                        : 
    select
        gm1_0.id,
        gm1_0.created_at,
        gm1_0.description,
        gm1_0.latitude,
        gm1_0.location,
        gm1_0.longitude,
        gm1_0.max_participants,
        gm1_0.name,
        gm1_0.scheduled_at,
        gm1_0.skill_level,
        gm1_0.sport 
    from
        group_match gm1_0 
    where
        gm1_0.id=?
Hibernate: 
    select
        gm1_0.id,
        gm1_0.created_at,
        gm1_0.description,
        gm1_0.latitude,
        gm1_0.location,
        gm1_0.longitude,
        gm1_0.max_participants,
        gm1_0.name,
        gm1_0.scheduled_at,
        gm1_0.skill_level,
        gm1_0.sport 
    from
        group_match gm1_0 
    where
        gm1_0.id=?
2026-05-08T16:13:03.604-07:00 DEBUG 19992 --- [io-8080-exec-10] org.hibernate.SQL                        : 
    select
        count(*) 
    from
        user_participant up1_0 
    where
        up1_0.group_match_id=? 
        and up1_0.status='ACCEPTED'
Hibernate: 
    select
        count(*) 
    from
        user_participant up1_0 
    where
        up1_0.group_match_id=? 
        and up1_0.status='ACCEPTED'
2026-05-08T16:13:03.606-07:00 DEBUG 19992 --- [io-8080-exec-10] o.s.w.s.m.m.a.HttpEntityMethodProcessor  : Using 'application/json', given [application/json, text/plain, */*] and supported [application/json, application/*+json]
2026-05-08T16:13:03.606-07:00 DEBUG 19992 --- [io-8080-exec-10] o.s.w.s.m.m.a.HttpEntityMethodProcessor  : Writing [GroupMatchDto.Response(id=5, name=Volleyball Beach Day, description=Beach volleyball for intermediat (truncated)...]
2026-05-08T16:13:03.608-07:00 DEBUG 19992 --- [io-8080-exec-10] o.s.web.servlet.DispatcherServlet        : Completed 200 OK
2026-05-08T16:13:03.611-07:00 DEBUG 19992 --- [nio-8080-exec-1] o.s.web.servlet.DispatcherServlet        : GET "/api/participants/group/5", parameters={}
2026-05-08T16:13:03.612-07:00 DEBUG 19992 --- [nio-8080-exec-1] s.w.s.m.m.a.RequestMappingHandlerMapping : Mapped to com.example.campconnect_backend.Controllers.UserParticipantController#getByGroup(Long)
2026-05-08T16:13:03.616-07:00 DEBUG 19992 --- [nio-8080-exec-1] org.hibernate.SQL                        : 
    select
        up1_0.group_match_id,
        up1_0.user_id,
        up1_0.joined_at,
        up1_0.role,
        up1_0.score,
        up1_0.status 
    from
        user_participant up1_0 
    left join
        group_match gm1_0 
            on gm1_0.id=up1_0.group_match_id 
    where
        gm1_0.id=?
Hibernate: 
    select
        up1_0.group_match_id,
        up1_0.user_id,
        up1_0.joined_at,
        up1_0.role,
        up1_0.score,
        up1_0.status 
    from
        user_participant up1_0 
    left join
        group_match gm1_0 
            on gm1_0.id=up1_0.group_match_id 
    where
        gm1_0.id=?
2026-05-08T16:13:03.618-07:00 DEBUG 19992 --- [nio-8080-exec-1] org.hibernate.SQL                        : 
    select
        u1_0.id,
        u1_0.avatar_url,
        u1_0.email,
        u1_0.password,
        u1_0.username 
    from
        users u1_0 
    where
        u1_0.id=?
Hibernate: 
    select
        u1_0.id,
        u1_0.avatar_url,
        u1_0.email,
        u1_0.password,
        u1_0.username 
    from
        users u1_0 
    where
        u1_0.id=?
2026-05-08T16:13:03.622-07:00 DEBUG 19992 --- [nio-8080-exec-1] org.hibernate.SQL                        : 
    select
        gm1_0.id,
        gm1_0.created_at,
        gm1_0.description,
        gm1_0.latitude,
        gm1_0.location,
        gm1_0.longitude,
        gm1_0.max_participants,
        gm1_0.name,
        gm1_0.scheduled_at,
        gm1_0.skill_level,
        gm1_0.sport 
    from
        group_match gm1_0 
    where
        gm1_0.id=?
Hibernate: 
    select
        gm1_0.id,
        gm1_0.created_at,
        gm1_0.description,
        gm1_0.latitude,
        gm1_0.location,
        gm1_0.longitude,
        gm1_0.max_participants,
        gm1_0.name,
        gm1_0.scheduled_at,
        gm1_0.skill_level,
        gm1_0.sport 
    from
        group_match gm1_0 
    where
        gm1_0.id=?
2026-05-08T16:13:03.625-07:00 DEBUG 19992 --- [nio-8080-exec-1] org.hibernate.SQL                        : 
    select
        u1_0.id,
        u1_0.avatar_url,
        u1_0.email,
        u1_0.password,
        u1_0.username 
    from
        users u1_0 
    where
        u1_0.id=?
Hibernate: 
    select
        u1_0.id,
        u1_0.avatar_url,
        u1_0.email,
        u1_0.password,
        u1_0.username 
    from
        users u1_0 
    where
        u1_0.id=?
2026-05-08T16:13:03.626-07:00 DEBUG 19992 --- [nio-8080-exec-1] org.hibernate.SQL                        : 
    select
        u1_0.id,
        u1_0.avatar_url,
        u1_0.email,
        u1_0.password,
        u1_0.username 
    from
        users u1_0 
    where
        u1_0.id=?
Hibernate: 
    select
        u1_0.id,
        u1_0.avatar_url,
        u1_0.email,
        u1_0.password,
        u1_0.username 
    from
        users u1_0 
    where
        u1_0.id=?
2026-05-08T16:13:03.630-07:00 DEBUG 19992 --- [nio-8080-exec-1] org.hibernate.SQL                        : 
    select
        u1_0.id,
        u1_0.avatar_url,
        u1_0.email,
        u1_0.password,
        u1_0.username 
    from
        users u1_0 
    where
        u1_0.id=?
Hibernate: 
    select
        u1_0.id,
        u1_0.avatar_url,
        u1_0.email,
        u1_0.password,
        u1_0.username 
    from
        users u1_0 
    where
        u1_0.id=?
2026-05-08T16:13:03.632-07:00 DEBUG 19992 --- [nio-8080-exec-1] o.s.w.s.m.m.a.HttpEntityMethodProcessor  : Using 'application/json', given [application/json, text/plain, */*] and supported [application/json, application/*+json]
2026-05-08T16:13:03.633-07:00 DEBUG 19992 --- [nio-8080-exec-1] o.s.w.s.m.m.a.HttpEntityMethodProcessor  : Writing [[UserParticipantDto.Response(userId=1, username=john_doe, avatarUrl=https://example.com/avatar1.jpg, (truncated)...]
2026-05-08T16:13:03.634-07:00 DEBUG 19992 --- [nio-8080-exec-1] o.s.web.servlet.DispatcherServlet        : Completed 200 OK
2026-05-08T16:13:10.277-07:00 DEBUG 19992 --- [nio-8080-exec-2] o.s.web.servlet.DispatcherServlet        : PUT "/api/participants/1/5", parameters={}
2026-05-08T16:13:10.285-07:00 DEBUG 19992 --- [nio-8080-exec-2] s.w.s.m.m.a.RequestMappingHandlerMapping : Mapped to com.example.campconnect_backend.Controllers.UserParticipantController#update(Long, Long, UpdateRequest)
2026-05-08T16:13:10.304-07:00 DEBUG 19992 --- [nio-8080-exec-2] m.m.a.RequestResponseBodyMethodProcessor : Read "application/json;charset=UTF-8" to [UserParticipantDto.UpdateRequest(role=MEMBER, status=ACCEPTED, score=0)]
2026-05-08T16:13:10.306-07:00 DEBUG 19992 --- [nio-8080-exec-2] org.hibernate.SQL                        : 
    select
        up1_0.group_match_id,
        up1_0.user_id,
        up1_0.joined_at,
        up1_0.role,
        up1_0.score,
        up1_0.status 
    from
        user_participant up1_0 
    where
        (
            up1_0.group_match_id, up1_0.user_id
        ) in ((?, ?))
Hibernate: 
    select
        up1_0.group_match_id,
        up1_0.user_id,
        up1_0.joined_at,
        up1_0.role,
        up1_0.score,
        up1_0.status 
    from
        user_participant up1_0 
    where
        (
            up1_0.group_match_id, up1_0.user_id
        ) in ((?, ?))
2026-05-08T16:13:10.310-07:00 DEBUG 19992 --- [nio-8080-exec-2] org.hibernate.SQL                        : 
    select
        u1_0.id,
        u1_0.avatar_url,
        u1_0.email,
        u1_0.password,
        u1_0.username 
    from
        users u1_0 
    where
        u1_0.id=?
Hibernate: 
    select
        u1_0.id,
        u1_0.avatar_url,
        u1_0.email,
        u1_0.password,
        u1_0.username 
    from
        users u1_0 
    where
        u1_0.id=?
2026-05-08T16:13:10.313-07:00 DEBUG 19992 --- [nio-8080-exec-2] org.hibernate.SQL                        : 
    select
        gm1_0.id,
        gm1_0.created_at,
        gm1_0.description,
        gm1_0.latitude,
        gm1_0.location,
        gm1_0.longitude,
        gm1_0.max_participants,
        gm1_0.name,
        gm1_0.scheduled_at,
        gm1_0.skill_level,
        gm1_0.sport 
    from
        group_match gm1_0 
    where
        gm1_0.id=?
Hibernate: 
    select
        gm1_0.id,
        gm1_0.created_at,
        gm1_0.description,
        gm1_0.latitude,
        gm1_0.location,
        gm1_0.longitude,
        gm1_0.max_participants,
        gm1_0.name,
        gm1_0.scheduled_at,
        gm1_0.skill_level,
        gm1_0.sport 
    from
        group_match gm1_0 
    where
        gm1_0.id=?
2026-05-08T16:13:10.316-07:00 DEBUG 19992 --- [nio-8080-exec-2] org.hibernate.SQL                        : 
    update
        user_participant 
    set
        joined_at=?,
        role=?,
        score=?,
        status=? 
    where
        group_match_id=? 
        and user_id=?
Hibernate: 
    update
        user_participant 
    set
        joined_at=?,
        role=?,
        score=?,
        status=? 
    where
        group_match_id=? 
        and user_id=?
2026-05-08T16:13:10.321-07:00 DEBUG 19992 --- [nio-8080-exec-2] o.s.w.s.m.m.a.HttpEntityMethodProcessor  : Using 'application/json', given [application/json, text/plain, */*] and supported [application/json, application/*+json]
2026-05-08T16:13:10.322-07:00 DEBUG 19992 --- [nio-8080-exec-2] o.s.w.s.m.m.a.HttpEntityMethodProcessor  : Writing [UserParticipantDto.Response(userId=1, username=john_doe, avatarUrl=https://example.com/avatar1.jpg,  (truncated)...]
2026-05-08T16:13:10.323-07:00 DEBUG 19992 --- [nio-8080-exec-2] o.s.web.servlet.DispatcherServlet        : Completed 200 OK
2026-05-08T16:13:10.327-07:00 DEBUG 19992 --- [nio-8080-exec-4] o.s.web.servlet.DispatcherServlet        : GET "/api/participants/group/5", parameters={}
2026-05-08T16:13:10.328-07:00 DEBUG 19992 --- [nio-8080-exec-4] s.w.s.m.m.a.RequestMappingHandlerMapping : Mapped to com.example.campconnect_backend.Controllers.UserParticipantController#getByGroup(Long)
2026-05-08T16:13:10.334-07:00 DEBUG 19992 --- [nio-8080-exec-4] org.hibernate.SQL                        : 
    select
        up1_0.group_match_id,
        up1_0.user_id,
        up1_0.joined_at,
        up1_0.role,
        up1_0.score,
        up1_0.status 
    from
        user_participant up1_0 
    left join
        group_match gm1_0 
            on gm1_0.id=up1_0.group_match_id 
    where
        gm1_0.id=?
Hibernate: 
    select
        up1_0.group_match_id,
        up1_0.user_id,
        up1_0.joined_at,
        up1_0.role,
        up1_0.score,
        up1_0.status 
    from
        user_participant up1_0 
    left join
        group_match gm1_0 
            on gm1_0.id=up1_0.group_match_id 
    where
        gm1_0.id=?
2026-05-08T16:13:10.337-07:00 DEBUG 19992 --- [nio-8080-exec-4] org.hibernate.SQL                        : 
    select
        u1_0.id,
        u1_0.avatar_url,
        u1_0.email,
        u1_0.password,
        u1_0.username 
    from
        users u1_0 
    where
        u1_0.id=?
Hibernate: 
    select
        u1_0.id,
        u1_0.avatar_url,
        u1_0.email,
        u1_0.password,
        u1_0.username 
    from
        users u1_0 
    where
        u1_0.id=?
2026-05-08T16:13:10.339-07:00 DEBUG 19992 --- [nio-8080-exec-4] org.hibernate.SQL                        : 
    select
        gm1_0.id,
        gm1_0.created_at,
        gm1_0.description,
        gm1_0.latitude,
        gm1_0.location,
        gm1_0.longitude,
        gm1_0.max_participants,
        gm1_0.name,
        gm1_0.scheduled_at,
        gm1_0.skill_level,
        gm1_0.sport 
    from
        group_match gm1_0 
    where
        gm1_0.id=?
Hibernate: 
    select
        gm1_0.id,
        gm1_0.created_at,
        gm1_0.description,
        gm1_0.latitude,
        gm1_0.location,
        gm1_0.longitude,
        gm1_0.max_participants,
        gm1_0.name,
        gm1_0.scheduled_at,
        gm1_0.skill_level,
        gm1_0.sport 
    from
        group_match gm1_0 
    where
        gm1_0.id=?
2026-05-08T16:13:10.342-07:00 DEBUG 19992 --- [nio-8080-exec-4] org.hibernate.SQL                        : 
    select
        u1_0.id,
        u1_0.avatar_url,
        u1_0.email,
        u1_0.password,
        u1_0.username 
    from
        users u1_0 
    where
        u1_0.id=?
Hibernate: 
    select
        u1_0.id,
        u1_0.avatar_url,
        u1_0.email,
        u1_0.password,
        u1_0.username 
    from
        users u1_0 
    where
        u1_0.id=?
2026-05-08T16:13:10.344-07:00 DEBUG 19992 --- [nio-8080-exec-4] org.hibernate.SQL                        : 
    select
        u1_0.id,
        u1_0.avatar_url,
        u1_0.email,
        u1_0.password,
        u1_0.username 
    from
        users u1_0 
    where
        u1_0.id=?
Hibernate: 
    select
        u1_0.id,
        u1_0.avatar_url,
        u1_0.email,
        u1_0.password,
        u1_0.username 
    from
        users u1_0 
    where
        u1_0.id=?
2026-05-08T16:13:10.346-07:00 DEBUG 19992 --- [nio-8080-exec-4] org.hibernate.SQL                        : 
    select
        u1_0.id,
        u1_0.avatar_url,
        u1_0.email,
        u1_0.password,
        u1_0.username 
    from
        users u1_0 
    where
        u1_0.id=?
Hibernate: 
    select
        u1_0.id,
        u1_0.avatar_url,
        u1_0.email,
        u1_0.password,
        u1_0.username 
    from
        users u1_0 
    where
        u1_0.id=?
2026-05-08T16:13:10.350-07:00 DEBUG 19992 --- [nio-8080-exec-4] o.s.w.s.m.m.a.HttpEntityMethodProcessor  : Using 'application/json', given [application/json, text/plain, */*] and supported [application/json, application/*+json]
2026-05-08T16:13:10.350-07:00 DEBUG 19992 --- [nio-8080-exec-4] o.s.w.s.m.m.a.HttpEntityMethodProcessor  : Writing [[UserParticipantDto.Response(userId=1, username=john_doe, avatarUrl=https://example.com/avatar1.jpg, (truncated)...]
2026-05-08T16:13:10.351-07:00 DEBUG 19992 --- [nio-8080-exec-4] o.s.web.servlet.DispatcherServlet        : Completed 200 OK
2026-05-08T16:13:11.607-07:00 DEBUG 19992 --- [nio-8080-exec-6] o.s.web.servlet.DispatcherServlet        : PUT "/api/participants/7/5", parameters={}
2026-05-08T16:13:11.609-07:00 DEBUG 19992 --- [nio-8080-exec-6] s.w.s.m.m.a.RequestMappingHandlerMapping : Mapped to com.example.campconnect_backend.Controllers.UserParticipantController#update(Long, Long, UpdateRequest)
2026-05-08T16:13:11.610-07:00 DEBUG 19992 --- [nio-8080-exec-6] m.m.a.RequestResponseBodyMethodProcessor : Read "application/json;charset=UTF-8" to [UserParticipantDto.UpdateRequest(role=MEMBER, status=ACCEPTED, score=0)]
2026-05-08T16:13:11.612-07:00 DEBUG 19992 --- [nio-8080-exec-6] org.hibernate.SQL                        : 
    select
        up1_0.group_match_id,
        up1_0.user_id,
        up1_0.joined_at,
        up1_0.role,
        up1_0.score,
        up1_0.status 
    from
        user_participant up1_0 
    where
        (
            up1_0.group_match_id, up1_0.user_id
        ) in ((?, ?))
Hibernate: 
    select
        up1_0.group_match_id,
        up1_0.user_id,
        up1_0.joined_at,
        up1_0.role,
        up1_0.score,
        up1_0.status 
    from
        user_participant up1_0 
    where
        (
            up1_0.group_match_id, up1_0.user_id
        ) in ((?, ?))
2026-05-08T16:13:11.615-07:00 DEBUG 19992 --- [nio-8080-exec-6] org.hibernate.SQL                        : 
    select
        u1_0.id,
        u1_0.avatar_url,
        u1_0.email,
        u1_0.password,
        u1_0.username 
    from
        users u1_0 
    where
        u1_0.id=?
Hibernate: 
    select
        u1_0.id,
        u1_0.avatar_url,
        u1_0.email,
        u1_0.password,
        u1_0.username 
    from
        users u1_0 
    where
        u1_0.id=?
2026-05-08T16:13:11.617-07:00 DEBUG 19992 --- [nio-8080-exec-6] org.hibernate.SQL                        : 
    select
        gm1_0.id,
        gm1_0.created_at,
        gm1_0.description,
        gm1_0.latitude,
        gm1_0.location,
        gm1_0.longitude,
        gm1_0.max_participants,
        gm1_0.name,
        gm1_0.scheduled_at,
        gm1_0.skill_level,
        gm1_0.sport 
    from
        group_match gm1_0 
    where
        gm1_0.id=?
Hibernate: 
    select
        gm1_0.id,
        gm1_0.created_at,
        gm1_0.description,
        gm1_0.latitude,
        gm1_0.location,
        gm1_0.longitude,
        gm1_0.max_participants,
        gm1_0.name,
        gm1_0.scheduled_at,
        gm1_0.skill_level,
        gm1_0.sport 
    from
        group_match gm1_0 
    where
        gm1_0.id=?
2026-05-08T16:13:11.619-07:00 DEBUG 19992 --- [nio-8080-exec-6] org.hibernate.SQL                        : 
    update
        user_participant 
    set
        joined_at=?,
        role=?,
        score=?,
        status=? 
    where
        group_match_id=? 
        and user_id=?
Hibernate: 
    update
        user_participant 
    set
        joined_at=?,
        role=?,
        score=?,
        status=? 
    where
        group_match_id=? 
        and user_id=?
2026-05-08T16:13:11.622-07:00 DEBUG 19992 --- [nio-8080-exec-6] o.s.w.s.m.m.a.HttpEntityMethodProcessor  : Using 'application/json', given [application/json, text/plain, */*] and supported [application/json, application/*+json]
2026-05-08T16:13:11.623-07:00 DEBUG 19992 --- [nio-8080-exec-6] o.s.w.s.m.m.a.HttpEntityMethodProcessor  : Writing [UserParticipantDto.Response(userId=7, username=chris_miller, avatarUrl=https://example.com/avatar7.j (truncated)...]
2026-05-08T16:13:11.624-07:00 DEBUG 19992 --- [nio-8080-exec-6] o.s.web.servlet.DispatcherServlet        : Completed 200 OK
2026-05-08T16:13:11.627-07:00 DEBUG 19992 --- [nio-8080-exec-7] o.s.web.servlet.DispatcherServlet        : GET "/api/participants/group/5", parameters={}
2026-05-08T16:13:11.628-07:00 DEBUG 19992 --- [nio-8080-exec-7] s.w.s.m.m.a.RequestMappingHandlerMapping : Mapped to com.example.campconnect_backend.Controllers.UserParticipantController#getByGroup(Long)
2026-05-08T16:13:11.632-07:00 DEBUG 19992 --- [nio-8080-exec-7] org.hibernate.SQL                        : 
    select
        up1_0.group_match_id,
        up1_0.user_id,
        up1_0.joined_at,
        up1_0.role,
        up1_0.score,
        up1_0.status 
    from
        user_participant up1_0 
    left join
        group_match gm1_0 
            on gm1_0.id=up1_0.group_match_id 
    where
        gm1_0.id=?
Hibernate: 
    select
        up1_0.group_match_id,
        up1_0.user_id,
        up1_0.joined_at,
        up1_0.role,
        up1_0.score,
        up1_0.status 
    from
        user_participant up1_0 
    left join
        group_match gm1_0 
            on gm1_0.id=up1_0.group_match_id 
    where
        gm1_0.id=?
2026-05-08T16:13:11.635-07:00 DEBUG 19992 --- [nio-8080-exec-7] org.hibernate.SQL                        : 
    select
        u1_0.id,
        u1_0.avatar_url,
        u1_0.email,
        u1_0.password,
        u1_0.username 
    from
        users u1_0 
    where
        u1_0.id=?
Hibernate: 
    select
        u1_0.id,
        u1_0.avatar_url,
        u1_0.email,
        u1_0.password,
        u1_0.username 
    from
        users u1_0 
    where
        u1_0.id=?
2026-05-08T16:13:11.637-07:00 DEBUG 19992 --- [nio-8080-exec-7] org.hibernate.SQL                        : 
    select
        gm1_0.id,
        gm1_0.created_at,
        gm1_0.description,
        gm1_0.latitude,
        gm1_0.location,
        gm1_0.longitude,
        gm1_0.max_participants,
        gm1_0.name,
        gm1_0.scheduled_at,
        gm1_0.skill_level,
        gm1_0.sport 
    from
        group_match gm1_0 
    where
        gm1_0.id=?
Hibernate: 
    select
        gm1_0.id,
        gm1_0.created_at,
        gm1_0.description,
        gm1_0.latitude,
        gm1_0.location,
        gm1_0.longitude,
        gm1_0.max_participants,
        gm1_0.name,
        gm1_0.scheduled_at,
        gm1_0.skill_level,
        gm1_0.sport 
    from
        group_match gm1_0 
    where
        gm1_0.id=?
2026-05-08T16:13:11.641-07:00 DEBUG 19992 --- [nio-8080-exec-7] org.hibernate.SQL                        : 
    select
        u1_0.id,
        u1_0.avatar_url,
        u1_0.email,
        u1_0.password,
        u1_0.username 
    from
        users u1_0 
    where
        u1_0.id=?
Hibernate: 
    select
        u1_0.id,
        u1_0.avatar_url,
        u1_0.email,
        u1_0.password,
        u1_0.username 
    from
        users u1_0 
    where
        u1_0.id=?
2026-05-08T16:13:11.643-07:00 DEBUG 19992 --- [nio-8080-exec-7] org.hibernate.SQL                        : 
    select
        u1_0.id,
        u1_0.avatar_url,
        u1_0.email,
        u1_0.password,
        u1_0.username 
    from
        users u1_0 
    where
        u1_0.id=?
Hibernate: 
    select
        u1_0.id,
        u1_0.avatar_url,
        u1_0.email,
        u1_0.password,
        u1_0.username 
    from
        users u1_0 
    where
        u1_0.id=?
2026-05-08T16:13:11.645-07:00 DEBUG 19992 --- [nio-8080-exec-7] org.hibernate.SQL                        : 
    select
        u1_0.id,
        u1_0.avatar_url,
        u1_0.email,
        u1_0.password,
        u1_0.username 
    from
        users u1_0 
    where
        u1_0.id=?
Hibernate: 
    select
        u1_0.id,
        u1_0.avatar_url,
        u1_0.email,
        u1_0.password,
        u1_0.username 
    from
        users u1_0 
    where
        u1_0.id=?
2026-05-08T16:13:11.648-07:00 DEBUG 19992 --- [nio-8080-exec-7] o.s.w.s.m.m.a.HttpEntityMethodProcessor  : Using 'application/json', given [application/json, text/plain, */*] and supported [application/json, application/*+json]
2026-05-08T16:13:11.649-07:00 DEBUG 19992 --- [nio-8080-exec-7] o.s.w.s.m.m.a.HttpEntityMethodProcessor  : Writing [[UserParticipantDto.Response(userId=1, username=john_doe, avatarUrl=https://example.com/avatar1.jpg, (truncated)...]
2026-05-08T16:13:11.650-07:00 DEBUG 19992 --- [nio-8080-exec-7] o.s.web.servlet.DispatcherServlet        : Completed 200 OK
2026-05-08T16:13:16.957-07:00 DEBUG 19992 --- [nio-8080-exec-8] o.s.web.servlet.DispatcherServlet        : GET "/api/groups/5", parameters={}
2026-05-08T16:13:16.958-07:00 DEBUG 19992 --- [nio-8080-exec-8] s.w.s.m.m.a.RequestMappingHandlerMapping : Mapped to com.example.campconnect_backend.Controllers.GroupMatchController#getById(Long)
2026-05-08T16:13:16.968-07:00 DEBUG 19992 --- [nio-8080-exec-8] org.hibernate.SQL                        : 
    select
        gm1_0.id,
        gm1_0.created_at,
        gm1_0.description,
        gm1_0.latitude,
        gm1_0.location,
        gm1_0.longitude,
        gm1_0.max_participants,
        gm1_0.name,
        gm1_0.scheduled_at,
        gm1_0.skill_level,
        gm1_0.sport 
    from
        group_match gm1_0 
    where
        gm1_0.id=?
Hibernate: 
    select
        gm1_0.id,
        gm1_0.created_at,
        gm1_0.description,
        gm1_0.latitude,
        gm1_0.location,
        gm1_0.longitude,
        gm1_0.max_participants,
        gm1_0.name,
        gm1_0.scheduled_at,
        gm1_0.skill_level,
        gm1_0.sport 
    from
        group_match gm1_0 
    where
        gm1_0.id=?
2026-05-08T16:13:16.974-07:00 DEBUG 19992 --- [nio-8080-exec-8] org.hibernate.SQL                        : 
    select
        count(*) 
    from
        user_participant up1_0 
    where
        up1_0.group_match_id=? 
        and up1_0.status='ACCEPTED'
Hibernate: 
    select
        count(*) 
    from
        user_participant up1_0 
    where
        up1_0.group_match_id=? 
        and up1_0.status='ACCEPTED'
2026-05-08T16:13:16.978-07:00 DEBUG 19992 --- [nio-8080-exec-8] o.s.w.s.m.m.a.HttpEntityMethodProcessor  : Using 'application/json', given [application/json, text/plain, */*] and supported [application/json, application/*+json]
2026-05-08T16:13:16.979-07:00 DEBUG 19992 --- [nio-8080-exec-8] o.s.w.s.m.m.a.HttpEntityMethodProcessor  : Writing [GroupMatchDto.Response(id=5, name=Volleyball Beach Day, description=Beach volleyball for intermediat (truncated)...]
2026-05-08T16:13:16.981-07:00 DEBUG 19992 --- [nio-8080-exec-8] o.s.web.servlet.DispatcherServlet        : Completed 200 OK
2026-05-08T16:13:21.451-07:00 DEBUG 19992 --- [nio-8080-exec-5] o.s.web.servlet.DispatcherServlet        : GET "/api/groups/5", parameters={}
2026-05-08T16:13:21.452-07:00 DEBUG 19992 --- [nio-8080-exec-5] s.w.s.m.m.a.RequestMappingHandlerMapping : Mapped to com.example.campconnect_backend.Controllers.GroupMatchController#getById(Long)
2026-05-08T16:13:21.455-07:00 DEBUG 19992 --- [nio-8080-exec-5] org.hibernate.SQL                        : 
    select
        gm1_0.id,
        gm1_0.created_at,
        gm1_0.description,
        gm1_0.latitude,
        gm1_0.location,
        gm1_0.longitude,
        gm1_0.max_participants,
        gm1_0.name,
        gm1_0.scheduled_at,
        gm1_0.skill_level,
        gm1_0.sport 
    from
        group_match gm1_0 
    where
        gm1_0.id=?
Hibernate: 
    select
        gm1_0.id,
        gm1_0.created_at,
        gm1_0.description,
        gm1_0.latitude,
        gm1_0.location,
        gm1_0.longitude,
        gm1_0.max_participants,
        gm1_0.name,
        gm1_0.scheduled_at,
        gm1_0.skill_level,
        gm1_0.sport 
    from
        group_match gm1_0 
    where
        gm1_0.id=?
2026-05-08T16:13:21.457-07:00 DEBUG 19992 --- [nio-8080-exec-5] org.hibernate.SQL                        : 
    select
        count(*) 
    from
        user_participant up1_0 
    where
        up1_0.group_match_id=? 
        and up1_0.status='ACCEPTED'
Hibernate: 
    select
        count(*) 
    from
        user_participant up1_0 
    where
        up1_0.group_match_id=? 
        and up1_0.status='ACCEPTED'
2026-05-08T16:13:21.460-07:00 DEBUG 19992 --- [nio-8080-exec-5] o.s.w.s.m.m.a.HttpEntityMethodProcessor  : Using 'application/json', given [application/json, text/plain, */*] and supported [application/json, application/*+json]
2026-05-08T16:13:21.460-07:00 DEBUG 19992 --- [nio-8080-exec-5] o.s.w.s.m.m.a.HttpEntityMethodProcessor  : Writing [GroupMatchDto.Response(id=5, name=Volleyball Beach Day, description=Beach volleyball for intermediat (truncated)...]
2026-05-08T16:13:21.461-07:00 DEBUG 19992 --- [nio-8080-exec-5] o.s.web.servlet.DispatcherServlet        : Completed 200 OK
2026-05-08T16:13:21.465-07:00 DEBUG 19992 --- [io-8080-exec-10] o.s.web.servlet.DispatcherServlet        : GET "/api/participants/group/5", parameters={}
2026-05-08T16:13:21.466-07:00 DEBUG 19992 --- [io-8080-exec-10] s.w.s.m.m.a.RequestMappingHandlerMapping : Mapped to com.example.campconnect_backend.Controllers.UserParticipantController#getByGroup(Long)
2026-05-08T16:13:21.469-07:00 DEBUG 19992 --- [io-8080-exec-10] org.hibernate.SQL                        : 
    select
        up1_0.group_match_id,
        up1_0.user_id,
        up1_0.joined_at,
        up1_0.role,
        up1_0.score,
        up1_0.status 
    from
        user_participant up1_0 
    left join
        group_match gm1_0 
            on gm1_0.id=up1_0.group_match_id 
    where
        gm1_0.id=?
Hibernate: 
    select
        up1_0.group_match_id,
        up1_0.user_id,
        up1_0.joined_at,
        up1_0.role,
        up1_0.score,
        up1_0.status 
    from
        user_participant up1_0 
    left join
        group_match gm1_0 
            on gm1_0.id=up1_0.group_match_id 
    where
        gm1_0.id=?
2026-05-08T16:13:21.473-07:00 DEBUG 19992 --- [io-8080-exec-10] org.hibernate.SQL                        : 
    select
        u1_0.id,
        u1_0.avatar_url,
        u1_0.email,
        u1_0.password,
        u1_0.username 
    from
        users u1_0 
    where
        u1_0.id=?
Hibernate: 
    select
        u1_0.id,
        u1_0.avatar_url,
        u1_0.email,
        u1_0.password,
        u1_0.username 
    from
        users u1_0 
    where
        u1_0.id=?
2026-05-08T16:13:21.475-07:00 DEBUG 19992 --- [io-8080-exec-10] org.hibernate.SQL                        : 
    select
        gm1_0.id,
        gm1_0.created_at,
        gm1_0.description,
        gm1_0.latitude,
        gm1_0.location,
        gm1_0.longitude,
        gm1_0.max_participants,
        gm1_0.name,
        gm1_0.scheduled_at,
        gm1_0.skill_level,
        gm1_0.sport 
    from
        group_match gm1_0 
    where
        gm1_0.id=?
Hibernate: 
    select
        gm1_0.id,
        gm1_0.created_at,
        gm1_0.description,
        gm1_0.latitude,
        gm1_0.location,
        gm1_0.longitude,
        gm1_0.max_participants,
        gm1_0.name,
        gm1_0.scheduled_at,
        gm1_0.skill_level,
        gm1_0.sport 
    from
        group_match gm1_0 
    where
        gm1_0.id=?
2026-05-08T16:13:21.477-07:00 DEBUG 19992 --- [io-8080-exec-10] org.hibernate.SQL                        : 
    select
        u1_0.id,
        u1_0.avatar_url,
        u1_0.email,
        u1_0.password,
        u1_0.username 
    from
        users u1_0 
    where
        u1_0.id=?
Hibernate: 
    select
        u1_0.id,
        u1_0.avatar_url,
        u1_0.email,
        u1_0.password,
        u1_0.username 
    from
        users u1_0 
    where
        u1_0.id=?
2026-05-08T16:13:21.484-07:00 DEBUG 19992 --- [io-8080-exec-10] org.hibernate.SQL                        : 
    select
        u1_0.id,
        u1_0.avatar_url,
        u1_0.email,
        u1_0.password,
        u1_0.username 
    from
        users u1_0 
    where
        u1_0.id=?
Hibernate: 
    select
        u1_0.id,
        u1_0.avatar_url,
        u1_0.email,
        u1_0.password,
        u1_0.username 
    from
        users u1_0 
    where
        u1_0.id=?
2026-05-08T16:13:21.486-07:00 DEBUG 19992 --- [io-8080-exec-10] org.hibernate.SQL                        : 
    select
        u1_0.id,
        u1_0.avatar_url,
        u1_0.email,
        u1_0.password,
        u1_0.username 
    from
        users u1_0 
    where
        u1_0.id=?
Hibernate: 
    select
        u1_0.id,
        u1_0.avatar_url,
        u1_0.email,
        u1_0.password,
        u1_0.username 
    from
        users u1_0 
    where
        u1_0.id=?
2026-05-08T16:13:21.489-07:00 DEBUG 19992 --- [io-8080-exec-10] o.s.w.s.m.m.a.HttpEntityMethodProcessor  : Using 'application/json', given [application/json, text/plain, */*] and supported [application/json, application/*+json]
2026-05-08T16:13:21.490-07:00 DEBUG 19992 --- [io-8080-exec-10] o.s.w.s.m.m.a.HttpEntityMethodProcessor  : Writing [[UserParticipantDto.Response(userId=1, username=john_doe, avatarUrl=https://example.com/avatar1.jpg, (truncated)...]
2026-05-08T16:13:21.491-07:00 DEBUG 19992 --- [io-8080-exec-10] o.s.web.servlet.DispatcherServlet        : Completed 200 OK
2026-05-08T16:13:23.973-07:00 DEBUG 19992 --- [nio-8080-exec-1] o.s.web.servlet.DispatcherServlet        : GET "/api/groups", parameters={}
2026-05-08T16:13:23.980-07:00 DEBUG 19992 --- [nio-8080-exec-3] o.s.web.servlet.DispatcherServlet        : GET "/api/participants/user/5", parameters={}
2026-05-08T16:13:23.986-07:00 DEBUG 19992 --- [nio-8080-exec-1] s.w.s.m.m.a.RequestMappingHandlerMapping : Mapped to com.example.campconnect_backend.Controllers.GroupMatchController#getAll()
2026-05-08T16:13:24.000-07:00 DEBUG 19992 --- [nio-8080-exec-3] s.w.s.m.m.a.RequestMappingHandlerMapping : Mapped to com.example.campconnect_backend.Controllers.UserParticipantController#getByUser(Long)
2026-05-08T16:13:24.075-07:00 DEBUG 19992 --- [nio-8080-exec-3] org.hibernate.SQL                        : 
    select
        up1_0.group_match_id,
        up1_0.user_id,
        up1_0.joined_at,
        up1_0.role,
        up1_0.score,
        up1_0.status 
    from
        user_participant up1_0 
    left join
        users u1_0 
            on u1_0.id=up1_0.user_id 
    where
        u1_0.id=?
Hibernate: 
    select
        up1_0.group_match_id,
        up1_0.user_id,
        up1_0.joined_at,
        up1_0.role,
        up1_0.score,
        up1_0.status 
    from
        user_participant up1_0 
    left join
        users u1_0 
            on u1_0.id=up1_0.user_id 
    where
        u1_0.id=?
2026-05-08T16:13:24.870-07:00 DEBUG 19992 --- [nio-8080-exec-1] org.hibernate.SQL                        : 
    select
        gm1_0.id,
        gm1_0.created_at,
        gm1_0.description,
        gm1_0.latitude,
        gm1_0.location,
        gm1_0.longitude,
        gm1_0.max_participants,
        gm1_0.name,
        gm1_0.scheduled_at,
        gm1_0.skill_level,
        gm1_0.sport 
    from
        group_match gm1_0
Hibernate: 
    select
        gm1_0.id,
        gm1_0.created_at,
        gm1_0.description,
        gm1_0.latitude,
        gm1_0.location,
        gm1_0.longitude,
        gm1_0.max_participants,
        gm1_0.name,
        gm1_0.scheduled_at,
        gm1_0.skill_level,
        gm1_0.sport 
    from
        group_match gm1_0
2026-05-08T16:13:24.877-07:00 DEBUG 19992 --- [nio-8080-exec-3] org.hibernate.SQL                        : 
    select
        u1_0.id,
        u1_0.avatar_url,
        u1_0.email,
        u1_0.password,
        u1_0.username 
    from
        users u1_0 
    where
        u1_0.id=?
Hibernate: 
    select
        u1_0.id,
        u1_0.avatar_url,
        u1_0.email,
        u1_0.password,
        u1_0.username 
    from
        users u1_0 
    where
        u1_0.id=?
2026-05-08T16:13:24.905-07:00 DEBUG 19992 --- [nio-8080-exec-1] org.hibernate.SQL                        : 
    select
        count(*) 
    from
        user_participant up1_0 
    where
        up1_0.group_match_id=? 
        and up1_0.status='ACCEPTED'
Hibernate: 
    select
        count(*) 
    from
        user_participant up1_0 
    where
        up1_0.group_match_id=? 
        and up1_0.status='ACCEPTED'
2026-05-08T16:13:24.918-07:00 DEBUG 19992 --- [nio-8080-exec-3] org.hibernate.SQL                        : 
    select
        gm1_0.id,
        gm1_0.created_at,
        gm1_0.description,
        gm1_0.latitude,
        gm1_0.location,
        gm1_0.longitude,
        gm1_0.max_participants,
        gm1_0.name,
        gm1_0.scheduled_at,
        gm1_0.skill_level,
        gm1_0.sport 
    from
        group_match gm1_0 
    where
        gm1_0.id=?
Hibernate: 
    select
        gm1_0.id,
        gm1_0.created_at,
        gm1_0.description,
        gm1_0.latitude,
        gm1_0.location,
        gm1_0.longitude,
        gm1_0.max_participants,
        gm1_0.name,
        gm1_0.scheduled_at,
        gm1_0.skill_level,
        gm1_0.sport 
    from
        group_match gm1_0 
    where
        gm1_0.id=?
2026-05-08T16:13:24.941-07:00 DEBUG 19992 --- [nio-8080-exec-1] org.hibernate.SQL                        : 
    select
        count(*) 
    from
        user_participant up1_0 
    where
        up1_0.group_match_id=? 
        and up1_0.status='ACCEPTED'
Hibernate: 
    select
        count(*) 
    from
        user_participant up1_0 
    where
        up1_0.group_match_id=? 
        and up1_0.status='ACCEPTED'
2026-05-08T16:13:24.981-07:00 DEBUG 19992 --- [nio-8080-exec-3] o.s.w.s.m.m.a.HttpEntityMethodProcessor  : Using 'application/json', given [application/json, text/plain, */*] and supported [application/json, application/*+json]
2026-05-08T16:13:25.032-07:00 DEBUG 19992 --- [nio-8080-exec-1] org.hibernate.SQL                        : 
    select
        count(*) 
    from
        user_participant up1_0 
    where
        up1_0.group_match_id=? 
        and up1_0.status='ACCEPTED'
Hibernate: 
    select
        count(*) 
    from
        user_participant up1_0 
    where
        up1_0.group_match_id=? 
        and up1_0.status='ACCEPTED'
2026-05-08T16:13:25.048-07:00 DEBUG 19992 --- [nio-8080-exec-3] o.s.w.s.m.m.a.HttpEntityMethodProcessor  : Writing [[UserParticipantDto.Response(userId=5, username=alex_brown, avatarUrl=https://example.com/avatar5.jp (truncated)...]
2026-05-08T16:13:25.085-07:00 DEBUG 19992 --- [nio-8080-exec-1] org.hibernate.SQL                        : 
    select
        count(*) 
    from
        user_participant up1_0 
    where
        up1_0.group_match_id=? 
        and up1_0.status='ACCEPTED'
Hibernate: 
    select
        count(*) 
    from
        user_participant up1_0 
    where
        up1_0.group_match_id=? 
        and up1_0.status='ACCEPTED'
2026-05-08T16:13:25.091-07:00 DEBUG 19992 --- [nio-8080-exec-3] o.s.web.servlet.DispatcherServlet        : Completed 200 OK
2026-05-08T16:13:25.107-07:00 DEBUG 19992 --- [nio-8080-exec-1] org.hibernate.SQL                        : 
    select
        count(*) 
    from
        user_participant up1_0 
    where
        up1_0.group_match_id=? 
        and up1_0.status='ACCEPTED'
Hibernate: 
    select
        count(*) 
    from
        user_participant up1_0 
    where
        up1_0.group_match_id=? 
        and up1_0.status='ACCEPTED'
2026-05-08T16:13:25.167-07:00 DEBUG 19992 --- [nio-8080-exec-1] o.s.w.s.m.m.a.HttpEntityMethodProcessor  : Using 'application/json', given [application/json, text/plain, */*] and supported [application/json, application/*+json]
2026-05-08T16:13:25.193-07:00 DEBUG 19992 --- [nio-8080-exec-1] o.s.w.s.m.m.a.HttpEntityMethodProcessor  : Writing [[GroupMatchDto.Response(id=1, name=Football Match Downtown, description=Casual football game in the  (truncated)...]
2026-05-08T16:13:25.202-07:00 DEBUG 19992 --- [nio-8080-exec-1] o.s.web.servlet.DispatcherServlet        : Completed 200 OK
2026-05-08T16:13:25.365-07:00 DEBUG 19992 --- [nio-8080-exec-2] o.s.web.servlet.DispatcherServlet        : GET "/api/participants/group/5", parameters={}
2026-05-08T16:13:25.400-07:00 DEBUG 19992 --- [nio-8080-exec-2] s.w.s.m.m.a.RequestMappingHandlerMapping : Mapped to com.example.campconnect_backend.Controllers.UserParticipantController#getByGroup(Long)
2026-05-08T16:13:25.428-07:00 DEBUG 19992 --- [nio-8080-exec-2] org.hibernate.SQL                        : 
    select
        up1_0.group_match_id,
        up1_0.user_id,
        up1_0.joined_at,
        up1_0.role,
        up1_0.score,
        up1_0.status 
    from
        user_participant up1_0 
    left join
        group_match gm1_0 
            on gm1_0.id=up1_0.group_match_id 
    where
        gm1_0.id=?
Hibernate: 
    select
        up1_0.group_match_id,
        up1_0.user_id,
        up1_0.joined_at,
        up1_0.role,
        up1_0.score,
        up1_0.status 
    from
        user_participant up1_0 
    left join
        group_match gm1_0 
            on gm1_0.id=up1_0.group_match_id 
    where
        gm1_0.id=?
2026-05-08T16:13:25.455-07:00 DEBUG 19992 --- [nio-8080-exec-2] org.hibernate.SQL                        : 
    select
        u1_0.id,
        u1_0.avatar_url,
        u1_0.email,
        u1_0.password,
        u1_0.username 
    from
        users u1_0 
    where
        u1_0.id=?
Hibernate: 
    select
        u1_0.id,
        u1_0.avatar_url,
        u1_0.email,
        u1_0.password,
        u1_0.username 
    from
        users u1_0 
    where
        u1_0.id=?
2026-05-08T16:13:25.481-07:00 DEBUG 19992 --- [nio-8080-exec-2] org.hibernate.SQL                        : 
    select
        gm1_0.id,
        gm1_0.created_at,
        gm1_0.description,
        gm1_0.latitude,
        gm1_0.location,
        gm1_0.longitude,
        gm1_0.max_participants,
        gm1_0.name,
        gm1_0.scheduled_at,
        gm1_0.skill_level,
        gm1_0.sport 
    from
        group_match gm1_0 
    where
        gm1_0.id=?
Hibernate: 
    select
        gm1_0.id,
        gm1_0.created_at,
        gm1_0.description,
        gm1_0.latitude,
        gm1_0.location,
        gm1_0.longitude,
        gm1_0.max_participants,
        gm1_0.name,
        gm1_0.scheduled_at,
        gm1_0.skill_level,
        gm1_0.sport 
    from
        group_match gm1_0 
    where
        gm1_0.id=?
2026-05-08T16:13:25.505-07:00 DEBUG 19992 --- [nio-8080-exec-2] org.hibernate.SQL                        : 
    select
        u1_0.id,
        u1_0.avatar_url,
        u1_0.email,
        u1_0.password,
        u1_0.username 
    from
        users u1_0 
    where
        u1_0.id=?
Hibernate: 
    select
        u1_0.id,
        u1_0.avatar_url,
        u1_0.email,
        u1_0.password,
        u1_0.username 
    from
        users u1_0 
    where
        u1_0.id=?
2026-05-08T16:13:25.563-07:00 DEBUG 19992 --- [nio-8080-exec-2] org.hibernate.SQL                        : 
    select
        u1_0.id,
        u1_0.avatar_url,
        u1_0.email,
        u1_0.password,
        u1_0.username 
    from
        users u1_0 
    where
        u1_0.id=?
Hibernate: 
    select
        u1_0.id,
        u1_0.avatar_url,
        u1_0.email,
        u1_0.password,
        u1_0.username 
    from
        users u1_0 
    where
        u1_0.id=?
2026-05-08T16:13:25.620-07:00 DEBUG 19992 --- [nio-8080-exec-2] org.hibernate.SQL                        : 
    select
        u1_0.id,
        u1_0.avatar_url,
        u1_0.email,
        u1_0.password,
        u1_0.username 
    from
        users u1_0 
    where
        u1_0.id=?
Hibernate: 
    select
        u1_0.id,
        u1_0.avatar_url,
        u1_0.email,
        u1_0.password,
        u1_0.username 
    from
        users u1_0 
    where
        u1_0.id=?
2026-05-08T16:13:25.667-07:00 DEBUG 19992 --- [nio-8080-exec-2] o.s.w.s.m.m.a.HttpEntityMethodProcessor  : Using 'application/json', given [application/json, text/plain, */*] and supported [application/json, application/*+json]
2026-05-08T16:13:25.682-07:00 DEBUG 19992 --- [nio-8080-exec-2] o.s.w.s.m.m.a.HttpEntityMethodProcessor  : Writing [[UserParticipantDto.Response(userId=1, username=john_doe, avatarUrl=https://example.com/avatar1.jpg, (truncated)...]
2026-05-08T16:13:25.694-07:00 DEBUG 19992 --- [nio-8080-exec-2] o.s.web.servlet.DispatcherServlet        : Completed 200 OK
2026-05-08T16:13:37.479-07:00 DEBUG 19992 --- [nio-8080-exec-4] o.s.web.servlet.DispatcherServlet        : GET "/api/users", parameters={}
2026-05-08T16:13:37.521-07:00 DEBUG 19992 --- [nio-8080-exec-4] s.w.s.m.m.a.RequestMappingHandlerMapping : Mapped to com.example.campconnect_backend.Controllers.UserController#getAll()
2026-05-08T16:13:37.552-07:00 DEBUG 19992 --- [nio-8080-exec-4] org.hibernate.SQL                        : 
    select
        u1_0.id,
        u1_0.avatar_url,
        u1_0.email,
        u1_0.password,
        u1_0.username 
    from
        users u1_0
Hibernate: 
    select
        u1_0.id,
        u1_0.avatar_url,
        u1_0.email,
        u1_0.password,
        u1_0.username 
    from
        users u1_0
2026-05-08T16:13:37.570-07:00 DEBUG 19992 --- [nio-8080-exec-4] o.s.w.s.m.m.a.HttpEntityMethodProcessor  : Using 'application/json', given [application/json, text/plain, */*] and supported [application/json, application/*+json]
2026-05-08T16:13:37.599-07:00 DEBUG 19992 --- [nio-8080-exec-4] o.s.w.s.m.m.a.HttpEntityMethodProcessor  : Writing [[UserDto.Response(id=1, username=john_doe, email=john@example.com, avatarUrl=https://example.com/ava (truncated)...]
2026-05-08T16:13:37.625-07:00 DEBUG 19992 --- [nio-8080-exec-4] o.s.web.servlet.DispatcherServlet        : Completed 200 OK
2026-05-08T16:13:37.649-07:00 DEBUG 19992 --- [nio-8080-exec-9] o.s.web.servlet.DispatcherServlet        : GET "/api/messages/conversation/5/2", parameters={}
2026-05-08T16:13:37.663-07:00 DEBUG 19992 --- [nio-8080-exec-9] s.w.s.m.m.a.RequestMappingHandlerMapping : Mapped to com.example.campconnect_backend.Controllers.MessageController#getConversation(Long, Long)
2026-05-08T16:13:37.674-07:00 DEBUG 19992 --- [nio-8080-exec-9] org.hibernate.SQL                        : 
    select
        m1_0.id,
        m1_0.content,
        m1_0.group_match_id,
        m1_0.is_read,
        m1_0.receiver_id,
        m1_0.sender_id,
        m1_0.sent_at 
    from
        messages m1_0 
    where
        (
            m1_0.sender_id=? 
            and m1_0.receiver_id=?
        ) 
        or (
            m1_0.sender_id=? 
            and m1_0.receiver_id=?
        ) 
    order by
        m1_0.sent_at
Hibernate: 
    select
        m1_0.id,
        m1_0.content,
        m1_0.group_match_id,
        m1_0.is_read,
        m1_0.receiver_id,
        m1_0.sender_id,
        m1_0.sent_at 
    from
        messages m1_0 
    where
        (
            m1_0.sender_id=? 
            and m1_0.receiver_id=?
        ) 
        or (
            m1_0.sender_id=? 
            and m1_0.receiver_id=?
        ) 
    order by
        m1_0.sent_at
2026-05-08T16:13:37.711-07:00 DEBUG 19992 --- [nio-8080-exec-9] o.s.w.s.m.m.a.HttpEntityMethodProcessor  : Using 'application/json', given [application/json, text/plain, */*] and supported [application/json, application/*+json]
2026-05-08T16:13:37.730-07:00 DEBUG 19992 --- [nio-8080-exec-9] o.s.w.s.m.m.a.HttpEntityMethodProcessor  : Writing [[]]
2026-05-08T16:13:37.750-07:00 DEBUG 19992 --- [nio-8080-exec-9] o.s.web.servlet.DispatcherServlet        : Completed 200 OK
2026-05-08T16:13:41.449-07:00 DEBUG 19992 --- [nio-8080-exec-6] o.s.web.servlet.DispatcherServlet        : GET "/api/messages/conversation/5/2", parameters={}
2026-05-08T16:13:42.399-07:00 DEBUG 19992 --- [nio-8080-exec-6] s.w.s.m.m.a.RequestMappingHandlerMapping : Mapped to com.example.campconnect_backend.Controllers.MessageController#getConversation(Long, Long)
2026-05-08T16:13:42.430-07:00 DEBUG 19992 --- [nio-8080-exec-6] org.hibernate.SQL                        : 
    select
        m1_0.id,
        m1_0.content,
        m1_0.group_match_id,
        m1_0.is_read,
        m1_0.receiver_id,
        m1_0.sender_id,
        m1_0.sent_at 
    from
        messages m1_0 
    where
        (
            m1_0.sender_id=? 
            and m1_0.receiver_id=?
        ) 
        or (
            m1_0.sender_id=? 
            and m1_0.receiver_id=?
        ) 
    order by
        m1_0.sent_at
Hibernate: 
    select
        m1_0.id,
        m1_0.content,
        m1_0.group_match_id,
        m1_0.is_read,
        m1_0.receiver_id,
        m1_0.sender_id,
        m1_0.sent_at 
    from
        messages m1_0 
    where
        (
            m1_0.sender_id=? 
            and m1_0.receiver_id=?
        ) 
        or (
            m1_0.sender_id=? 
            and m1_0.receiver_id=?
        ) 
    order by
        m1_0.sent_at
2026-05-08T16:13:42.438-07:00 DEBUG 19992 --- [nio-8080-exec-6] o.s.w.s.m.m.a.HttpEntityMethodProcessor  : Using 'application/json', given [application/json, text/plain, */*] and supported [application/json, application/*+json]
2026-05-08T16:13:42.439-07:00 DEBUG 19992 --- [nio-8080-exec-6] o.s.w.s.m.m.a.HttpEntityMethodProcessor  : Writing [[]]
2026-05-08T16:13:42.440-07:00 DEBUG 19992 --- [nio-8080-exec-6] o.s.web.servlet.DispatcherServlet        : Completed 200 OK
2026-05-08T16:13:44.710-07:00 DEBUG 19992 --- [nio-8080-exec-8] o.s.web.servlet.DispatcherServlet        : POST "/api/messages/private", parameters={}
2026-05-08T16:13:44.711-07:00 DEBUG 19992 --- [nio-8080-exec-8] s.w.s.m.m.a.RequestMappingHandlerMapping : Mapped to com.example.campconnect_backend.Controllers.MessageController#sendPrivate(WsPayload)
2026-05-08T16:13:44.712-07:00 DEBUG 19992 --- [nio-8080-exec-8] m.m.a.RequestResponseBodyMethodProcessor : Read "application/json;charset=UTF-8" to [MessageDto.WsPayload(senderId=5, receiverId=2, groupMatchId=null, content=Hello jane)]
2026-05-08T16:13:44.714-07:00 DEBUG 19992 --- [nio-8080-exec-8] org.hibernate.SQL                        : 
    select
        u1_0.id,
        u1_0.avatar_url,
        u1_0.email,
        u1_0.password,
        u1_0.username 
    from
        users u1_0 
    where
        u1_0.id=?
Hibernate: 
    select
        u1_0.id,
        u1_0.avatar_url,
        u1_0.email,
        u1_0.password,
        u1_0.username 
    from
        users u1_0 
    where
        u1_0.id=?
2026-05-08T16:13:44.716-07:00 DEBUG 19992 --- [nio-8080-exec-8] org.hibernate.SQL                        : 
    select
        u1_0.id,
        u1_0.avatar_url,
        u1_0.email,
        u1_0.password,
        u1_0.username 
    from
        users u1_0 
    where
        u1_0.id=?
Hibernate: 
    select
        u1_0.id,
        u1_0.avatar_url,
        u1_0.email,
        u1_0.password,
        u1_0.username 
    from
        users u1_0 
    where
        u1_0.id=?
2026-05-08T16:13:44.721-07:00 DEBUG 19992 --- [nio-8080-exec-8] org.hibernate.SQL                        : 
    insert 
    into
        messages
        (content, group_match_id, is_read, receiver_id, sender_id, sent_at) 
    values
        (?, ?, ?, ?, ?, ?)
Hibernate: 
    insert 
    into
        messages
        (content, group_match_id, is_read, receiver_id, sender_id, sent_at) 
    values
        (?, ?, ?, ?, ?, ?)
2026-05-08T16:13:44.726-07:00 DEBUG 19992 --- [nio-8080-exec-8] o.s.w.s.m.m.a.HttpEntityMethodProcessor  : Using 'application/json', given [application/json, text/plain, */*] and supported [application/json, application/*+json]
2026-05-08T16:13:44.726-07:00 DEBUG 19992 --- [nio-8080-exec-8] o.s.w.s.m.m.a.HttpEntityMethodProcessor  : Writing [MessageDto.Response(id=17, content=Hello jane, sentAt=2026-05-08T16:13:44.721777800, senderId=5, sen (truncated)...]
2026-05-08T16:13:44.727-07:00 DEBUG 19992 --- [nio-8080-exec-8] o.s.web.servlet.DispatcherServlet        : Completed 201 CREATED
2026-05-08T16:13:44.731-07:00 DEBUG 19992 --- [nio-8080-exec-5] o.s.web.servlet.DispatcherServlet        : GET "/api/messages/conversation/5/2", parameters={}
2026-05-08T16:13:44.732-07:00 DEBUG 19992 --- [nio-8080-exec-5] s.w.s.m.m.a.RequestMappingHandlerMapping : Mapped to com.example.campconnect_backend.Controllers.MessageController#getConversation(Long, Long)
2026-05-08T16:13:44.734-07:00 DEBUG 19992 --- [nio-8080-exec-5] org.hibernate.SQL                        : 
    select
        m1_0.id,
        m1_0.content,
        m1_0.group_match_id,
        m1_0.is_read,
        m1_0.receiver_id,
        m1_0.sender_id,
        m1_0.sent_at 
    from
        messages m1_0 
    where
        (
            m1_0.sender_id=? 
            and m1_0.receiver_id=?
        ) 
        or (
            m1_0.sender_id=? 
            and m1_0.receiver_id=?
        ) 
    order by
        m1_0.sent_at
Hibernate: 
    select
        m1_0.id,
        m1_0.content,
        m1_0.group_match_id,
        m1_0.is_read,
        m1_0.receiver_id,
        m1_0.sender_id,
        m1_0.sent_at 
    from
        messages m1_0 
    where
        (
            m1_0.sender_id=? 
            and m1_0.receiver_id=?
        ) 
        or (
            m1_0.sender_id=? 
            and m1_0.receiver_id=?
        ) 
    order by
        m1_0.sent_at
2026-05-08T16:13:44.736-07:00 DEBUG 19992 --- [nio-8080-exec-5] org.hibernate.SQL                        : 
    select
        u1_0.id,
        u1_0.avatar_url,
        u1_0.email,
        u1_0.password,
        u1_0.username 
    from
        users u1_0 
    where
        u1_0.id=?
Hibernate: 
    select
        u1_0.id,
        u1_0.avatar_url,
        u1_0.email,
        u1_0.password,
        u1_0.username 
    from
        users u1_0 
    where
        u1_0.id=?
2026-05-08T16:13:44.738-07:00 DEBUG 19992 --- [nio-8080-exec-5] org.hibernate.SQL                        : 
    select
        u1_0.id,
        u1_0.avatar_url,
        u1_0.email,
        u1_0.password,
        u1_0.username 
    from
        users u1_0 
    where
        u1_0.id=?
Hibernate: 
    select
        u1_0.id,
        u1_0.avatar_url,
        u1_0.email,
        u1_0.password,
        u1_0.username 
    from
        users u1_0 
    where
        u1_0.id=?
2026-05-08T16:13:44.740-07:00 DEBUG 19992 --- [nio-8080-exec-5] o.s.w.s.m.m.a.HttpEntityMethodProcessor  : Using 'application/json', given [application/json, text/plain, */*] and supported [application/json, application/*+json]
2026-05-08T16:13:44.740-07:00 DEBUG 19992 --- [nio-8080-exec-5] o.s.w.s.m.m.a.HttpEntityMethodProcessor  : Writing [[MessageDto.Response(id=17, content=Hello jane, sentAt=2026-05-08T16:13:44, senderId=5, senderUserna (truncated)...]
2026-05-08T16:13:44.741-07:00 DEBUG 19992 --- [nio-8080-exec-5] o.s.web.servlet.DispatcherServlet        : Completed 200 OK
2026-05-08T16:13:45.448-07:00 DEBUG 19992 --- [io-8080-exec-10] o.s.web.servlet.DispatcherServlet        : GET "/api/messages/conversation/5/2", parameters={}
2026-05-08T16:13:45.449-07:00 DEBUG 19992 --- [io-8080-exec-10] s.w.s.m.m.a.RequestMappingHandlerMapping : Mapped to com.example.campconnect_backend.Controllers.MessageController#getConversation(Long, Long)
2026-05-08T16:13:45.450-07:00 DEBUG 19992 --- [io-8080-exec-10] org.hibernate.SQL                        : 
    select
        m1_0.id,
        m1_0.content,
        m1_0.group_match_id,
        m1_0.is_read,
        m1_0.receiver_id,
        m1_0.sender_id,
        m1_0.sent_at 
    from
        messages m1_0 
    where
        (
            m1_0.sender_id=? 
            and m1_0.receiver_id=?
        ) 
        or (
            m1_0.sender_id=? 
            and m1_0.receiver_id=?
        ) 
    order by
        m1_0.sent_at
Hibernate: 
    select
        m1_0.id,
        m1_0.content,
        m1_0.group_match_id,
        m1_0.is_read,
        m1_0.receiver_id,
        m1_0.sender_id,
        m1_0.sent_at 
    from
        messages m1_0 
    where
        (
            m1_0.sender_id=? 
            and m1_0.receiver_id=?
        ) 
        or (
            m1_0.sender_id=? 
            and m1_0.receiver_id=?
        ) 
    order by
        m1_0.sent_at
2026-05-08T16:13:45.453-07:00 DEBUG 19992 --- [io-8080-exec-10] org.hibernate.SQL                        : 
    select
        u1_0.id,
        u1_0.avatar_url,
        u1_0.email,
        u1_0.password,
        u1_0.username 
    from
        users u1_0 
    where
        u1_0.id=?
Hibernate: 
    select
        u1_0.id,
        u1_0.avatar_url,
        u1_0.email,
        u1_0.password,
        u1_0.username 
    from
        users u1_0 
    where
        u1_0.id=?
2026-05-08T16:13:45.454-07:00 DEBUG 19992 --- [io-8080-exec-10] org.hibernate.SQL                        : 
    select
        u1_0.id,
        u1_0.avatar_url,
        u1_0.email,
        u1_0.password,
        u1_0.username 
    from
        users u1_0 
    where
        u1_0.id=?
Hibernate: 
    select
        u1_0.id,
        u1_0.avatar_url,
        u1_0.email,
        u1_0.password,
        u1_0.username 
    from
        users u1_0 
    where
        u1_0.id=?
2026-05-08T16:13:45.456-07:00 DEBUG 19992 --- [io-8080-exec-10] o.s.w.s.m.m.a.HttpEntityMethodProcessor  : Using 'application/json', given [application/json, text/plain, */*] and supported [application/json, application/*+json]
2026-05-08T16:13:45.457-07:00 DEBUG 19992 --- [io-8080-exec-10] o.s.w.s.m.m.a.HttpEntityMethodProcessor  : Writing [[MessageDto.Response(id=17, content=Hello jane, sentAt=2026-05-08T16:13:44, senderId=5, senderUserna (truncated)...]
2026-05-08T16:13:45.458-07:00 DEBUG 19992 --- [io-8080-exec-10] o.s.web.servlet.DispatcherServlet        : Completed 200 OK
2026-05-08T16:13:49.461-07:00 DEBUG 19992 --- [nio-8080-exec-3] o.s.web.servlet.DispatcherServlet        : GET "/api/messages/conversation/5/2", parameters={}
2026-05-08T16:13:49.462-07:00 DEBUG 19992 --- [nio-8080-exec-3] s.w.s.m.m.a.RequestMappingHandlerMapping : Mapped to com.example.campconnect_backend.Controllers.MessageController#getConversation(Long, Long)
2026-05-08T16:13:49.464-07:00 DEBUG 19992 --- [nio-8080-exec-3] org.hibernate.SQL                        : 
    select
        m1_0.id,
        m1_0.content,
        m1_0.group_match_id,
        m1_0.is_read,
        m1_0.receiver_id,
        m1_0.sender_id,
        m1_0.sent_at 
    from
        messages m1_0 
    where
        (
            m1_0.sender_id=? 
            and m1_0.receiver_id=?
        ) 
        or (
            m1_0.sender_id=? 
            and m1_0.receiver_id=?
        ) 
    order by
        m1_0.sent_at
Hibernate: 
    select
        m1_0.id,
        m1_0.content,
        m1_0.group_match_id,
        m1_0.is_read,
        m1_0.receiver_id,
        m1_0.sender_id,
        m1_0.sent_at 
    from
        messages m1_0 
    where
        (
            m1_0.sender_id=? 
            and m1_0.receiver_id=?
        ) 
        or (
            m1_0.sender_id=? 
            and m1_0.receiver_id=?
        ) 
    order by
        m1_0.sent_at
2026-05-08T16:13:49.466-07:00 DEBUG 19992 --- [nio-8080-exec-3] org.hibernate.SQL                        : 
    select
        u1_0.id,
        u1_0.avatar_url,
        u1_0.email,
        u1_0.password,
        u1_0.username 
    from
        users u1_0 
    where
        u1_0.id=?
Hibernate: 
    select
        u1_0.id,
        u1_0.avatar_url,
        u1_0.email,
        u1_0.password,
        u1_0.username 
    from
        users u1_0 
    where
        u1_0.id=?
2026-05-08T16:13:49.467-07:00 DEBUG 19992 --- [nio-8080-exec-3] org.hibernate.SQL                        : 
    select
        u1_0.id,
        u1_0.avatar_url,
        u1_0.email,
        u1_0.password,
        u1_0.username 
    from
        users u1_0 
    where
        u1_0.id=?
Hibernate: 
    select
        u1_0.id,
        u1_0.avatar_url,
        u1_0.email,
        u1_0.password,
        u1_0.username 
    from
        users u1_0 
    where
        u1_0.id=?
2026-05-08T16:13:49.469-07:00 DEBUG 19992 --- [nio-8080-exec-3] o.s.w.s.m.m.a.HttpEntityMethodProcessor  : Using 'application/json', given [application/json, text/plain, */*] and supported [application/json, application/*+json]
2026-05-08T16:13:49.469-07:00 DEBUG 19992 --- [nio-8080-exec-3] o.s.w.s.m.m.a.HttpEntityMethodProcessor  : Writing [[MessageDto.Response(id=17, content=Hello jane, sentAt=2026-05-08T16:13:44, senderId=5, senderUserna (truncated)...]
2026-05-08T16:13:49.470-07:00 DEBUG 19992 --- [nio-8080-exec-3] o.s.web.servlet.DispatcherServlet        : Completed 200 OK
2026-05-08T16:13:50.414-07:00 DEBUG 19992 --- [nio-8080-exec-2] o.s.web.servlet.DispatcherServlet        : POST "/api/messages/private", parameters={}
2026-05-08T16:13:50.415-07:00 DEBUG 19992 --- [nio-8080-exec-2] s.w.s.m.m.a.RequestMappingHandlerMapping : Mapped to com.example.campconnect_backend.Controllers.MessageController#sendPrivate(WsPayload)
2026-05-08T16:13:50.416-07:00 DEBUG 19992 --- [nio-8080-exec-2] m.m.a.RequestResponseBodyMethodProcessor : Read "application/json;charset=UTF-8" to [MessageDto.WsPayload(senderId=5, receiverId=2, groupMatchId=null, content=hello)]
2026-05-08T16:13:50.417-07:00 DEBUG 19992 --- [nio-8080-exec-2] org.hibernate.SQL                        : 
    select
        u1_0.id,
        u1_0.avatar_url,
        u1_0.email,
        u1_0.password,
        u1_0.username 
    from
        users u1_0 
    where
        u1_0.id=?
Hibernate: 
    select
        u1_0.id,
        u1_0.avatar_url,
        u1_0.email,
        u1_0.password,
        u1_0.username 
    from
        users u1_0 
    where
        u1_0.id=?
2026-05-08T16:13:50.419-07:00 DEBUG 19992 --- [nio-8080-exec-2] org.hibernate.SQL                        : 
    select
        u1_0.id,
        u1_0.avatar_url,
        u1_0.email,
        u1_0.password,
        u1_0.username 
    from
        users u1_0 
    where
        u1_0.id=?
Hibernate: 
    select
        u1_0.id,
        u1_0.avatar_url,
        u1_0.email,
        u1_0.password,
        u1_0.username 
    from
        users u1_0 
    where
        u1_0.id=?
2026-05-08T16:13:50.421-07:00 DEBUG 19992 --- [nio-8080-exec-2] org.hibernate.SQL                        : 
    insert 
    into
        messages
        (content, group_match_id, is_read, receiver_id, sender_id, sent_at) 
    values
        (?, ?, ?, ?, ?, ?)
Hibernate: 
    insert 
    into
        messages
        (content, group_match_id, is_read, receiver_id, sender_id, sent_at) 
    values
        (?, ?, ?, ?, ?, ?)
2026-05-08T16:13:50.426-07:00 DEBUG 19992 --- [nio-8080-exec-2] o.s.w.s.m.m.a.HttpEntityMethodProcessor  : Using 'application/json', given [application/json, text/plain, */*] and supported [application/json, application/*+json]
2026-05-08T16:13:50.426-07:00 DEBUG 19992 --- [nio-8080-exec-2] o.s.w.s.m.m.a.HttpEntityMethodProcessor  : Writing [MessageDto.Response(id=18, content=hello, sentAt=2026-05-08T16:13:50.421031100, senderId=5, senderUs (truncated)...]
2026-05-08T16:13:50.427-07:00 DEBUG 19992 --- [nio-8080-exec-2] o.s.web.servlet.DispatcherServlet        : Completed 201 CREATED
2026-05-08T16:13:50.431-07:00 DEBUG 19992 --- [nio-8080-exec-4] o.s.web.servlet.DispatcherServlet        : GET "/api/messages/conversation/5/2", parameters={}
2026-05-08T16:13:50.431-07:00 DEBUG 19992 --- [nio-8080-exec-4] s.w.s.m.m.a.RequestMappingHandlerMapping : Mapped to com.example.campconnect_backend.Controllers.MessageController#getConversation(Long, Long)
2026-05-08T16:13:50.433-07:00 DEBUG 19992 --- [nio-8080-exec-4] org.hibernate.SQL                        : 
    select
        m1_0.id,
        m1_0.content,
        m1_0.group_match_id,
        m1_0.is_read,
        m1_0.receiver_id,
        m1_0.sender_id,
        m1_0.sent_at 
    from
        messages m1_0 
    where
        (
            m1_0.sender_id=? 
            and m1_0.receiver_id=?
        ) 
        or (
            m1_0.sender_id=? 
            and m1_0.receiver_id=?
        ) 
    order by
        m1_0.sent_at
Hibernate: 
    select
        m1_0.id,
        m1_0.content,
        m1_0.group_match_id,
        m1_0.is_read,
        m1_0.receiver_id,
        m1_0.sender_id,
        m1_0.sent_at 
    from
        messages m1_0 
    where
        (
            m1_0.sender_id=? 
            and m1_0.receiver_id=?
        ) 
        or (
            m1_0.sender_id=? 
            and m1_0.receiver_id=?
        ) 
    order by
        m1_0.sent_at
2026-05-08T16:13:50.435-07:00 DEBUG 19992 --- [nio-8080-exec-4] org.hibernate.SQL                        : 
    select
        u1_0.id,
        u1_0.avatar_url,
        u1_0.email,
        u1_0.password,
        u1_0.username 
    from
        users u1_0 
    where
        u1_0.id=?
Hibernate: 
    select
        u1_0.id,
        u1_0.avatar_url,
        u1_0.email,
        u1_0.password,
        u1_0.username 
    from
        users u1_0 
    where
        u1_0.id=?
2026-05-08T16:13:50.436-07:00 DEBUG 19992 --- [nio-8080-exec-4] org.hibernate.SQL                        : 
    select
        u1_0.id,
        u1_0.avatar_url,
        u1_0.email,
        u1_0.password,
        u1_0.username 
    from
        users u1_0 
    where
        u1_0.id=?
Hibernate: 
    select
        u1_0.id,
        u1_0.avatar_url,
        u1_0.email,
        u1_0.password,
        u1_0.username 
    from
        users u1_0 
    where
        u1_0.id=?
2026-05-08T16:13:50.438-07:00 DEBUG 19992 --- [nio-8080-exec-4] o.s.w.s.m.m.a.HttpEntityMethodProcessor  : Using 'application/json', given [application/json, text/plain, */*] and supported [application/json, application/*+json]
2026-05-08T16:13:50.438-07:00 DEBUG 19992 --- [nio-8080-exec-4] o.s.w.s.m.m.a.HttpEntityMethodProcessor  : Writing [[MessageDto.Response(id=17, content=Hello jane, sentAt=2026-05-08T16:13:44, senderId=5, senderUserna (truncated)...]
2026-05-08T16:13:50.439-07:00 DEBUG 19992 --- [nio-8080-exec-4] o.s.web.servlet.DispatcherServlet        : Completed 200 OK
2026-05-08T16:13:53.448-07:00 DEBUG 19992 --- [nio-8080-exec-9] o.s.web.servlet.DispatcherServlet        : GET "/api/messages/conversation/5/2", parameters={}
2026-05-08T16:13:53.449-07:00 DEBUG 19992 --- [nio-8080-exec-9] s.w.s.m.m.a.RequestMappingHandlerMapping : Mapped to com.example.campconnect_backend.Controllers.MessageController#getConversation(Long, Long)
2026-05-08T16:13:53.450-07:00 DEBUG 19992 --- [nio-8080-exec-9] org.hibernate.SQL                        : 
    select
        m1_0.id,
        m1_0.content,
        m1_0.group_match_id,
        m1_0.is_read,
        m1_0.receiver_id,
        m1_0.sender_id,
        m1_0.sent_at 
    from
        messages m1_0 
    where
        (
            m1_0.sender_id=? 
            and m1_0.receiver_id=?
        ) 
        or (
            m1_0.sender_id=? 
            and m1_0.receiver_id=?
        ) 
    order by
        m1_0.sent_at
Hibernate: 
    select
        m1_0.id,
        m1_0.content,
        m1_0.group_match_id,
        m1_0.is_read,
        m1_0.receiver_id,
        m1_0.sender_id,
        m1_0.sent_at 
    from
        messages m1_0 
    where
        (
            m1_0.sender_id=? 
            and m1_0.receiver_id=?
        ) 
        or (
            m1_0.sender_id=? 
            and m1_0.receiver_id=?
        ) 
    order by
        m1_0.sent_at
2026-05-08T16:13:53.452-07:00 DEBUG 19992 --- [nio-8080-exec-9] org.hibernate.SQL                        : 
    select
        u1_0.id,
        u1_0.avatar_url,
        u1_0.email,
        u1_0.password,
        u1_0.username 
    from
        users u1_0 
    where
        u1_0.id=?
Hibernate: 
    select
        u1_0.id,
        u1_0.avatar_url,
        u1_0.email,
        u1_0.password,
        u1_0.username 
    from
        users u1_0 
    where
        u1_0.id=?
2026-05-08T16:13:53.454-07:00 DEBUG 19992 --- [nio-8080-exec-9] org.hibernate.SQL                        : 
    select
        u1_0.id,
        u1_0.avatar_url,
        u1_0.email,
        u1_0.password,
        u1_0.username 
    from
        users u1_0 
    where
        u1_0.id=?
Hibernate: 
    select
        u1_0.id,
        u1_0.avatar_url,
        u1_0.email,
        u1_0.password,
        u1_0.username 
    from
        users u1_0 
    where
        u1_0.id=?
2026-05-08T16:13:53.457-07:00 DEBUG 19992 --- [nio-8080-exec-9] o.s.w.s.m.m.a.HttpEntityMethodProcessor  : Using 'application/json', given [application/json, text/plain, */*] and supported [application/json, application/*+json]
2026-05-08T16:13:53.457-07:00 DEBUG 19992 --- [nio-8080-exec-9] o.s.w.s.m.m.a.HttpEntityMethodProcessor  : Writing [[MessageDto.Response(id=17, content=Hello jane, sentAt=2026-05-08T16:13:44, senderId=5, senderUserna (truncated)...]
2026-05-08T16:13:53.458-07:00 DEBUG 19992 --- [nio-8080-exec-9] o.s.web.servlet.DispatcherServlet        : Completed 200 OK
2026-05-08T16:13:57.453-07:00 DEBUG 19992 --- [nio-8080-exec-6] o.s.web.servlet.DispatcherServlet        : GET "/api/messages/conversation/5/2", parameters={}
2026-05-08T16:13:57.453-07:00 DEBUG 19992 --- [nio-8080-exec-6] s.w.s.m.m.a.RequestMappingHandlerMapping : Mapped to com.example.campconnect_backend.Controllers.MessageController#getConversation(Long, Long)
2026-05-08T16:13:57.455-07:00 DEBUG 19992 --- [nio-8080-exec-6] org.hibernate.SQL                        : 
    select
        m1_0.id,
        m1_0.content,
        m1_0.group_match_id,
        m1_0.is_read,
        m1_0.receiver_id,
        m1_0.sender_id,
        m1_0.sent_at 
    from
        messages m1_0 
    where
        (
            m1_0.sender_id=? 
            and m1_0.receiver_id=?
        ) 
        or (
            m1_0.sender_id=? 
            and m1_0.receiver_id=?
        ) 
    order by
        m1_0.sent_at
Hibernate: 
    select
        m1_0.id,
        m1_0.content,
        m1_0.group_match_id,
        m1_0.is_read,
        m1_0.receiver_id,
        m1_0.sender_id,
        m1_0.sent_at 
    from
        messages m1_0 
    where
        (
            m1_0.sender_id=? 
            and m1_0.receiver_id=?
        ) 
        or (
            m1_0.sender_id=? 
            and m1_0.receiver_id=?
        ) 
    order by
        m1_0.sent_at
2026-05-08T16:13:57.457-07:00 DEBUG 19992 --- [nio-8080-exec-6] org.hibernate.SQL                        : 
    select
        u1_0.id,
        u1_0.avatar_url,
        u1_0.email,
        u1_0.password,
        u1_0.username 
    from
        users u1_0 
    where
        u1_0.id=?
Hibernate: 
    select
        u1_0.id,
        u1_0.avatar_url,
        u1_0.email,
        u1_0.password,
        u1_0.username 
    from
        users u1_0 
    where
        u1_0.id=?
2026-05-08T16:13:57.458-07:00 DEBUG 19992 --- [nio-8080-exec-6] org.hibernate.SQL                        : 
    select
        u1_0.id,
        u1_0.avatar_url,
        u1_0.email,
        u1_0.password,
        u1_0.username 
    from
        users u1_0 
    where
        u1_0.id=?
Hibernate: 
    select
        u1_0.id,
        u1_0.avatar_url,
        u1_0.email,
        u1_0.password,
        u1_0.username 
    from
        users u1_0 
    where
        u1_0.id=?
2026-05-08T16:13:57.460-07:00 DEBUG 19992 --- [nio-8080-exec-6] o.s.w.s.m.m.a.HttpEntityMethodProcessor  : Using 'application/json', given [application/json, text/plain, */*] and supported [application/json, application/*+json]
2026-05-08T16:13:57.461-07:00 DEBUG 19992 --- [nio-8080-exec-6] o.s.w.s.m.m.a.HttpEntityMethodProcessor  : Writing [[MessageDto.Response(id=17, content=Hello jane, sentAt=2026-05-08T16:13:44, senderId=5, senderUserna (truncated)...]
2026-05-08T16:13:57.462-07:00 DEBUG 19992 --- [nio-8080-exec-6] o.s.web.servlet.DispatcherServlet        : Completed 200 OK
2026-05-08T16:14:00.183-07:00 DEBUG 19992 --- [nio-8080-exec-8] o.s.web.servlet.DispatcherServlet        : POST "/api/matching/ai/chat", parameters={}
2026-05-08T16:14:00.186-07:00 DEBUG 19992 --- [nio-8080-exec-8] s.w.s.m.m.a.RequestMappingHandlerMapping : Mapped to com.example.campconnect_backend.Controllers.AiMatchingController#chatWithAI(Request)
2026-05-08T16:14:00.189-07:00 DEBUG 19992 --- [nio-8080-exec-8] m.m.a.RequestResponseBodyMethodProcessor : Read "application/json;charset=UTF-8" to [com.example.campconnect_backend.Dto.AiChatDto$Request@d07bfc2]
2026-05-08T16:14:00.194-07:00 DEBUG 19992 --- [nio-8080-exec-8] o.s.w.s.m.m.a.HttpEntityMethodProcessor  : Using 'application/json', given [application/json, text/plain, */*] and supported [application/json, application/*+json]
2026-05-08T16:14:00.195-07:00 DEBUG 19992 --- [nio-8080-exec-8] o.s.w.s.m.m.a.HttpEntityMethodProcessor  : Writing [com.example.campconnect_backend.Dto.AiChatDto$Response@519ca398]
2026-05-08T16:14:00.197-07:00 DEBUG 19992 --- [nio-8080-exec-8] o.s.web.servlet.DispatcherServlet        : Completed 200 OK
2026-05-08T16:14:01.449-07:00 DEBUG 19992 --- [nio-8080-exec-5] o.s.web.servlet.DispatcherServlet        : GET "/api/messages/conversation/5/2", parameters={}
2026-05-08T16:14:01.449-07:00 DEBUG 19992 --- [nio-8080-exec-5] s.w.s.m.m.a.RequestMappingHandlerMapping : Mapped to com.example.campconnect_backend.Controllers.MessageController#getConversation(Long, Long)
2026-05-08T16:14:01.451-07:00 DEBUG 19992 --- [nio-8080-exec-5] org.hibernate.SQL                        : 
    select
        m1_0.id,
        m1_0.content,
        m1_0.group_match_id,
        m1_0.is_read,
        m1_0.receiver_id,
        m1_0.sender_id,
        m1_0.sent_at 
    from
        messages m1_0 
    where
        (
            m1_0.sender_id=? 
            and m1_0.receiver_id=?
        ) 
        or (
            m1_0.sender_id=? 
            and m1_0.receiver_id=?
        ) 
    order by
        m1_0.sent_at
Hibernate: 
    select
        m1_0.id,
        m1_0.content,
        m1_0.group_match_id,
        m1_0.is_read,
        m1_0.receiver_id,
        m1_0.sender_id,
        m1_0.sent_at 
    from
        messages m1_0 
    where
        (
            m1_0.sender_id=? 
            and m1_0.receiver_id=?
        ) 
        or (
            m1_0.sender_id=? 
            and m1_0.receiver_id=?
        ) 
    order by
        m1_0.sent_at
2026-05-08T16:14:01.454-07:00 DEBUG 19992 --- [nio-8080-exec-5] org.hibernate.SQL                        : 
    select
        u1_0.id,
        u1_0.avatar_url,
        u1_0.email,
        u1_0.password,
        u1_0.username 
    from
        users u1_0 
    where
        u1_0.id=?
Hibernate: 
    select
        u1_0.id,
        u1_0.avatar_url,
        u1_0.email,
        u1_0.password,
        u1_0.username 
    from
        users u1_0 
    where
        u1_0.id=?
2026-05-08T16:14:01.455-07:00 DEBUG 19992 --- [nio-8080-exec-5] org.hibernate.SQL                        : 
    select
        u1_0.id,
        u1_0.avatar_url,
        u1_0.email,
        u1_0.password,
        u1_0.username 
    from
        users u1_0 
    where
        u1_0.id=?
Hibernate: 
    select
        u1_0.id,
        u1_0.avatar_url,
        u1_0.email,
        u1_0.password,
        u1_0.username 
    from
        users u1_0 
    where
        u1_0.id=?
2026-05-08T16:14:01.457-07:00 DEBUG 19992 --- [nio-8080-exec-5] o.s.w.s.m.m.a.HttpEntityMethodProcessor  : Using 'application/json', given [application/json, text/plain, */*] and supported [application/json, application/*+json]
2026-05-08T16:14:01.457-07:00 DEBUG 19992 --- [nio-8080-exec-5] o.s.w.s.m.m.a.HttpEntityMethodProcessor  : Writing [[MessageDto.Response(id=17, content=Hello jane, sentAt=2026-05-08T16:13:44, senderId=5, senderUserna (truncated)...]
2026-05-08T16:14:01.458-07:00 DEBUG 19992 --- [nio-8080-exec-5] o.s.web.servlet.DispatcherServlet        : Completed 200 OK
2026-05-08T16:14:05.462-07:00 DEBUG 19992 --- [io-8080-exec-10] o.s.web.servlet.DispatcherServlet        : GET "/api/messages/conversation/5/2", parameters={}
2026-05-08T16:14:05.463-07:00 DEBUG 19992 --- [io-8080-exec-10] s.w.s.m.m.a.RequestMappingHandlerMapping : Mapped to com.example.campconnect_backend.Controllers.MessageController#getConversation(Long, Long)
2026-05-08T16:14:05.464-07:00 DEBUG 19992 --- [io-8080-exec-10] org.hibernate.SQL                        : 
    select
        m1_0.id,
        m1_0.content,
        m1_0.group_match_id,
        m1_0.is_read,
        m1_0.receiver_id,
        m1_0.sender_id,
        m1_0.sent_at 
    from
        messages m1_0 
    where
        (
            m1_0.sender_id=? 
            and m1_0.receiver_id=?
        ) 
        or (
            m1_0.sender_id=? 
            and m1_0.receiver_id=?
        ) 
    order by
        m1_0.sent_at
Hibernate: 
    select
        m1_0.id,
        m1_0.content,
        m1_0.group_match_id,
        m1_0.is_read,
        m1_0.receiver_id,
        m1_0.sender_id,
        m1_0.sent_at 
    from
        messages m1_0 
    where
        (
            m1_0.sender_id=? 
            and m1_0.receiver_id=?
        ) 
        or (
            m1_0.sender_id=? 
            and m1_0.receiver_id=?
        ) 
    order by
        m1_0.sent_at
2026-05-08T16:14:05.467-07:00 DEBUG 19992 --- [io-8080-exec-10] org.hibernate.SQL                        : 
    select
        u1_0.id,
        u1_0.avatar_url,
        u1_0.email,
        u1_0.password,
        u1_0.username 
    from
        users u1_0 
    where
        u1_0.id=?
Hibernate: 
    select
        u1_0.id,
        u1_0.avatar_url,
        u1_0.email,
        u1_0.password,
        u1_0.username 
    from
        users u1_0 
    where
        u1_0.id=?
2026-05-08T16:14:05.468-07:00 DEBUG 19992 --- [io-8080-exec-10] org.hibernate.SQL                        : 
    select
        u1_0.id,
        u1_0.avatar_url,
        u1_0.email,
        u1_0.password,
        u1_0.username 
    from
        users u1_0 
    where
        u1_0.id=?
Hibernate: 
    select
        u1_0.id,
        u1_0.avatar_url,
        u1_0.email,
        u1_0.password,
        u1_0.username 
    from
        users u1_0 
    where
        u1_0.id=?
2026-05-08T16:14:05.470-07:00 DEBUG 19992 --- [io-8080-exec-10] o.s.w.s.m.m.a.HttpEntityMethodProcessor  : Using 'application/json', given [application/json, text/plain, */*] and supported [application/json, application/*+json]
2026-05-08T16:14:05.471-07:00 DEBUG 19992 --- [io-8080-exec-10] o.s.w.s.m.m.a.HttpEntityMethodProcessor  : Writing [[MessageDto.Response(id=17, content=Hello jane, sentAt=2026-05-08T16:13:44, senderId=5, senderUserna (truncated)...]
2026-05-08T16:14:05.472-07:00 DEBUG 19992 --- [io-8080-exec-10] o.s.web.servlet.DispatcherServlet        : Completed 200 OK
2026-05-08T16:14:09.462-07:00 DEBUG 19992 --- [nio-8080-exec-3] o.s.web.servlet.DispatcherServlet        : GET "/api/messages/conversation/5/2", parameters={}
2026-05-08T16:14:09.463-07:00 DEBUG 19992 --- [nio-8080-exec-3] s.w.s.m.m.a.RequestMappingHandlerMapping : Mapped to com.example.campconnect_backend.Controllers.MessageController#getConversation(Long, Long)
2026-05-08T16:14:09.465-07:00 DEBUG 19992 --- [nio-8080-exec-3] org.hibernate.SQL                        : 
    select
        m1_0.id,
        m1_0.content,
        m1_0.group_match_id,
        m1_0.is_read,
        m1_0.receiver_id,
        m1_0.sender_id,
        m1_0.sent_at 
    from
        messages m1_0 
    where
        (
            m1_0.sender_id=? 
            and m1_0.receiver_id=?
        ) 
        or (
            m1_0.sender_id=? 
            and m1_0.receiver_id=?
        ) 
    order by
        m1_0.sent_at
Hibernate: 
    select
        m1_0.id,
        m1_0.content,
        m1_0.group_match_id,
        m1_0.is_read,
        m1_0.receiver_id,
        m1_0.sender_id,
        m1_0.sent_at 
    from
        messages m1_0 
    where
        (
            m1_0.sender_id=? 
            and m1_0.receiver_id=?
        ) 
        or (
            m1_0.sender_id=? 
            and m1_0.receiver_id=?
        ) 
    order by
        m1_0.sent_at
2026-05-08T16:14:09.468-07:00 DEBUG 19992 --- [nio-8080-exec-3] org.hibernate.SQL                        : 
    select
        u1_0.id,
        u1_0.avatar_url,
        u1_0.email,
        u1_0.password,
        u1_0.username 
    from
        users u1_0 
    where
        u1_0.id=?
Hibernate: 
    select
        u1_0.id,
        u1_0.avatar_url,
        u1_0.email,
        u1_0.password,
        u1_0.username 
    from
        users u1_0 
    where
        u1_0.id=?
2026-05-08T16:14:09.469-07:00 DEBUG 19992 --- [nio-8080-exec-3] org.hibernate.SQL                        : 
    select
        u1_0.id,
        u1_0.avatar_url,
        u1_0.email,
        u1_0.password,
        u1_0.username 
    from
        users u1_0 
    where
        u1_0.id=?
Hibernate: 
    select
        u1_0.id,
        u1_0.avatar_url,
        u1_0.email,
        u1_0.password,
        u1_0.username 
    from
        users u1_0 
    where
        u1_0.id=?
2026-05-08T16:14:09.472-07:00 DEBUG 19992 --- [nio-8080-exec-3] o.s.w.s.m.m.a.HttpEntityMethodProcessor  : Using 'application/json', given [application/json, text/plain, */*] and supported [application/json, application/*+json]
2026-05-08T16:14:09.472-07:00 DEBUG 19992 --- [nio-8080-exec-3] o.s.w.s.m.m.a.HttpEntityMethodProcessor  : Writing [[MessageDto.Response(id=17, content=Hello jane, sentAt=2026-05-08T16:13:44, senderId=5, senderUserna (truncated)...]
2026-05-08T16:14:09.473-07:00 DEBUG 19992 --- [nio-8080-exec-3] o.s.web.servlet.DispatcherServlet        : Completed 200 OK
2026-05-08T16:14:10.616-07:00 DEBUG 19992 --- [nio-8080-exec-2] o.s.web.servlet.DispatcherServlet        : POST "/api/matching/ai/chat", parameters={}
2026-05-08T16:14:10.617-07:00 DEBUG 19992 --- [nio-8080-exec-2] s.w.s.m.m.a.RequestMappingHandlerMapping : Mapped to com.example.campconnect_backend.Controllers.AiMatchingController#chatWithAI(Request)
2026-05-08T16:14:10.618-07:00 DEBUG 19992 --- [nio-8080-exec-2] m.m.a.RequestResponseBodyMethodProcessor : Read "application/json;charset=UTF-8" to [com.example.campconnect_backend.Dto.AiChatDto$Request@72faefae]
2026-05-08T16:14:10.619-07:00 DEBUG 19992 --- [nio-8080-exec-2] o.s.w.s.m.m.a.HttpEntityMethodProcessor  : Using 'application/json', given [application/json, text/plain, */*] and supported [application/json, application/*+json]
2026-05-08T16:14:10.619-07:00 DEBUG 19992 --- [nio-8080-exec-2] o.s.w.s.m.m.a.HttpEntityMethodProcessor  : Writing [com.example.campconnect_backend.Dto.AiChatDto$Response@54beaecf]
2026-05-08T16:14:10.620-07:00 DEBUG 19992 --- [nio-8080-exec-2] o.s.web.servlet.DispatcherServlet        : Completed 200 OK
2026-05-08T16:14:13.448-07:00 DEBUG 19992 --- [nio-8080-exec-4] o.s.web.servlet.DispatcherServlet        : GET "/api/messages/conversation/5/2", parameters={}
2026-05-08T16:14:13.449-07:00 DEBUG 19992 --- [nio-8080-exec-4] s.w.s.m.m.a.RequestMappingHandlerMapping : Mapped to com.example.campconnect_backend.Controllers.MessageController#getConversation(Long, Long)
2026-05-08T16:14:13.451-07:00 DEBUG 19992 --- [nio-8080-exec-4] org.hibernate.SQL                        : 
    select
        m1_0.id,
        m1_0.content,
        m1_0.group_match_id,
        m1_0.is_read,
        m1_0.receiver_id,
        m1_0.sender_id,
        m1_0.sent_at 
    from
        messages m1_0 
    where
        (
            m1_0.sender_id=? 
            and m1_0.receiver_id=?
        ) 
        or (
            m1_0.sender_id=? 
            and m1_0.receiver_id=?
        ) 
    order by
        m1_0.sent_at
Hibernate: 
    select
        m1_0.id,
        m1_0.content,
        m1_0.group_match_id,
        m1_0.is_read,
        m1_0.receiver_id,
        m1_0.sender_id,
        m1_0.sent_at 
    from
        messages m1_0 
    where
        (
            m1_0.sender_id=? 
            and m1_0.receiver_id=?
        ) 
        or (
            m1_0.sender_id=? 
            and m1_0.receiver_id=?
        ) 
    order by
        m1_0.sent_at
2026-05-08T16:14:13.453-07:00 DEBUG 19992 --- [nio-8080-exec-4] org.hibernate.SQL                        : 
    select
        u1_0.id,
        u1_0.avatar_url,
        u1_0.email,
        u1_0.password,
        u1_0.username 
    from
        users u1_0 
    where
        u1_0.id=?
Hibernate: 
    select
        u1_0.id,
        u1_0.avatar_url,
        u1_0.email,
        u1_0.password,
        u1_0.username 
    from
        users u1_0 
    where
        u1_0.id=?
2026-05-08T16:14:13.455-07:00 DEBUG 19992 --- [nio-8080-exec-4] org.hibernate.SQL                        : 
    select
        u1_0.id,
        u1_0.avatar_url,
        u1_0.email,
        u1_0.password,
        u1_0.username 
    from
        users u1_0 
    where
        u1_0.id=?
Hibernate: 
    select
        u1_0.id,
        u1_0.avatar_url,
        u1_0.email,
        u1_0.password,
        u1_0.username 
    from
        users u1_0 
    where
        u1_0.id=?
2026-05-08T16:14:13.456-07:00 DEBUG 19992 --- [nio-8080-exec-4] o.s.w.s.m.m.a.HttpEntityMethodProcessor  : Using 'application/json', given [application/json, text/plain, */*] and supported [application/json, application/*+json]
2026-05-08T16:14:13.456-07:00 DEBUG 19992 --- [nio-8080-exec-4] o.s.w.s.m.m.a.HttpEntityMethodProcessor  : Writing [[MessageDto.Response(id=17, content=Hello jane, sentAt=2026-05-08T16:13:44, senderId=5, senderUserna (truncated)...]
2026-05-08T16:14:13.458-07:00 DEBUG 19992 --- [nio-8080-exec-4] o.s.web.servlet.DispatcherServlet        : Completed 200 OK
2026-05-08T16:14:16.932-07:00 DEBUG 19992 --- [nio-8080-exec-9] o.s.web.servlet.DispatcherServlet        : GET "/api/messages/conversation/5/3", parameters={}
2026-05-08T16:14:16.932-07:00 DEBUG 19992 --- [nio-8080-exec-9] s.w.s.m.m.a.RequestMappingHandlerMapping : Mapped to com.example.campconnect_backend.Controllers.MessageController#getConversation(Long, Long)
2026-05-08T16:14:16.934-07:00 DEBUG 19992 --- [nio-8080-exec-9] org.hibernate.SQL                        : 
    select
        m1_0.id,
        m1_0.content,
        m1_0.group_match_id,
        m1_0.is_read,
        m1_0.receiver_id,
        m1_0.sender_id,
        m1_0.sent_at 
    from
        messages m1_0 
    where
        (
            m1_0.sender_id=? 
            and m1_0.receiver_id=?
        ) 
        or (
            m1_0.sender_id=? 
            and m1_0.receiver_id=?
        ) 
    order by
        m1_0.sent_at
Hibernate: 
    select
        m1_0.id,
        m1_0.content,
        m1_0.group_match_id,
        m1_0.is_read,
        m1_0.receiver_id,
        m1_0.sender_id,
        m1_0.sent_at 
    from
        messages m1_0 
    where
        (
            m1_0.sender_id=? 
            and m1_0.receiver_id=?
        ) 
        or (
            m1_0.sender_id=? 
            and m1_0.receiver_id=?
        ) 
    order by
        m1_0.sent_at
2026-05-08T16:14:16.936-07:00 DEBUG 19992 --- [nio-8080-exec-9] o.s.w.s.m.m.a.HttpEntityMethodProcessor  : Using 'application/json', given [application/json, text/plain, */*] and supported [application/json, application/*+json]
2026-05-08T16:14:16.937-07:00 DEBUG 19992 --- [nio-8080-exec-9] o.s.w.s.m.m.a.HttpEntityMethodProcessor  : Writing [[]]
2026-05-08T16:14:16.938-07:00 DEBUG 19992 --- [nio-8080-exec-9] o.s.web.servlet.DispatcherServlet        : Completed 200 OK
2026-05-08T16:14:17.460-07:00 DEBUG 19992 --- [nio-8080-exec-6] o.s.web.servlet.DispatcherServlet        : GET "/api/messages/conversation/5/3", parameters={}
2026-05-08T16:14:17.460-07:00 DEBUG 19992 --- [nio-8080-exec-6] s.w.s.m.m.a.RequestMappingHandlerMapping : Mapped to com.example.campconnect_backend.Controllers.MessageController#getConversation(Long, Long)
2026-05-08T16:14:17.462-07:00 DEBUG 19992 --- [nio-8080-exec-6] org.hibernate.SQL                        : 
    select
        m1_0.id,
        m1_0.content,
        m1_0.group_match_id,
        m1_0.is_read,
        m1_0.receiver_id,
        m1_0.sender_id,
        m1_0.sent_at 
    from
        messages m1_0 
    where
        (
            m1_0.sender_id=? 
            and m1_0.receiver_id=?
        ) 
        or (
            m1_0.sender_id=? 
            and m1_0.receiver_id=?
        ) 
    order by
        m1_0.sent_at
Hibernate: 
    select
        m1_0.id,
        m1_0.content,
        m1_0.group_match_id,
        m1_0.is_read,
        m1_0.receiver_id,
        m1_0.sender_id,
        m1_0.sent_at 
    from
        messages m1_0 
    where
        (
            m1_0.sender_id=? 
            and m1_0.receiver_id=?
        ) 
        or (
            m1_0.sender_id=? 
            and m1_0.receiver_id=?
        ) 
    order by
        m1_0.sent_at
2026-05-08T16:14:17.464-07:00 DEBUG 19992 --- [nio-8080-exec-6] o.s.w.s.m.m.a.HttpEntityMethodProcessor  : Using 'application/json', given [application/json, text/plain, */*] and supported [application/json, application/*+json]
2026-05-08T16:14:17.464-07:00 DEBUG 19992 --- [nio-8080-exec-6] o.s.w.s.m.m.a.HttpEntityMethodProcessor  : Writing [[]]
2026-05-08T16:14:17.466-07:00 DEBUG 19992 --- [nio-8080-exec-6] o.s.web.servlet.DispatcherServlet        : Completed 200 OK
2026-05-08T16:14:18.622-07:00 DEBUG 19992 --- [nio-8080-exec-7] o.s.web.servlet.DispatcherServlet        : GET "/api/messages/conversation/5/4", parameters={}
2026-05-08T16:14:18.623-07:00 DEBUG 19992 --- [nio-8080-exec-7] s.w.s.m.m.a.RequestMappingHandlerMapping : Mapped to com.example.campconnect_backend.Controllers.MessageController#getConversation(Long, Long)
2026-05-08T16:14:18.624-07:00 DEBUG 19992 --- [nio-8080-exec-7] org.hibernate.SQL                        : 
    select
        m1_0.id,
        m1_0.content,
        m1_0.group_match_id,
        m1_0.is_read,
        m1_0.receiver_id,
        m1_0.sender_id,
        m1_0.sent_at 
    from
        messages m1_0 
    where
        (
            m1_0.sender_id=? 
            and m1_0.receiver_id=?
        ) 
        or (
            m1_0.sender_id=? 
            and m1_0.receiver_id=?
        ) 
    order by
        m1_0.sent_at
Hibernate: 
    select
        m1_0.id,
        m1_0.content,
        m1_0.group_match_id,
        m1_0.is_read,
        m1_0.receiver_id,
        m1_0.sender_id,
        m1_0.sent_at 
    from
        messages m1_0 
    where
        (
            m1_0.sender_id=? 
            and m1_0.receiver_id=?
        ) 
        or (
            m1_0.sender_id=? 
            and m1_0.receiver_id=?
        ) 
    order by
        m1_0.sent_at
2026-05-08T16:14:18.627-07:00 DEBUG 19992 --- [nio-8080-exec-7] o.s.w.s.m.m.a.HttpEntityMethodProcessor  : Using 'application/json', given [application/json, text/plain, */*] and supported [application/json, application/*+json]
2026-05-08T16:14:18.627-07:00 DEBUG 19992 --- [nio-8080-exec-7] o.s.w.s.m.m.a.HttpEntityMethodProcessor  : Writing [[]]
2026-05-08T16:14:18.628-07:00 DEBUG 19992 --- [nio-8080-exec-7] o.s.web.servlet.DispatcherServlet        : Completed 200 OK
2026-05-08T16:14:21.449-07:00 DEBUG 19992 --- [nio-8080-exec-8] o.s.web.servlet.DispatcherServlet        : GET "/api/messages/conversation/5/4", parameters={}
2026-05-08T16:14:21.450-07:00 DEBUG 19992 --- [nio-8080-exec-8] s.w.s.m.m.a.RequestMappingHandlerMapping : Mapped to com.example.campconnect_backend.Controllers.MessageController#getConversation(Long, Long)
2026-05-08T16:14:21.452-07:00 DEBUG 19992 --- [nio-8080-exec-8] org.hibernate.SQL                        : 
    select
        m1_0.id,
        m1_0.content,
        m1_0.group_match_id,
        m1_0.is_read,
        m1_0.receiver_id,
        m1_0.sender_id,
        m1_0.sent_at 
    from
        messages m1_0 
    where
        (
            m1_0.sender_id=? 
            and m1_0.receiver_id=?
        ) 
        or (
            m1_0.sender_id=? 
            and m1_0.receiver_id=?
        ) 
    order by
        m1_0.sent_at
Hibernate: 
    select
        m1_0.id,
        m1_0.content,
        m1_0.group_match_id,
        m1_0.is_read,
        m1_0.receiver_id,
        m1_0.sender_id,
        m1_0.sent_at 
    from
        messages m1_0 
    where
        (
            m1_0.sender_id=? 
            and m1_0.receiver_id=?
        ) 
        or (
            m1_0.sender_id=? 
            and m1_0.receiver_id=?
        ) 
    order by
        m1_0.sent_at
2026-05-08T16:14:21.454-07:00 DEBUG 19992 --- [nio-8080-exec-8] o.s.w.s.m.m.a.HttpEntityMethodProcessor  : Using 'application/json', given [application/json, text/plain, */*] and supported [application/json, application/*+json]
2026-05-08T16:14:21.455-07:00 DEBUG 19992 --- [nio-8080-exec-8] o.s.w.s.m.m.a.HttpEntityMethodProcessor  : Writing [[]]
2026-05-08T16:14:21.456-07:00 DEBUG 19992 --- [nio-8080-exec-8] o.s.web.servlet.DispatcherServlet        : Completed 200 OK
2026-05-08T16:14:25.448-07:00 DEBUG 19992 --- [nio-8080-exec-5] o.s.web.servlet.DispatcherServlet        : GET "/api/messages/conversation/5/4", parameters={}
2026-05-08T16:14:25.449-07:00 DEBUG 19992 --- [nio-8080-exec-5] s.w.s.m.m.a.RequestMappingHandlerMapping : Mapped to com.example.campconnect_backend.Controllers.MessageController#getConversation(Long, Long)
2026-05-08T16:14:25.451-07:00 DEBUG 19992 --- [nio-8080-exec-5] org.hibernate.SQL                        : 
    select
        m1_0.id,
        m1_0.content,
        m1_0.group_match_id,
        m1_0.is_read,
        m1_0.receiver_id,
        m1_0.sender_id,
        m1_0.sent_at 
    from
        messages m1_0 
    where
        (
            m1_0.sender_id=? 
            and m1_0.receiver_id=?
        ) 
        or (
            m1_0.sender_id=? 
            and m1_0.receiver_id=?
        ) 
    order by
        m1_0.sent_at
Hibernate: 
    select
        m1_0.id,
        m1_0.content,
        m1_0.group_match_id,
        m1_0.is_read,
        m1_0.receiver_id,
        m1_0.sender_id,
        m1_0.sent_at 
    from
        messages m1_0 
    where
        (
            m1_0.sender_id=? 
            and m1_0.receiver_id=?
        ) 
        or (
            m1_0.sender_id=? 
            and m1_0.receiver_id=?
        ) 
    order by
        m1_0.sent_at
2026-05-08T16:14:25.453-07:00 DEBUG 19992 --- [nio-8080-exec-5] o.s.w.s.m.m.a.HttpEntityMethodProcessor  : Using 'application/json', given [application/json, text/plain, */*] and supported [application/json, application/*+json]
2026-05-08T16:14:25.453-07:00 DEBUG 19992 --- [nio-8080-exec-5] o.s.w.s.m.m.a.HttpEntityMethodProcessor  : Writing [[]]
2026-05-08T16:14:25.454-07:00 DEBUG 19992 --- [nio-8080-exec-5] o.s.web.servlet.DispatcherServlet        : Completed 200 OK
2026-05-08T16:14:29.448-07:00 DEBUG 19992 --- [nio-8080-exec-3] o.s.web.servlet.DispatcherServlet        : GET "/api/messages/conversation/5/4", parameters={}
2026-05-08T16:14:29.459-07:00 DEBUG 19992 --- [nio-8080-exec-3] s.w.s.m.m.a.RequestMappingHandlerMapping : Mapped to com.example.campconnect_backend.Controllers.MessageController#getConversation(Long, Long)
2026-05-08T16:14:29.464-07:00 DEBUG 19992 --- [nio-8080-exec-3] org.hibernate.SQL                        : 
    select
        m1_0.id,
        m1_0.content,
        m1_0.group_match_id,
        m1_0.is_read,
        m1_0.receiver_id,
        m1_0.sender_id,
        m1_0.sent_at 
    from
        messages m1_0 
    where
        (
            m1_0.sender_id=? 
            and m1_0.receiver_id=?
        ) 
        or (
            m1_0.sender_id=? 
            and m1_0.receiver_id=?
        ) 
    order by
        m1_0.sent_at
Hibernate: 
    select
        m1_0.id,
        m1_0.content,
        m1_0.group_match_id,
        m1_0.is_read,
        m1_0.receiver_id,
        m1_0.sender_id,
        m1_0.sent_at 
    from
        messages m1_0 
    where
        (
            m1_0.sender_id=? 
            and m1_0.receiver_id=?
        ) 
        or (
            m1_0.sender_id=? 
            and m1_0.receiver_id=?
        ) 
    order by
        m1_0.sent_at
2026-05-08T16:14:29.476-07:00 DEBUG 19992 --- [nio-8080-exec-3] o.s.w.s.m.m.a.HttpEntityMethodProcessor  : Using 'application/json', given [application/json, text/plain, */*] and supported [application/json, application/*+json]
2026-05-08T16:14:29.477-07:00 DEBUG 19992 --- [nio-8080-exec-3] o.s.w.s.m.m.a.HttpEntityMethodProcessor  : Writing [[]]
2026-05-08T16:14:29.481-07:00 DEBUG 19992 --- [nio-8080-exec-3] o.s.web.servlet.DispatcherServlet        : Completed 200 OK
2026-05-08T16:14:33.910-07:00 DEBUG 19992 --- [nio-8080-exec-1] o.s.web.servlet.DispatcherServlet        : GET "/api/messages/conversation/5/4", parameters={}
2026-05-08T16:14:33.911-07:00 DEBUG 19992 --- [nio-8080-exec-1] s.w.s.m.m.a.RequestMappingHandlerMapping : Mapped to com.example.campconnect_backend.Controllers.MessageController#getConversation(Long, Long)
2026-05-08T16:14:33.913-07:00 DEBUG 19992 --- [nio-8080-exec-1] org.hibernate.SQL                        : 
    select
        m1_0.id,
        m1_0.content,
        m1_0.group_match_id,
        m1_0.is_read,
        m1_0.receiver_id,
        m1_0.sender_id,
        m1_0.sent_at 
    from
        messages m1_0 
    where
        (
            m1_0.sender_id=? 
            and m1_0.receiver_id=?
        ) 
        or (
            m1_0.sender_id=? 
            and m1_0.receiver_id=?
        ) 
    order by
        m1_0.sent_at
Hibernate: 
    select
        m1_0.id,
        m1_0.content,
        m1_0.group_match_id,
        m1_0.is_read,
        m1_0.receiver_id,
        m1_0.sender_id,
        m1_0.sent_at 
    from
        messages m1_0 
    where
        (
            m1_0.sender_id=? 
            and m1_0.receiver_id=?
        ) 
        or (
            m1_0.sender_id=? 
            and m1_0.receiver_id=?
        ) 
    order by
        m1_0.sent_at
2026-05-08T16:14:33.915-07:00 DEBUG 19992 --- [nio-8080-exec-1] o.s.w.s.m.m.a.HttpEntityMethodProcessor  : Using 'application/json', given [application/json, text/plain, */*] and supported [application/json, application/*+json]
2026-05-08T16:14:33.915-07:00 DEBUG 19992 --- [nio-8080-exec-1] o.s.w.s.m.m.a.HttpEntityMethodProcessor  : Writing [[]]
2026-05-08T16:14:33.916-07:00 DEBUG 19992 --- [nio-8080-exec-1] o.s.web.servlet.DispatcherServlet        : Completed 200 OK
2026-05-08T16:14:37.920-07:00 DEBUG 19992 --- [nio-8080-exec-2] o.s.web.servlet.DispatcherServlet        : GET "/api/messages/conversation/5/4", parameters={}
2026-05-08T16:14:37.922-07:00 DEBUG 19992 --- [nio-8080-exec-2] s.w.s.m.m.a.RequestMappingHandlerMapping : Mapped to com.example.campconnect_backend.Controllers.MessageController#getConversation(Long, Long)
2026-05-08T16:14:37.923-07:00 DEBUG 19992 --- [nio-8080-exec-2] org.hibernate.SQL                        : 
    select
        m1_0.id,
        m1_0.content,
        m1_0.group_match_id,
        m1_0.is_read,
        m1_0.receiver_id,
        m1_0.sender_id,
        m1_0.sent_at 
    from
        messages m1_0 
    where
        (
            m1_0.sender_id=? 
            and m1_0.receiver_id=?
        ) 
        or (
            m1_0.sender_id=? 
            and m1_0.receiver_id=?
        ) 
    order by
        m1_0.sent_at
Hibernate: 
    select
        m1_0.id,
        m1_0.content,
        m1_0.group_match_id,
        m1_0.is_read,
        m1_0.receiver_id,
        m1_0.sender_id,
        m1_0.sent_at 
    from
        messages m1_0 
    where
        (
            m1_0.sender_id=? 
            and m1_0.receiver_id=?
        ) 
        or (
            m1_0.sender_id=? 
            and m1_0.receiver_id=?
        ) 
    order by
        m1_0.sent_at
2026-05-08T16:14:37.925-07:00 DEBUG 19992 --- [nio-8080-exec-2] o.s.w.s.m.m.a.HttpEntityMethodProcessor  : Using 'application/json', given [application/json, text/plain, */*] and supported [application/json, application/*+json]
2026-05-08T16:14:37.926-07:00 DEBUG 19992 --- [nio-8080-exec-2] o.s.w.s.m.m.a.HttpEntityMethodProcessor  : Writing [[]]
2026-05-08T16:14:37.926-07:00 DEBUG 19992 --- [nio-8080-exec-2] o.s.web.servlet.DispatcherServlet        : Completed 200 OK
2026-05-08T16:14:41.917-07:00 DEBUG 19992 --- [nio-8080-exec-4] o.s.web.servlet.DispatcherServlet        : GET "/api/messages/conversation/5/4", parameters={}
2026-05-08T16:14:41.918-07:00 DEBUG 19992 --- [nio-8080-exec-4] s.w.s.m.m.a.RequestMappingHandlerMapping : Mapped to com.example.campconnect_backend.Controllers.MessageController#getConversation(Long, Long)
2026-05-08T16:14:41.920-07:00 DEBUG 19992 --- [nio-8080-exec-4] org.hibernate.SQL                        : 
    select
        m1_0.id,
        m1_0.content,
        m1_0.group_match_id,
        m1_0.is_read,
        m1_0.receiver_id,
        m1_0.sender_id,
        m1_0.sent_at 
    from
        messages m1_0 
    where
        (
            m1_0.sender_id=? 
            and m1_0.receiver_id=?
        ) 
        or (
            m1_0.sender_id=? 
            and m1_0.receiver_id=?
        ) 
    order by
        m1_0.sent_at
Hibernate: 
    select
        m1_0.id,
        m1_0.content,
        m1_0.group_match_id,
        m1_0.is_read,
        m1_0.receiver_id,
        m1_0.sender_id,
        m1_0.sent_at 
    from
        messages m1_0 
    where
        (
            m1_0.sender_id=? 
            and m1_0.receiver_id=?
        ) 
        or (
            m1_0.sender_id=? 
            and m1_0.receiver_id=?
        ) 
    order by
        m1_0.sent_at
2026-05-08T16:14:41.922-07:00 DEBUG 19992 --- [nio-8080-exec-4] o.s.w.s.m.m.a.HttpEntityMethodProcessor  : Using 'application/json', given [application/json, text/plain, */*] and supported [application/json, application/*+json]
2026-05-08T16:14:41.922-07:00 DEBUG 19992 --- [nio-8080-exec-4] o.s.w.s.m.m.a.HttpEntityMethodProcessor  : Writing [[]]
2026-05-08T16:14:41.923-07:00 DEBUG 19992 --- [nio-8080-exec-4] o.s.web.servlet.DispatcherServlet        : Completed 200 OK
2026-05-08T16:14:45.909-07:00 DEBUG 19992 --- [nio-8080-exec-9] o.s.web.servlet.DispatcherServlet        : GET "/api/messages/conversation/5/4", parameters={}
2026-05-08T16:14:45.909-07:00 DEBUG 19992 --- [nio-8080-exec-9] s.w.s.m.m.a.RequestMappingHandlerMapping : Mapped to com.example.campconnect_backend.Controllers.MessageController#getConversation(Long, Long)
2026-05-08T16:14:45.911-07:00 DEBUG 19992 --- [nio-8080-exec-9] org.hibernate.SQL                        : 
    select
        m1_0.id,
        m1_0.content,
        m1_0.group_match_id,
        m1_0.is_read,
        m1_0.receiver_id,
        m1_0.sender_id,
        m1_0.sent_at 
    from
        messages m1_0 
    where
        (
            m1_0.sender_id=? 
            and m1_0.receiver_id=?
        ) 
        or (
            m1_0.sender_id=? 
            and m1_0.receiver_id=?
        ) 
    order by
        m1_0.sent_at
Hibernate: 
    select
        m1_0.id,
        m1_0.content,
        m1_0.group_match_id,
        m1_0.is_read,
        m1_0.receiver_id,
        m1_0.sender_id,
        m1_0.sent_at 
    from
        messages m1_0 
    where
        (
            m1_0.sender_id=? 
            and m1_0.receiver_id=?
        ) 
        or (
            m1_0.sender_id=? 
            and m1_0.receiver_id=?
        ) 
    order by
        m1_0.sent_at
2026-05-08T16:14:45.913-07:00 DEBUG 19992 --- [nio-8080-exec-9] o.s.w.s.m.m.a.HttpEntityMethodProcessor  : Using 'application/json', given [application/json, text/plain, */*] and supported [application/json, application/*+json]
2026-05-08T16:14:45.914-07:00 DEBUG 19992 --- [nio-8080-exec-9] o.s.w.s.m.m.a.HttpEntityMethodProcessor  : Writing [[]]
2026-05-08T16:14:45.915-07:00 DEBUG 19992 --- [nio-8080-exec-9] o.s.web.servlet.DispatcherServlet        : Completed 200 OK
2026-05-08T16:14:49.914-07:00 DEBUG 19992 --- [nio-8080-exec-6] o.s.web.servlet.DispatcherServlet        : GET "/api/messages/conversation/5/4", parameters={}
2026-05-08T16:14:49.915-07:00 DEBUG 19992 --- [nio-8080-exec-6] s.w.s.m.m.a.RequestMappingHandlerMapping : Mapped to com.example.campconnect_backend.Controllers.MessageController#getConversation(Long, Long)
2026-05-08T16:14:49.916-07:00 DEBUG 19992 --- [nio-8080-exec-6] org.hibernate.SQL                        : 
    select
        m1_0.id,
        m1_0.content,
        m1_0.group_match_id,
        m1_0.is_read,
        m1_0.receiver_id,
        m1_0.sender_id,
        m1_0.sent_at 
    from
        messages m1_0 
    where
        (
            m1_0.sender_id=? 
            and m1_0.receiver_id=?
        ) 
        or (
            m1_0.sender_id=? 
            and m1_0.receiver_id=?
        ) 
    order by
        m1_0.sent_at
Hibernate: 
    select
        m1_0.id,
        m1_0.content,
        m1_0.group_match_id,
        m1_0.is_read,
        m1_0.receiver_id,
        m1_0.sender_id,
        m1_0.sent_at 
    from
        messages m1_0 
    where
        (
            m1_0.sender_id=? 
            and m1_0.receiver_id=?
        ) 
        or (
            m1_0.sender_id=? 
            and m1_0.receiver_id=?
        ) 
    order by
        m1_0.sent_at
2026-05-08T16:14:49.919-07:00 DEBUG 19992 --- [nio-8080-exec-6] o.s.w.s.m.m.a.HttpEntityMethodProcessor  : Using 'application/json', given [application/json, text/plain, */*] and supported [application/json, application/*+json]
2026-05-08T16:14:49.919-07:00 DEBUG 19992 --- [nio-8080-exec-6] o.s.w.s.m.m.a.HttpEntityMethodProcessor  : Writing [[]]
2026-05-08T16:14:49.920-07:00 DEBUG 19992 --- [nio-8080-exec-6] o.s.web.servlet.DispatcherServlet        : Completed 200 OK
2026-05-08T16:14:53.922-07:00 DEBUG 19992 --- [nio-8080-exec-7] o.s.web.servlet.DispatcherServlet        : GET "/api/messages/conversation/5/4", parameters={}
2026-05-08T16:14:53.922-07:00 DEBUG 19992 --- [nio-8080-exec-7] s.w.s.m.m.a.RequestMappingHandlerMapping : Mapped to com.example.campconnect_backend.Controllers.MessageController#getConversation(Long, Long)
2026-05-08T16:14:53.924-07:00 DEBUG 19992 --- [nio-8080-exec-7] org.hibernate.SQL                        : 
    select
        m1_0.id,
        m1_0.content,
        m1_0.group_match_id,
        m1_0.is_read,
        m1_0.receiver_id,
        m1_0.sender_id,
        m1_0.sent_at 
    from
        messages m1_0 
    where
        (
            m1_0.sender_id=? 
            and m1_0.receiver_id=?
        ) 
        or (
            m1_0.sender_id=? 
            and m1_0.receiver_id=?
        ) 
    order by
        m1_0.sent_at
Hibernate: 
    select
        m1_0.id,
        m1_0.content,
        m1_0.group_match_id,
        m1_0.is_read,
        m1_0.receiver_id,
        m1_0.sender_id,
        m1_0.sent_at 
    from
        messages m1_0 
    where
        (
            m1_0.sender_id=? 
            and m1_0.receiver_id=?
        ) 
        or (
            m1_0.sender_id=? 
            and m1_0.receiver_id=?
        ) 
    order by
        m1_0.sent_at
2026-05-08T16:14:53.927-07:00 DEBUG 19992 --- [nio-8080-exec-7] o.s.w.s.m.m.a.HttpEntityMethodProcessor  : Using 'application/json', given [application/json, text/plain, */*] and supported [application/json, application/*+json]
2026-05-08T16:14:53.927-07:00 DEBUG 19992 --- [nio-8080-exec-7] o.s.w.s.m.m.a.HttpEntityMethodProcessor  : Writing [[]]
2026-05-08T16:14:53.928-07:00 DEBUG 19992 --- [nio-8080-exec-7] o.s.web.servlet.DispatcherServlet        : Completed 200 OK
2026-05-08T16:14:57.919-07:00 DEBUG 19992 --- [nio-8080-exec-8] o.s.web.servlet.DispatcherServlet        : GET "/api/messages/conversation/5/4", parameters={}
2026-05-08T16:14:57.920-07:00 DEBUG 19992 --- [nio-8080-exec-8] s.w.s.m.m.a.RequestMappingHandlerMapping : Mapped to com.example.campconnect_backend.Controllers.MessageController#getConversation(Long, Long)
2026-05-08T16:14:57.922-07:00 DEBUG 19992 --- [nio-8080-exec-8] org.hibernate.SQL                        : 
    select
        m1_0.id,
        m1_0.content,
        m1_0.group_match_id,
        m1_0.is_read,
        m1_0.receiver_id,
        m1_0.sender_id,
        m1_0.sent_at 
    from
        messages m1_0 
    where
        (
            m1_0.sender_id=? 
            and m1_0.receiver_id=?
        ) 
        or (
            m1_0.sender_id=? 
            and m1_0.receiver_id=?
        ) 
    order by
        m1_0.sent_at
Hibernate: 
    select
        m1_0.id,
        m1_0.content,
        m1_0.group_match_id,
        m1_0.is_read,
        m1_0.receiver_id,
        m1_0.sender_id,
        m1_0.sent_at 
    from
        messages m1_0 
    where
        (
            m1_0.sender_id=? 
            and m1_0.receiver_id=?
        ) 
        or (
            m1_0.sender_id=? 
            and m1_0.receiver_id=?
        ) 
    order by
        m1_0.sent_at
2026-05-08T16:14:57.925-07:00 DEBUG 19992 --- [nio-8080-exec-8] o.s.w.s.m.m.a.HttpEntityMethodProcessor  : Using 'application/json', given [application/json, text/plain, */*] and supported [application/json, application/*+json]
2026-05-08T16:14:57.931-07:00 DEBUG 19992 --- [nio-8080-exec-8] o.s.w.s.m.m.a.HttpEntityMethodProcessor  : Writing [[]]
2026-05-08T16:14:57.932-07:00 DEBUG 19992 --- [nio-8080-exec-8] o.s.web.servlet.DispatcherServlet        : Completed 200 OK
2026-05-08T16:15:01.918-07:00 DEBUG 19992 --- [nio-8080-exec-5] o.s.web.servlet.DispatcherServlet        : GET "/api/messages/conversation/5/4", parameters={}
2026-05-08T16:15:01.919-07:00 DEBUG 19992 --- [nio-8080-exec-5] s.w.s.m.m.a.RequestMappingHandlerMapping : Mapped to com.example.campconnect_backend.Controllers.MessageController#getConversation(Long, Long)
2026-05-08T16:15:01.921-07:00 DEBUG 19992 --- [nio-8080-exec-5] org.hibernate.SQL                        : 
    select
        m1_0.id,
        m1_0.content,
        m1_0.group_match_id,
        m1_0.is_read,
        m1_0.receiver_id,
        m1_0.sender_id,
        m1_0.sent_at 
    from
        messages m1_0 
    where
        (
            m1_0.sender_id=? 
            and m1_0.receiver_id=?
        ) 
        or (
            m1_0.sender_id=? 
            and m1_0.receiver_id=?
        ) 
    order by
        m1_0.sent_at
Hibernate: 
    select
        m1_0.id,
        m1_0.content,
        m1_0.group_match_id,
        m1_0.is_read,
        m1_0.receiver_id,
        m1_0.sender_id,
        m1_0.sent_at 
    from
        messages m1_0 
    where
        (
            m1_0.sender_id=? 
            and m1_0.receiver_id=?
        ) 
        or (
            m1_0.sender_id=? 
            and m1_0.receiver_id=?
        ) 
    order by
        m1_0.sent_at
2026-05-08T16:15:01.923-07:00 DEBUG 19992 --- [nio-8080-exec-5] o.s.w.s.m.m.a.HttpEntityMethodProcessor  : Using 'application/json', given [application/json, text/plain, */*] and supported [application/json, application/*+json]
2026-05-08T16:15:01.923-07:00 DEBUG 19992 --- [nio-8080-exec-5] o.s.w.s.m.m.a.HttpEntityMethodProcessor  : Writing [[]]
2026-05-08T16:15:01.924-07:00 DEBUG 19992 --- [nio-8080-exec-5] o.s.web.servlet.DispatcherServlet        : Completed 200 OK
2026-05-08T16:15:05.914-07:00 DEBUG 19992 --- [io-8080-exec-10] o.s.web.servlet.DispatcherServlet        : GET "/api/messages/conversation/5/4", parameters={}
2026-05-08T16:15:05.915-07:00 DEBUG 19992 --- [io-8080-exec-10] s.w.s.m.m.a.RequestMappingHandlerMapping : Mapped to com.example.campconnect_backend.Controllers.MessageController#getConversation(Long, Long)
2026-05-08T16:15:05.916-07:00 DEBUG 19992 --- [io-8080-exec-10] org.hibernate.SQL                        : 
    select
        m1_0.id,
        m1_0.content,
        m1_0.group_match_id,
        m1_0.is_read,
        m1_0.receiver_id,
        m1_0.sender_id,
        m1_0.sent_at 
    from
        messages m1_0 
    where
        (
            m1_0.sender_id=? 
            and m1_0.receiver_id=?
        ) 
        or (
            m1_0.sender_id=? 
            and m1_0.receiver_id=?
        ) 
    order by
        m1_0.sent_at
Hibernate: 
    select
        m1_0.id,
        m1_0.content,
        m1_0.group_match_id,
        m1_0.is_read,
        m1_0.receiver_id,
        m1_0.sender_id,
        m1_0.sent_at 
    from
        messages m1_0 
    where
        (
            m1_0.sender_id=? 
            and m1_0.receiver_id=?
        ) 
        or (
            m1_0.sender_id=? 
            and m1_0.receiver_id=?
        ) 
    order by
        m1_0.sent_at
2026-05-08T16:15:05.918-07:00 DEBUG 19992 --- [io-8080-exec-10] o.s.w.s.m.m.a.HttpEntityMethodProcessor  : Using 'application/json', given [application/json, text/plain, */*] and supported [application/json, application/*+json]
2026-05-08T16:15:05.919-07:00 DEBUG 19992 --- [io-8080-exec-10] o.s.w.s.m.m.a.HttpEntityMethodProcessor  : Writing [[]]
2026-05-08T16:15:05.920-07:00 DEBUG 19992 --- [io-8080-exec-10] o.s.web.servlet.DispatcherServlet        : Completed 200 OK
2026-05-08T16:15:09.909-07:00 DEBUG 19992 --- [nio-8080-exec-3] o.s.web.servlet.DispatcherServlet        : GET "/api/messages/conversation/5/4", parameters={}
2026-05-08T16:15:09.909-07:00 DEBUG 19992 --- [nio-8080-exec-3] s.w.s.m.m.a.RequestMappingHandlerMapping : Mapped to com.example.campconnect_backend.Controllers.MessageController#getConversation(Long, Long)
2026-05-08T16:15:09.914-07:00 DEBUG 19992 --- [nio-8080-exec-3] org.hibernate.SQL                        : 
    select
        m1_0.id,
        m1_0.content,
        m1_0.group_match_id,
        m1_0.is_read,
        m1_0.receiver_id,
        m1_0.sender_id,
        m1_0.sent_at 
    from
        messages m1_0 
    where
        (
            m1_0.sender_id=? 
            and m1_0.receiver_id=?
        ) 
        or (
            m1_0.sender_id=? 
            and m1_0.receiver_id=?
        ) 
    order by
        m1_0.sent_at
Hibernate: 
    select
        m1_0.id,
        m1_0.content,
        m1_0.group_match_id,
        m1_0.is_read,
        m1_0.receiver_id,
        m1_0.sender_id,
        m1_0.sent_at 
    from
        messages m1_0 
    where
        (
            m1_0.sender_id=? 
            and m1_0.receiver_id=?
        ) 
        or (
            m1_0.sender_id=? 
            and m1_0.receiver_id=?
        ) 
    order by
        m1_0.sent_at
2026-05-08T16:15:09.917-07:00 DEBUG 19992 --- [nio-8080-exec-3] o.s.w.s.m.m.a.HttpEntityMethodProcessor  : Using 'application/json', given [application/json, text/plain, */*] and supported [application/json, application/*+json]
2026-05-08T16:15:09.917-07:00 DEBUG 19992 --- [nio-8080-exec-3] o.s.w.s.m.m.a.HttpEntityMethodProcessor  : Writing [[]]
2026-05-08T16:15:09.918-07:00 DEBUG 19992 --- [nio-8080-exec-3] o.s.web.servlet.DispatcherServlet        : Completed 200 OK
2026-05-08T16:15:13.914-07:00 DEBUG 19992 --- [nio-8080-exec-1] o.s.web.servlet.DispatcherServlet        : GET "/api/messages/conversation/5/4", parameters={}
2026-05-08T16:15:13.915-07:00 DEBUG 19992 --- [nio-8080-exec-1] s.w.s.m.m.a.RequestMappingHandlerMapping : Mapped to com.example.campconnect_backend.Controllers.MessageController#getConversation(Long, Long)
2026-05-08T16:15:13.916-07:00 DEBUG 19992 --- [nio-8080-exec-1] org.hibernate.SQL                        : 
    select
        m1_0.id,
        m1_0.content,
        m1_0.group_match_id,
        m1_0.is_read,
        m1_0.receiver_id,
        m1_0.sender_id,
        m1_0.sent_at 
    from
        messages m1_0 
    where
        (
            m1_0.sender_id=? 
            and m1_0.receiver_id=?
        ) 
        or (
            m1_0.sender_id=? 
            and m1_0.receiver_id=?
        ) 
    order by
        m1_0.sent_at
Hibernate: 
    select
        m1_0.id,
        m1_0.content,
        m1_0.group_match_id,
        m1_0.is_read,
        m1_0.receiver_id,
        m1_0.sender_id,
        m1_0.sent_at 
    from
        messages m1_0 
    where
        (
            m1_0.sender_id=? 
            and m1_0.receiver_id=?
        ) 
        or (
            m1_0.sender_id=? 
            and m1_0.receiver_id=?
        ) 
    order by
        m1_0.sent_at
2026-05-08T16:15:13.922-07:00 DEBUG 19992 --- [nio-8080-exec-1] o.s.w.s.m.m.a.HttpEntityMethodProcessor  : Using 'application/json', given [application/json, text/plain, */*] and supported [application/json, application/*+json]
2026-05-08T16:15:13.922-07:00 DEBUG 19992 --- [nio-8080-exec-1] o.s.w.s.m.m.a.HttpEntityMethodProcessor  : Writing [[]]
2026-05-08T16:15:13.923-07:00 DEBUG 19992 --- [nio-8080-exec-1] o.s.web.servlet.DispatcherServlet        : Completed 200 OK
2026-05-08T16:15:17.913-07:00 DEBUG 19992 --- [nio-8080-exec-2] o.s.web.servlet.DispatcherServlet        : GET "/api/messages/conversation/5/4", parameters={}
2026-05-08T16:15:17.914-07:00 DEBUG 19992 --- [nio-8080-exec-2] s.w.s.m.m.a.RequestMappingHandlerMapping : Mapped to com.example.campconnect_backend.Controllers.MessageController#getConversation(Long, Long)
2026-05-08T16:15:17.916-07:00 DEBUG 19992 --- [nio-8080-exec-2] org.hibernate.SQL                        : 
    select
        m1_0.id,
        m1_0.content,
        m1_0.group_match_id,
        m1_0.is_read,
        m1_0.receiver_id,
        m1_0.sender_id,
        m1_0.sent_at 
    from
        messages m1_0 
    where
        (
            m1_0.sender_id=? 
            and m1_0.receiver_id=?
        ) 
        or (
            m1_0.sender_id=? 
            and m1_0.receiver_id=?
        ) 
    order by
        m1_0.sent_at
Hibernate: 
    select
        m1_0.id,
        m1_0.content,
        m1_0.group_match_id,
        m1_0.is_read,
        m1_0.receiver_id,
        m1_0.sender_id,
        m1_0.sent_at 
    from
        messages m1_0 
    where
        (
            m1_0.sender_id=? 
            and m1_0.receiver_id=?
        ) 
        or (
            m1_0.sender_id=? 
            and m1_0.receiver_id=?
        ) 
    order by
        m1_0.sent_at
2026-05-08T16:15:17.920-07:00 DEBUG 19992 --- [nio-8080-exec-2] o.s.w.s.m.m.a.HttpEntityMethodProcessor  : Using 'application/json', given [application/json, text/plain, */*] and supported [application/json, application/*+json]
2026-05-08T16:15:17.921-07:00 DEBUG 19992 --- [nio-8080-exec-2] o.s.w.s.m.m.a.HttpEntityMethodProcessor  : Writing [[]]
2026-05-08T16:15:17.922-07:00 DEBUG 19992 --- [nio-8080-exec-2] o.s.web.servlet.DispatcherServlet        : Completed 200 OK
2026-05-08T16:15:21.911-07:00 DEBUG 19992 --- [nio-8080-exec-4] o.s.web.servlet.DispatcherServlet        : GET "/api/messages/conversation/5/4", parameters={}
2026-05-08T16:15:21.911-07:00 DEBUG 19992 --- [nio-8080-exec-4] s.w.s.m.m.a.RequestMappingHandlerMapping : Mapped to com.example.campconnect_backend.Controllers.MessageController#getConversation(Long, Long)
2026-05-08T16:15:21.913-07:00 DEBUG 19992 --- [nio-8080-exec-4] org.hibernate.SQL                        : 
    select
        m1_0.id,
        m1_0.content,
        m1_0.group_match_id,
        m1_0.is_read,
        m1_0.receiver_id,
        m1_0.sender_id,
        m1_0.sent_at 
    from
        messages m1_0 
    where
        (
            m1_0.sender_id=? 
            and m1_0.receiver_id=?
        ) 
        or (
            m1_0.sender_id=? 
            and m1_0.receiver_id=?
        ) 
    order by
        m1_0.sent_at
Hibernate: 
    select
        m1_0.id,
        m1_0.content,
        m1_0.group_match_id,
        m1_0.is_read,
        m1_0.receiver_id,
        m1_0.sender_id,
        m1_0.sent_at 
    from
        messages m1_0 
    where
        (
            m1_0.sender_id=? 
            and m1_0.receiver_id=?
        ) 
        or (
            m1_0.sender_id=? 
            and m1_0.receiver_id=?
        ) 
    order by
        m1_0.sent_at
2026-05-08T16:15:21.915-07:00 DEBUG 19992 --- [nio-8080-exec-4] o.s.w.s.m.m.a.HttpEntityMethodProcessor  : Using 'application/json', given [application/json, text/plain, */*] and supported [application/json, application/*+json]
2026-05-08T16:15:21.916-07:00 DEBUG 19992 --- [nio-8080-exec-4] o.s.w.s.m.m.a.HttpEntityMethodProcessor  : Writing [[]]
2026-05-08T16:15:21.917-07:00 DEBUG 19992 --- [nio-8080-exec-4] o.s.web.servlet.DispatcherServlet        : Completed 200 OK
2026-05-08T16:15:25.922-07:00 DEBUG 19992 --- [nio-8080-exec-9] o.s.web.servlet.DispatcherServlet        : GET "/api/messages/conversation/5/4", parameters={}
2026-05-08T16:15:25.923-07:00 DEBUG 19992 --- [nio-8080-exec-9] s.w.s.m.m.a.RequestMappingHandlerMapping : Mapped to com.example.campconnect_backend.Controllers.MessageController#getConversation(Long, Long)
2026-05-08T16:15:25.924-07:00 DEBUG 19992 --- [nio-8080-exec-9] org.hibernate.SQL                        : 
    select
        m1_0.id,
        m1_0.content,
        m1_0.group_match_id,
        m1_0.is_read,
        m1_0.receiver_id,
        m1_0.sender_id,
        m1_0.sent_at 
    from
        messages m1_0 
    where
        (
            m1_0.sender_id=? 
            and m1_0.receiver_id=?
        ) 
        or (
            m1_0.sender_id=? 
            and m1_0.receiver_id=?
        ) 
    order by
        m1_0.sent_at
Hibernate: 
    select
        m1_0.id,
        m1_0.content,
        m1_0.group_match_id,
        m1_0.is_read,
        m1_0.receiver_id,
        m1_0.sender_id,
        m1_0.sent_at 
    from
        messages m1_0 
    where
        (
            m1_0.sender_id=? 
            and m1_0.receiver_id=?
        ) 
        or (
            m1_0.sender_id=? 
            and m1_0.receiver_id=?
        ) 
    order by
        m1_0.sent_at
2026-05-08T16:15:25.926-07:00 DEBUG 19992 --- [nio-8080-exec-9] o.s.w.s.m.m.a.HttpEntityMethodProcessor  : Using 'application/json', given [application/json, text/plain, */*] and supported [application/json, application/*+json]
2026-05-08T16:15:25.927-07:00 DEBUG 19992 --- [nio-8080-exec-9] o.s.w.s.m.m.a.HttpEntityMethodProcessor  : Writing [[]]
2026-05-08T16:15:25.928-07:00 DEBUG 19992 --- [nio-8080-exec-9] o.s.web.servlet.DispatcherServlet        : Completed 200 OK
2026-05-08T16:15:44.918-07:00 DEBUG 19992 --- [nio-8080-exec-6] o.s.web.servlet.DispatcherServlet        : GET "/api/messages/conversation/5/4", parameters={}
2026-05-08T16:15:44.918-07:00 DEBUG 19992 --- [nio-8080-exec-6] s.w.s.m.m.a.RequestMappingHandlerMapping : Mapped to com.example.campconnect_backend.Controllers.MessageController#getConversation(Long, Long)
2026-05-08T16:15:44.921-07:00 DEBUG 19992 --- [nio-8080-exec-6] org.hibernate.SQL                        : 
    select
        m1_0.id,
        m1_0.content,
        m1_0.group_match_id,
        m1_0.is_read,
        m1_0.receiver_id,
        m1_0.sender_id,
        m1_0.sent_at 
    from
        messages m1_0 
    where
        (
            m1_0.sender_id=? 
            and m1_0.receiver_id=?
        ) 
        or (
            m1_0.sender_id=? 
            and m1_0.receiver_id=?
        ) 
    order by
        m1_0.sent_at
Hibernate: 
    select
        m1_0.id,
        m1_0.content,
        m1_0.group_match_id,
        m1_0.is_read,
        m1_0.receiver_id,
        m1_0.sender_id,
        m1_0.sent_at 
    from
        messages m1_0 
    where
        (
            m1_0.sender_id=? 
            and m1_0.receiver_id=?
        ) 
        or (
            m1_0.sender_id=? 
            and m1_0.receiver_id=?
        ) 
    order by
        m1_0.sent_at
2026-05-08T16:15:44.923-07:00 DEBUG 19992 --- [nio-8080-exec-6] o.s.w.s.m.m.a.HttpEntityMethodProcessor  : Using 'application/json', given [application/json, text/plain, */*] and supported [application/json, application/*+json]
2026-05-08T16:15:44.924-07:00 DEBUG 19992 --- [nio-8080-exec-6] o.s.w.s.m.m.a.HttpEntityMethodProcessor  : Writing [[]]
2026-05-08T16:15:44.925-07:00 DEBUG 19992 --- [nio-8080-exec-6] o.s.web.servlet.DispatcherServlet        : Completed 200 OK
2026-05-08T16:16:44.923-07:00 DEBUG 19992 --- [nio-8080-exec-7] o.s.web.servlet.DispatcherServlet        : GET "/api/messages/conversation/5/4", parameters={}
2026-05-08T16:16:44.924-07:00 DEBUG 19992 --- [nio-8080-exec-7] s.w.s.m.m.a.RequestMappingHandlerMapping : Mapped to com.example.campconnect_backend.Controllers.MessageController#getConversation(Long, Long)
2026-05-08T16:16:44.927-07:00 DEBUG 19992 --- [nio-8080-exec-7] org.hibernate.SQL                        : 
    select
        m1_0.id,
        m1_0.content,
        m1_0.group_match_id,
        m1_0.is_read,
        m1_0.receiver_id,
        m1_0.sender_id,
        m1_0.sent_at 
    from
        messages m1_0 
    where
        (
            m1_0.sender_id=? 
            and m1_0.receiver_id=?
        ) 
        or (
            m1_0.sender_id=? 
            and m1_0.receiver_id=?
        ) 
    order by
        m1_0.sent_at
Hibernate: 
    select
        m1_0.id,
        m1_0.content,
        m1_0.group_match_id,
        m1_0.is_read,
        m1_0.receiver_id,
        m1_0.sender_id,
        m1_0.sent_at 
    from
        messages m1_0 
    where
        (
            m1_0.sender_id=? 
            and m1_0.receiver_id=?
        ) 
        or (
            m1_0.sender_id=? 
            and m1_0.receiver_id=?
        ) 
    order by
        m1_0.sent_at
2026-05-08T16:16:44.930-07:00 DEBUG 19992 --- [nio-8080-exec-7] o.s.w.s.m.m.a.HttpEntityMethodProcessor  : Using 'application/json', given [application/json, text/plain, */*] and supported [application/json, application/*+json]
2026-05-08T16:16:44.931-07:00 DEBUG 19992 --- [nio-8080-exec-7] o.s.w.s.m.m.a.HttpEntityMethodProcessor  : Writing [[]]
2026-05-08T16:16:44.932-07:00 DEBUG 19992 --- [nio-8080-exec-7] o.s.web.servlet.DispatcherServlet        : Completed 200 OK
